"accession","experiment","validation_group","validation_scope","perturbation","n_seeds_present","concordance_score_n","concordance_score_mean","concordance_score_sd","concordance_score_se","concordance_score_ci_low","concordance_score_ci_high","concordance_score_min","concordance_score_max","weighted_concordance_score_n","weighted_concordance_score_mean","weighted_concordance_score_sd","weighted_concordance_score_se","weighted_concordance_score_ci_low","weighted_concordance_score_ci_high","weighted_concordance_score_min","weighted_concordance_score_max","spearman_rank_correlation_n","spearman_rank_correlation_mean","spearman_rank_correlation_sd","spearman_rank_correlation_se","spearman_rank_correlation_ci_low","spearman_rank_correlation_ci_high","spearman_rank_correlation_min","spearman_rank_correlation_max","nodes_compared_n","nodes_compared_mean","nodes_compared_sd","nodes_compared_se","nodes_compared_ci_low","nodes_compared_ci_high","nodes_compared_min","nodes_compared_max","node_coverage_n","node_coverage_mean","node_coverage_sd","node_coverage_se","node_coverage_ci_low","node_coverage_ci_high","node_coverage_min","node_coverage_max","n_cells_n","n_cells_mean","n_cells_sd","n_cells_se","n_cells_ci_low","n_cells_ci_high","n_cells_min","n_cells_max"
"GSE125449","GSE125449_Set1","Set1","tumour-cell-intrinsic observational concordance","BCL2 KO",5,5,0.844168746656849,0.0149752596238467,0.00669713969992582,0.825574505918164,0.862762987395533,0.820069514174251,0.861319514174251,5,0.792796852265338,0.0131964048966579,0.00590161168150764,0.776411351399438,0.809182353131239,0.770744826621182,0.806271142410656,5,0,0.340476293082873,0.152265627212089,-0.422757155362877,0.422757155362877,-0.340476293082873,0.340476293082873,5,15,0,0,15,15,15,15,5,0.9375,0,0,0.9375,0.9375,0.9375,0.9375,5,702,0,0,702,702,702,702
"GSE125449","GSE125449_Set1","Set1","tumour-cell-intrinsic observational concordance","CASP3 KO",5,5,0.847569514174251,0.0125519752761602,0.0056134139938782,0.831984178367499,0.863154849981003,0.829236180840917,0.861319514174251,5,0.789641261811876,0.0104599793968001,0.00467784499489845,0.776653481972916,0.802629041650836,0.774363484034098,0.801099595145209,5,-0.254639389844717,0.142347746360464,0.0636598474611792,-0.431387461725946,-0.0778913179634876,-0.318299237305896,0,5,15,0,0,15,15,15,15,5,0.9375,0,0,0.9375,0.9375,0.9375,0.9375,5,702,0,0,702,702,702,702
"GSE125449","GSE125449_Set1","Set1","tumour-cell-intrinsic observational concordance","GSDME KO",5,5,0.869702463748883,0.0278501797457976,0.0124549790194383,0.835121898215022,0.904283029282743,0.824652847507584,0.894652847507584,5,0.808085386457402,0.0232084831214983,0.0103791491828653,0.779268248512518,0.836902524402287,0.770544039589653,0.828877372922987,5,-0.122975573306508,0.325807363716166,0.145705482567869,-0.527518847182551,0.281567700569535,-0.343822313708195,0.379761928381526,5,15,0,0,15,15,15,15,5,0.9375,0,0,0.9375,0.9375,0.9375,0.9375,5,702,0,0,702,702,702,702
"GSE125449","GSE125449_Set1","Set1","tumour-cell-intrinsic observational concordance","MALAT1 KO",5,5,0.460559108000041,0,0,0.460559108000041,0.460559108000041,0.460559108000041,0.460559108000041,5,0.400242078452262,0,0,0.400242078452262,0.400242078452262,0.400242078452262,0.400242078452262,5,-0.412532230339542,0,0,-0.412532230339542,-0.412532230339542,-0.412532230339542,-0.412532230339542,5,15,0,0,15,15,15,15,5,0.9375,0,0,0.9375,0.9375,0.9375,0.9375,5,702,0,0,702,702,702,702
"GSE125449","GSE125449_Set1","Set1","tumour-cell-intrinsic observational concordance","MALAT1 OE",5,5,0.539440891999959,0,0,0.539440891999959,0.539440891999959,0.539440891999959,0.539440891999959,5,0.599757921547738,0,0,0.599757921547738,0.599757921547738,0.599757921547738,0.599757921547738,5,0.386685035210436,0,0,0.386685035210436,0.386685035210436,0.386685035210436,0.386685035210436,5,15,0,0,15,15,15,15,5,0.9375,0,0,0.9375,0.9375,0.9375,0.9375,5,702,0,0,702,702,702,702
"GSE125449","GSE125449_Set1","Set1","tumour-cell-intrinsic observational concordance","miR-204-5p KO",5,5,0.539440891999959,0,0,0.539440891999959,0.539440891999959,0.539440891999959,0.539440891999959,5,0.536975836249961,0,0,0.536975836249961,0.536975836249961,0.536975836249961,0.536975836249961,5,0.386685035210436,0,0,0.386685035210436,0.386685035210436,0.386685035210436,0.386685035210436,5,15,0,0,15,15,15,15,5,0.9375,0,0,0.9375,0.9375,0.9375,0.9375,5,702,0,0,702,702,702,702
"GSE125449","GSE125449_Set1","Set1","tumour-cell-intrinsic observational concordance","miR-204-5p OE",5,5,0.460559108000041,0,0,0.460559108000041,0.460559108000041,0.460559108000041,0.460559108000041,5,0.463024163750039,0,0,0.463024163750039,0.463024163750039,0.463024163750039,0.463024163750039,5,-0.412532230339542,0,0,-0.412532230339542,-0.412532230339542,-0.412532230339542,-0.412532230339542,5,15,0,0,15,15,15,15,5,0.9375,0,0,0.9375,0.9375,0.9375,0.9375,5,702,0,0,702,702,702,702
"GSE125449","GSE125449_Set1","Set1","tumour-cell-intrinsic observational concordance","Reference: DDR ON, GSDME ON",5,5,0.876152847507584,0.0220510770712,0.00986154146165801,0.848772818986658,0.903532876028509,0.849652847507584,0.894652847507584,5,0.81346070625632,0.0183758975593333,0.00821795121804833,0.790644015822216,0.836277396690425,0.791377372922987,0.828877372922987,5,-0.0217412751114359,0.361890395970962,0.161842305159077,-0.471087551084284,0.427605000861412,-0.379761928381526,0.343822313708195,5,15,0,0,15,15,15,15,5,0.9375,0,0,0.9375,0.9375,0.9375,0.9375,5,702,0,0,702,702,702,702
"GSE125449","GSE125449_Set1","Set1","tumour-cell-intrinsic observational concordance","SIRT1 KO",5,5,0.460559108000041,0,0,0.460559108000041,0.460559108000041,0.460559108000041,0.460559108000041,5,0.470419331000031,0,0,0.470419331000031,0.470419331000031,0.470419331000031,0.470419331000031,5,-0.412532230339542,0,0,-0.412532230339542,-0.412532230339542,-0.412532230339542,-0.412532230339542,5,15,0,0,15,15,15,15,5,0.9375,0,0,0.9375,0.9375,0.9375,0.9375,5,702,0,0,702,702,702,702
"GSE125449","GSE125449_Set1","Set1","tumour-cell-intrinsic observational concordance","SIRT1 OE",5,5,0.539440891999959,0,0,0.539440891999959,0.539440891999959,0.539440891999959,0.539440891999959,5,0.529580668999969,0,0,0.529580668999969,0.529580668999969,0.529580668999969,0.529580668999969,5,0.386685035210436,0,0,0.386685035210436,0.386685035210436,0.386685035210436,0.386685035210436,5,15,0,0,15,15,15,15,5,0.9375,0,0,0.9375,0.9375,0.9375,0.9375,5,702,0,0,702,702,702,702
"GSE125449","GSE125449_Set2","Set2","tumour-cell-intrinsic observational concordance","BCL2 KO",5,5,0.86115986896124,0.0148878365103764,0.006658042895021,0.842674178355162,0.879645559567318,0.838321146676372,0.879571146676372,5,0.809763306623703,0.0128294688391837,0.00573751288792603,0.793833417050011,0.825693196197394,0.790281113542332,0.825807429331805,5,0,0.27921412270118,0.124868351727561,-0.346690123948104,0.346690123948104,-0.27921412270118,0.27921412270118,5,15,0,0,15,15,15,15,5,0.9375,0,0,0.9375,0.9375,0.9375,0.9375,5,1290,0,0,1290,1290,1290,1290
"GSE125449","GSE125449_Set2","Set2","tumour-cell-intrinsic observational concordance","CASP3 KO",5,5,0.865821146676372,0.01255197527616,0.00561341399387808,0.850235810869621,0.881406482483124,0.847487813343039,0.879571146676372,5,0.804850955563643,0.0104599793967999,0.00467784499489837,0.791863175724684,0.817838735402603,0.789573177785866,0.816309288896977,5,-0.206313666224551,0.115332845591325,0.0515784165561378,-0.349518308405693,-0.0631090240434096,-0.257892082780689,0,5,15,0,0,15,15,15,15,5,0.9375,0,0,0.9375,0.9375,0.9375,0.9375,5,1290,0,0,1290,1290,1290,1290
"GSE125449","GSE125449_Set2","Set2","tumour-cell-intrinsic observational concordance","GSDME KO",5,5,0.887323841152139,0.0277385601950607,0.0124050612388251,0.852881869595924,0.921765812708354,0.842904480009705,0.912904480009705,5,0.822769867626783,0.0231154668292174,0.0103375510323543,0.794068224663271,0.851471510590296,0.785753733341421,0.844087066674755,5,-0.0961406610170883,0.265825777495842,0.118880901730487,-0.426206958728199,0.233925636694022,-0.276735032984645,0.312674647657976,5,15,0,0,15,15,15,15,5,0.9375,0,0,0.9375,0.9375,0.9375,0.9375,5,1290,0,0,1290,1290,1290,1290
"GSE125449","GSE125449_Set2","Set2","tumour-cell-intrinsic observational concordance","MALAT1 KO",5,5,0.480406876265311,0,0,0.480406876265311,0.480406876265311,0.480406876265311,0.480406876265311,5,0.467191622154591,0,0,0.467191622154591,0.467191622154591,0.467191622154591,0.467191622154591,5,-0.337526370277807,0,0,-0.337526370277807,-0.337526370277807,-0.337526370277807,-0.337526370277807,5,15,0,0,15,15,15,15,5,0.9375,0,0,0.9375,0.9375,0.9375,0.9375,5,1290,0,0,1290,1290,1290,1290
"GSE125449","GSE125449_Set2","Set2","tumour-cell-intrinsic observational concordance","MALAT1 OE",5,5,0.519593123734689,0,0,0.519593123734689,0.519593123734689,0.519593123734689,0.519593123734689,5,0.532808377845409,0,0,0.532808377845409,0.532808377845409,0.532808377845409,0.532808377845409,5,0.313030742789401,0,0,0.313030742789401,0.313030742789401,0.313030742789401,0.313030742789401,5,15,0,0,15,15,15,15,5,0.9375,0,0,0.9375,0.9375,0.9375,0.9375,5,1290,0,0,1290,1290,1290,1290
"GSE125449","GSE125449_Set2","Set2","tumour-cell-intrinsic observational concordance","miR-204-5p KO",5,5,0.519593123734689,0,0,0.519593123734689,0.519593123734689,0.519593123734689,0.519593123734689,5,0.518368553501271,0,0,0.518368553501271,0.518368553501271,0.518368553501271,0.518368553501271,5,0.313030742789401,0,0,0.313030742789401,0.313030742789401,0.313030742789401,0.313030742789401,5,15,0,0,15,15,15,15,5,0.9375,0,0,0.9375,0.9375,0.9375,0.9375,5,1290,0,0,1290,1290,1290,1290
"GSE125449","GSE125449_Set2","Set2","tumour-cell-intrinsic observational concordance","miR-204-5p OE",5,5,0.480406876265311,0,0,0.480406876265311,0.480406876265311,0.480406876265311,0.480406876265311,5,0.481631446498729,0,0,0.481631446498729,0.481631446498729,0.481631446498729,0.481631446498729,5,-0.337526370277807,0,0,-0.337526370277807,-0.337526370277807,-0.337526370277807,-0.337526370277807,5,15,0,0,15,15,15,15,5,0.9375,0,0,0.9375,0.9375,0.9375,0.9375,5,1290,0,0,1290,1290,1290,1290
"GSE125449","GSE125449_Set2","Set2","tumour-cell-intrinsic observational concordance","Reference: DDR ON, GSDME ON",5,5,0.894076535627907,0.0217937225229077,0.00974644900879795,0.86701605498437,0.921137016271444,0.867904480009705,0.912904480009705,5,0.828397113023256,0.0181614354357567,0.00812204084066511,0.805846712486975,0.850947513559537,0.806587066674754,0.844087066674755,5,-0.0217412751114359,0.294825478469365,0.13184996227128,-0.387815457480045,0.344332907257173,-0.312674647657976,0.276735032984645,5,15,0,0,15,15,15,15,5,0.9375,0,0,0.9375,0.9375,0.9375,0.9375,5,1290,0,0,1290,1290,1290,1290
"GSE125449","GSE125449_Set2","Set2","tumour-cell-intrinsic observational concordance","SIRT1 KO",5,5,0.480406876265311,0,0,0.480406876265311,0.480406876265311,0.480406876265311,0.480406876265311,5,0.485305157198983,0,0,0.485305157198983,0.485305157198983,0.485305157198983,0.485305157198983,5,-0.337526370277807,0,0,-0.337526370277807,-0.337526370277807,-0.337526370277807,-0.337526370277807,5,15,0,0,15,15,15,15,5,0.9375,0,0,0.9375,0.9375,0.9375,0.9375,5,1290,0,0,1290,1290,1290,1290
"GSE125449","GSE125449_Set2","Set2","tumour-cell-intrinsic observational concordance","SIRT1 OE",5,5,0.519593123734689,0,0,0.519593123734689,0.519593123734689,0.519593123734689,0.519593123734689,5,0.514694842801017,0,0,0.514694842801017,0.514694842801017,0.514694842801017,0.514694842801017,5,0.313030742789401,0,0,0.313030742789401,0.313030742789401,0.313030742789401,0.313030742789401,5,15,0,0,15,15,15,15,5,0.9375,0,0,0.9375,0.9375,0.9375,0.9375,5,1290,0,0,1290,1290,1290,1290
"GSE140228","GSE140228_Droplet","Ascites","CD45+ immune-microenvironment observational support only","BCL2 KO",5,5,0.854963588172838,0.022735125063933,0.0101674570239827,0.826734201886293,0.883192974459384,0.81718607681473,0.877939974278422,5,0.807604226244937,0.0189434073475214,0.00847174931090538,0.784082879338211,0.831125573151663,0.775796015390613,0.826485002406997,5,0.0294761054283198,0.198465282019488,0.0887563723538484,-0.216951090148635,0.275903301005275,-0.227637762532112,0.227637762532112,5,16,0,0,16,16,16,16,5,1,0,0,1,1,1,1,5,401.4,6.42650760522385,2.87402157263998,393.420436872411,409.379563127589,394,411
"GSE140228","GSE140228_Droplet","Ascites","CD45+ immune-microenvironment observational support only","CASP3 KO",5,5,0.859297496306761,0.0134619010791095,0.0060203451838533,0.84258233838945,0.876012654224071,0.845127474278422,0.87872346739561,5,0.802566312679378,0.0113363377508294,0.00506976436535031,0.788490390222695,0.816642235136061,0.79063366255025,0.818925025175251,5,-0.152899700201329,0.102071270379441,0.045647659823638,-0.279637921882402,-0.0261614785202549,-0.223336526578941,0,5,16,0,0,16,16,16,16,5,1,0,0,1,1,1,1,5,401.4,6.42650760522385,2.87402157263998,393.420436872411,409.379563127589,394,411
"GSE140228","GSE140228_Droplet","Ascites","CD45+ immune-microenvironment observational support only","GSDME KO",5,5,0.877455675218491,0.0324975305901919,0.0145333375001096,0.837104661454124,0.917806688982858,0.832081790402216,0.909545611896695,5,0.817857410710308,0.0273663415496354,0.0122386000000923,0.783877609645578,0.851837211775038,0.779647823496603,0.844880515281428,5,-0.0722622571678112,0.20641781869526,0.0923128548739655,-0.328563831229467,0.184039316893845,-0.247357315981149,0.247357315981149,5,16,0,0,16,16,16,16,5,1,0,0,1,1,1,1,5,401.4,6.42650760522385,2.87402157263998,393.420436872411,409.379563127589,394,411
"GSE140228","GSE140228_Droplet","Ascites","CD45+ immune-microenvironment observational support only","MALAT1 KO",5,5,0.453509208265892,0.0138932453381759,0.00621324820084869,0.436258465711267,0.470759950820517,0.445363040402216,0.478269890845207,5,0.378498965458484,0.0120615199559018,0.00539407570667332,0.363522610365625,0.393475320551344,0.369846119883114,0.399771612051602,5,-0.241181067193875,0.077720291210846,0.0347575708757062,-0.337683554720295,-0.144678579667455,-0.275938638069581,-0.10215078369105,5,16,0,0,16,16,16,16,5,1,0,0,1,1,1,1,5,401.4,6.42650760522385,2.87402157263998,393.420436872411,409.379563127589,394,411
"GSE140228","GSE140228_Droplet","Ascites","CD45+ immune-microenvironment observational support only","MALAT1 OE",5,5,0.546490791734108,0.0138932453381759,0.00621324820084869,0.529240049179483,0.563741534288733,0.521730109154793,0.554636959597784,5,0.621501034541516,0.0120615199559018,0.00539407570667333,0.606524679448656,0.636477389634375,0.600228387948398,0.630153880116886,5,0.238691586310169,0.0684168616945745,0.030596950711254,0.15374083227393,0.323642340346408,0.116303783465153,0.269288537021423,5,16,0,0,16,16,16,16,5,1,0,0,1,1,1,1,5,401.4,6.42650760522385,2.87402157263998,393.420436872411,409.379563127589,394,411
"GSE140228","GSE140228_Droplet","Ascites","CD45+ immune-microenvironment observational support only","miR-204-5p KO",5,5,0.546490791734108,0.0138932453381759,0.00621324820084869,0.529240049179483,0.563741534288733,0.521730109154793,0.554636959597784,5,0.604692633387286,0.0111145962705409,0.004970598560679,0.590892039343586,0.618493227430987,0.584884087323834,0.611209567678227,5,0.238691586310169,0.0684168616945745,0.030596950711254,0.15374083227393,0.323642340346408,0.116303783465153,0.269288537021423,5,16,0,0,16,16,16,16,5,1,0,0,1,1,1,1,5,401.4,6.42650760522385,2.87402157263998,393.420436872411,409.379563127589,394,411
"GSE140228","GSE140228_Droplet","Ascites","CD45+ immune-microenvironment observational support only","miR-204-5p OE",5,5,0.453509208265892,0.0138932453381759,0.00621324820084869,0.436258465711267,0.470759950820517,0.445363040402216,0.478269890845207,5,0.395307366612714,0.0111145962705408,0.004970598560679,0.381506772569013,0.409107960656414,0.388790432321773,0.415115912676166,5,-0.241181067193875,0.077720291210846,0.0347575708757062,-0.337683554720295,-0.144678579667455,-0.275938638069581,-0.10215078369105,5,16,0,0,16,16,16,16,5,1,0,0,1,1,1,1,5,401.4,6.42650760522385,2.87402157263998,393.420436872411,409.379563127589,394,411
"GSE140228","GSE140228_Droplet","Ascites","CD45+ immune-microenvironment observational support only","Reference: DDR ON, GSDME ON",5,5,0.885751634157535,0.0282661397277207,0.0126410019785382,0.850654586089427,0.920848682225643,0.84921732681473,0.90997346739561,5,0.824843481395819,0.0238030650338704,0.0106450542977165,0.795288072496359,0.854398890295278,0.794077748896614,0.845240814648935,5,0.0331923246451002,0.214868292234241,0.0960920215290107,-0.233601898177683,0.299986547467883,-0.247357315981149,0.247357315981149,5,16,0,0,16,16,16,16,5,1,0,0,1,1,1,1,5,401.4,6.42650760522385,2.87402157263998,393.420436872411,409.379563127589,394,411
"GSE140228","GSE140228_Droplet","Ascites","CD45+ immune-microenvironment observational support only","SIRT1 KO",5,5,0.453509208265892,0.0138932453381759,0.00621324820084869,0.436258465711267,0.470759950820517,0.445363040402216,0.478269890845207,5,0.468843869861494,0.0201044675165735,0.00899099120369893,0.443880876343107,0.49380686337988,0.45837184030645,0.504770853700418,5,-0.241181067193875,0.077720291210846,0.0347575708757062,-0.337683554720295,-0.144678579667455,-0.275938638069581,-0.10215078369105,5,16,0,0,16,16,16,16,5,1,0,0,1,1,1,1,5,401.4,6.42650760522385,2.87402157263998,393.420436872411,409.379563127589,394,411
"GSE140228","GSE140228_Droplet","Ascites","CD45+ immune-microenvironment observational support only","SIRT1 OE",5,5,0.546490791734108,0.0138932453381759,0.00621324820084869,0.529240049179483,0.563741534288733,0.521730109154793,0.554636959597784,5,0.531156130138506,0.0201044675165735,0.00899099120369895,0.50619313662012,0.556119123656893,0.495229146299582,0.54162815969355,5,0.238691586310169,0.0684168616945745,0.030596950711254,0.15374083227393,0.323642340346408,0.116303783465153,0.269288537021423,5,16,0,0,16,16,16,16,5,1,0,0,1,1,1,1,5,401.4,6.42650760522385,2.87402157263998,393.420436872411,409.379563127589,394,411
"GSE140228","GSE140228_Droplet","Blood","CD45+ immune-microenvironment observational support only","BCL2 KO",5,5,0.851773559751367,0.0263196918569335,0.0117705240277902,0.819093345928795,0.884453773573938,0.806963661003053,0.87666288571539,5,0.800680863046453,0.02168979654671,0.00969997189931677,0.773749423546039,0.827612302546867,0.763467363961003,0.820535868737503,5,0.0399984102718084,0.329188320129585,0.147217492241743,-0.368742875462273,0.44873969600589,-0.370724356123725,0.370724356123725,5,16,0,0,16,16,16,16,5,1,0,0,1,1,1,1,5,305.8,4.76445169982864,2.13072757526625,299.884151853142,311.715848146858,299,310
"GSE140228","GSE140228_Droplet","Blood","CD45+ immune-microenvironment observational support only","CASP3 KO",5,5,0.853682948305595,0.0150166792827199,0.00671566313449491,0.83503727826767,0.872328618343521,0.83838163571539,0.87746822254514,5,0.797838272257344,0.0126456246591327,0.00565529527115366,0.782136655383301,0.813539889131386,0.784952956391907,0.817867976880118,5,-0.281611471205014,0.176234340281974,0.0788143929680646,-0.500435306780332,-0.0627876356296952,-0.397751718764399,0,5,16,0,0,16,16,16,16,5,1,0,0,1,1,1,1,5,305.8,4.76445169982864,2.13072757526625,299.884151853142,311.715848146858,299,310
"GSE140228","GSE140228_Droplet","Blood","CD45+ immune-microenvironment observational support only","GSDME KO",5,5,0.872771005827644,0.0354982417355219,0.0158752963204694,0.828694117065113,0.916847894590176,0.822579709857431,0.904271512406963,5,0.813912425960122,0.0298932561983342,0.0133686705856584,0.776795045949569,0.851029805970675,0.77164607145889,0.840439168342706,5,-0.174083981185921,0.353992597564722,0.158310302337289,-0.61362384521267,0.265455882840829,-0.46063429064934,0.390274876325813,5,16,0,0,16,16,16,16,5,1,0,0,1,1,1,1,5,305.8,4.76445169982864,2.13072757526625,299.884151853142,311.715848146858,299,310
"GSE140228","GSE140228_Droplet","Blood","CD45+ immune-microenvironment observational support only","MALAT1 KO",5,5,0.443682948305595,0.0136797708201268,0.00611777949408429,0.426697269374566,0.460668627236625,0.435521512406963,0.467901161003053,5,0.37217550848394,0.0115162088344756,0.00515020515939421,0.357876246578376,0.386474770389505,0.364498320046956,0.39234632205931,5,-0.412231716781734,0.10658444603176,0.0476660133342346,-0.544573786187863,-0.279889647375606,-0.459897730115969,-0.221567663444796,5,16,0,0,16,16,16,16,5,1,0,0,1,1,1,1,5,305.8,4.76445169982864,2.13072757526625,299.884151853142,311.715848146858,299,310
"GSE140228","GSE140228_Droplet","Blood","CD45+ immune-microenvironment observational support only","MALAT1 OE",5,5,0.556317051694405,0.0136797708201268,0.00611777949408429,0.539331372763375,0.573302730625434,0.532098838996947,0.564478487593037,5,0.62782449151606,0.0115162088344756,0.0051502051593942,0.613525229610495,0.642123753421624,0.60765367794069,0.635501679953044,5,0.44100082227548,0.0977576370731907,0.0437185443630816,0.31961868377223,0.562382960778731,0.266126644823154,0.484719366638562,5,16,0,0,16,16,16,16,5,1,0,0,1,1,1,1,5,305.8,4.76445169982864,2.13072757526625,299.884151853142,311.715848146858,299,310
"GSE140228","GSE140228_Droplet","Blood","CD45+ immune-microenvironment observational support only","miR-204-5p KO",5,5,0.556317051694405,0.0136797708201268,0.00611777949408429,0.539331372763375,0.573302730625434,0.532098838996947,0.564478487593037,5,0.612553641355524,0.0109438166561011,0.00489422359526731,0.5989650982107,0.626142184500347,0.593179071197558,0.619082790074429,5,0.44100082227548,0.0977576370731907,0.0437185443630816,0.31961868377223,0.562382960778731,0.266126644823154,0.484719366638562,5,16,0,0,16,16,16,16,5,1,0,0,1,1,1,1,5,305.8,4.76445169982864,2.13072757526625,299.884151853142,311.715848146858,299,310
"GSE140228","GSE140228_Droplet","Blood","CD45+ immune-microenvironment observational support only","miR-204-5p OE",5,5,0.443682948305595,0.0136797708201268,0.00611777949408429,0.426697269374566,0.460668627236625,0.435521512406963,0.467901161003053,5,0.387446358644476,0.0109438166561011,0.00489422359526729,0.373857815499653,0.4010349017893,0.380917209925571,0.406820928802442,5,-0.412231716781734,0.10658444603176,0.0476660133342346,-0.544573786187863,-0.279889647375606,-0.459897730115969,-0.221567663444796,5,16,0,0,16,16,16,16,5,1,0,0,1,1,1,1,5,305.8,4.76445169982864,2.13072757526625,299.884151853142,311.715848146858,299,310
"GSE140228","GSE140228_Droplet","Blood","CD45+ immune-microenvironment observational support only","Reference: DDR ON, GSDME ON",5,5,0.880817393651999,0.0323497665150835,0.0144672553967946,0.840649853219923,0.920984934084076,0.839776161003053,0.90871822254514,5,0.820688331496421,0.0272419086442808,0.0121829519130902,0.786863034290461,0.85451362870238,0.786127293476255,0.844183766353802,5,0.0873031901339166,0.378230196537317,0.169149686120109,-0.382331627940003,0.556938008207837,-0.390274876325813,0.46063429064934,5,16,0,0,16,16,16,16,5,1,0,0,1,1,1,1,5,305.8,4.76445169982864,2.13072757526625,299.884151853142,311.715848146858,299,310
"GSE140228","GSE140228_Droplet","Blood","CD45+ immune-microenvironment observational support only","SIRT1 KO",5,5,0.443682948305595,0.0136797708201268,0.00611777949408429,0.426697269374566,0.460668627236625,0.435521512406963,0.467901161003053,5,0.461377484423311,0.0199541660135566,0.00892377432812573,0.436601114870096,0.486153853976525,0.450873533262448,0.496972313145183,5,-0.412231716781734,0.10658444603176,0.0476660133342346,-0.544573786187863,-0.279889647375606,-0.459897730115969,-0.221567663444796,5,16,0,0,16,16,16,16,5,1,0,0,1,1,1,1,5,305.8,4.76445169982864,2.13072757526625,299.884151853142,311.715848146858,299,310
"GSE140228","GSE140228_Droplet","Blood","CD45+ immune-microenvironment observational support only","SIRT1 OE",5,5,0.556317051694405,0.0136797708201268,0.00611777949408429,0.539331372763375,0.573302730625434,0.532098838996947,0.564478487593037,5,0.538622515576689,0.0199541660135566,0.00892377432812573,0.513846146023475,0.563398885129904,0.503027686854817,0.549126466737552,5,0.44100082227548,0.0977576370731907,0.0437185443630816,0.31961868377223,0.562382960778731,0.266126644823154,0.484719366638562,5,16,0,0,16,16,16,16,5,1,0,0,1,1,1,1,5,305.8,4.76445169982864,2.13072757526625,299.884151853142,311.715848146858,299,310
"GSE140228","GSE140228_Droplet","Lymphnode","CD45+ immune-microenvironment observational support only","BCL2 KO",5,5,0.843614910075449,0.024817807253897,0.0110988608144402,0.812799532293925,0.874430287856973,0.802403221026575,0.86906034908298,5,0.790753931903581,0.0212791523521547,0.00951632623259848,0.764332374515617,0.817175489291544,0.754549683036313,0.81112733039733,5,0.0322706911952823,0.196623672618751,0.0879327795922381,-0.211869844290024,0.276411226680588,-0.227637762532112,0.227637762532112,5,16,0,0,16,16,16,16,5,1,0,0,1,1,1,1,5,392.6,8.35463942968217,3.73630833845388,382.22634500219,402.97365499781,383,404
"GSE140228","GSE140228_Droplet","Lymphnode","CD45+ immune-microenvironment observational support only","CASP3 KO",5,5,0.847677410075449,0.0136621952267667,0.00610991944978468,0.830713554125941,0.864641266024956,0.833653221026575,0.867758759690001,5,0.792780976905641,0.0115050065067508,0.00514519532613443,0.778495624527109,0.807066329284173,0.780971133496063,0.809691587107369,5,-0.150161347486826,0.104191700256912,0.0465959448931475,-0.279532430607472,-0.020790264366181,-0.223336526578941,0,5,16,0,0,16,16,16,16,5,1,0,0,1,1,1,1,5,392.6,8.35463942968217,3.73630833845388,382.22634500219,402.97365499781,383,404
"GSE140228","GSE140228_Droplet","Lymphnode","CD45+ immune-microenvironment observational support only","GSDME KO",5,5,0.867521160075449,0.0324144858124755,0.0144961987464796,0.827273260021811,0.907769060129086,0.825481700375591,0.899464270202097,5,0.809491503221431,0.0272964091052424,0.0122073252601933,0.77559853475521,0.843384471687652,0.774089852947866,0.836390964380713,5,-0.0692314085766157,0.205762831724159,0.092019935795614,-0.324719708896963,0.186256891743732,-0.247357315981149,0.247357315981149,5,16,0,0,16,16,16,16,5,1,0,0,1,1,1,1,5,392.6,8.35463942968217,3.73630833845388,382.22634500219,402.97365499781,383,404
"GSE140228","GSE140228_Droplet","Lymphnode","CD45+ immune-microenvironment observational support only","MALAT1 KO",5,5,0.444973542256266,0.0131127197572933,0.00586418654944248,0.4286919502151,0.461255134297432,0.436553269221751,0.468113342849742,5,0.371448965073405,0.0105396732935647,0.00471348518900996,0.358362232191956,0.384535697954854,0.364311709046375,0.389979232286217,5,-0.237794576874495,0.0852927137701236,0.0381440611950857,-0.343699468871956,-0.131889684877034,-0.275938638069581,-0.0852183320941523,5,16,0,0,16,16,16,16,5,1,0,0,1,1,1,1,5,392.6,8.35463942968217,3.73630833845388,382.22634500219,402.97365499781,383,404
"GSE140228","GSE140228_Droplet","Lymphnode","CD45+ immune-microenvironment observational support only","MALAT1 OE",5,5,0.555026457743734,0.0131127197572933,0.00586418654944249,0.538744865702568,0.5713080497849,0.531886657150258,0.563446730778249,5,0.628551034926595,0.0105396732935647,0.00471348518900996,0.615464302045146,0.641637767808044,0.610020767713783,0.635688290953625,5,0.235390327978875,0.0757986997346356,0.0338982090425481,0.141273811407721,0.329506844550029,0.0997974918086826,0.269288537021423,5,16,0,0,16,16,16,16,5,1,0,0,1,1,1,1,5,392.6,8.35463942968217,3.73630833845388,382.22634500219,402.97365499781,383,404
"GSE140228","GSE140228_Droplet","Lymphnode","CD45+ immune-microenvironment observational support only","miR-204-5p KO",5,5,0.555026457743734,0.0131127197572933,0.00586418654944249,0.538744865702568,0.5713080497849,0.531886657150258,0.563446730778249,5,0.611521166194987,0.0104901758058348,0.00469134923955405,0.598495892562054,0.62454643982792,0.593009325720206,0.618257384622599,5,0.235390327978875,0.0757986997346356,0.0338982090425481,0.141273811407721,0.329506844550029,0.0997974918086826,0.269288537021423,5,16,0,0,16,16,16,16,5,1,0,0,1,1,1,1,5,392.6,8.35463942968217,3.73630833845388,382.22634500219,402.97365499781,383,404
"GSE140228","GSE140228_Droplet","Lymphnode","CD45+ immune-microenvironment observational support only","miR-204-5p OE",5,5,0.444973542256266,0.0131127197572933,0.00586418654944248,0.4286919502151,0.461255134297432,0.436553269221751,0.468113342849742,5,0.388478833805013,0.010490175805835,0.00469134923955413,0.375453560172079,0.401504107437946,0.3817426153774,0.406990674279794,5,-0.237794576874495,0.0852927137701236,0.0381440611950857,-0.343699468871956,-0.131889684877034,-0.275938638069581,-0.0852183320941523,5,16,0,0,16,16,16,16,5,1,0,0,1,1,1,1,5,392.6,8.35463942968217,3.73630833845388,382.22634500219,402.97365499781,383,404
"GSE140228","GSE140228_Droplet","Lymphnode","CD45+ immune-microenvironment observational support only","Reference: DDR ON, GSDME ON",5,5,0.874708660075449,0.0299026510942505,0.0133728721108405,0.83757961476087,0.911837705390028,0.834434471026575,0.899008759690001,5,0.815544134800378,0.0251811798688427,0.0112613659880763,0.784277570324942,0.846810699275813,0.781629028232905,0.836007376581053,5,0.0362302626836001,0.212941893725127,0.0952305099253837,-0.228172020464222,0.300632545831422,-0.247357315981149,0.247357315981149,5,16,0,0,16,16,16,16,5,1,0,0,1,1,1,1,5,392.6,8.35463942968217,3.73630833845388,382.22634500219,402.97365499781,383,404
"GSE140228","GSE140228_Droplet","Lymphnode","CD45+ immune-microenvironment observational support only","SIRT1 KO",5,5,0.444973542256266,0.0131127197572933,0.00586418654944248,0.4286919502151,0.461255134297432,0.436553269221751,0.468113342849742,5,0.462360794100012,0.0195075889361822,0.00872405898768526,0.438138923226196,0.486582664973828,0.451659633692762,0.497133975504566,5,-0.237794576874495,0.0852927137701236,0.0381440611950857,-0.343699468871956,-0.131889684877034,-0.275938638069581,-0.0852183320941523,5,16,0,0,16,16,16,16,5,1,0,0,1,1,1,1,5,392.6,8.35463942968217,3.73630833845388,382.22634500219,402.97365499781,383,404
"GSE140228","GSE140228_Droplet","Lymphnode","CD45+ immune-microenvironment observational support only","SIRT1 OE",5,5,0.555026457743734,0.0131127197572933,0.00586418654944249,0.538744865702568,0.5713080497849,0.531886657150258,0.563446730778249,5,0.537639205899988,0.0195075889361822,0.00872405898768525,0.513417335026172,0.561861076773804,0.502866024495434,0.548340366307238,5,0.235390327978875,0.0757986997346356,0.0338982090425481,0.141273811407721,0.329506844550029,0.0997974918086826,0.269288537021423,5,16,0,0,16,16,16,16,5,1,0,0,1,1,1,1,5,392.6,8.35463942968217,3.73630833845388,382.22634500219,402.97365499781,383,404
"GSE140228","GSE140228_Droplet","Normal","CD45+ immune-microenvironment observational support only","BCL2 KO",5,5,0.846093263510729,0.0228824478740854,0.0102333417876101,0.817680951794703,0.874505575226755,0.808012616720773,0.869405568211394,5,0.795089348097523,0.0192389313841325,0.00860391167787487,0.771201059633934,0.818977636561113,0.762150481816537,0.812912085062026,5,0.0322706911952823,0.196623672618751,0.0879327795922381,-0.211869844290024,0.276411226680588,-0.227637762532112,0.227637762532112,5,16,0,0,16,16,16,16,5,1,0,0,1,1,1,1,5,434,6.44204936336256,2.88097205817759,426.001139230861,441.998860769139,426,441
"GSE140228","GSE140228_Droplet","Normal","CD45+ immune-microenvironment observational support only","CASP3 KO",5,5,0.850155763510729,0.0131210903914151,0.00586793001082468,0.833863777954532,0.866447749066926,0.836593068211394,0.869328164802799,5,0.794868011377456,0.0110493392769815,0.00494141474595781,0.781148444593289,0.808587578161623,0.783446794283279,0.811013191412884,5,-0.150161347486826,0.104191700256912,0.0465959448931475,-0.279532430607472,-0.020790264366181,-0.223336526578941,0,5,16,0,0,16,16,16,16,5,1,0,0,1,1,1,1,5,434,6.44204936336256,2.88097205817759,426.001139230861,441.998860769139,426,441
"GSE140228","GSE140228_Droplet","Normal","CD45+ immune-microenvironment observational support only","GSDME KO",5,5,0.869999513510729,0.0310099365382953,0.0138680652155165,0.831495591724544,0.908503435296914,0.828517293008038,0.901296424810641,5,0.811578537693245,0.0261136307690908,0.0116783707078034,0.779154182504879,0.844002892881611,0.776646141480453,0.837933831419487,5,-0.0692314085766157,0.205762831724159,0.092019935795614,-0.324719708896963,0.186256891743732,-0.247357315981149,0.247357315981149,5,16,0,0,16,16,16,16,5,1,0,0,1,1,1,1,5,434,6.44204936336256,2.88097205817759,426.001139230861,441.998860769139,426,441
"GSE140228","GSE140228_Droplet","Normal","CD45+ immune-microenvironment observational support only","MALAT1 KO",5,5,0.448901789843376,0.0131836645254108,0.00589591401427421,0.432532108237778,0.465271471448975,0.44110100076055,0.472335186047478,5,0.375221284032807,0.0116074537868353,0.00519101114261023,0.36080872655488,0.389633841510735,0.36832579189604,0.395814346840126,5,-0.237794576874495,0.0852927137701236,0.0381440611950857,-0.343699468871956,-0.131889684877034,-0.275938638069581,-0.0852183320941523,5,16,0,0,16,16,16,16,5,1,0,0,1,1,1,1,5,434,6.44204936336256,2.88097205817759,426.001139230861,441.998860769139,426,441
"GSE140228","GSE140228_Droplet","Normal","CD45+ immune-microenvironment observational support only","MALAT1 OE",5,5,0.551098210156624,0.0131836645254108,0.00589591401427422,0.534728528551025,0.567467891762222,0.527664813952522,0.55889899923945,5,0.624778715967193,0.0116074537868353,0.00519101114261021,0.610366158489265,0.63919127344512,0.604185653159874,0.63167420810396,5,0.235390327978875,0.0757986997346356,0.0338982090425481,0.141273811407721,0.329506844550029,0.0997974918086826,0.269288537021423,5,16,0,0,16,16,16,16,5,1,0,0,1,1,1,1,5,434,6.44204936336256,2.88097205817759,426.001139230861,441.998860769139,426,441
"GSE140228","GSE140228_Droplet","Normal","CD45+ immune-microenvironment observational support only","miR-204-5p KO",5,5,0.551098210156624,0.0131836645254108,0.00589591401427422,0.534728528551025,0.567467891762222,0.527664813952522,0.55889899923945,5,0.608378568125299,0.0105469316203284,0.00471673121141927,0.59528282284082,0.621474313409777,0.589631851162018,0.61461919939156,5,0.235390327978875,0.0757986997346356,0.0338982090425481,0.141273811407721,0.329506844550029,0.0997974918086826,0.269288537021423,5,16,0,0,16,16,16,16,5,1,0,0,1,1,1,1,5,434,6.44204936336256,2.88097205817759,426.001139230861,441.998860769139,426,441
"GSE140228","GSE140228_Droplet","Normal","CD45+ immune-microenvironment observational support only","miR-204-5p OE",5,5,0.448901789843376,0.0131836645254108,0.00589591401427421,0.432532108237778,0.465271471448975,0.44110100076055,0.472335186047478,5,0.391621431874701,0.0105469316203284,0.00471673121141928,0.378525686590223,0.40471717715918,0.38538080060844,0.410368148837982,5,-0.237794576874495,0.0852927137701236,0.0381440611950857,-0.343699468871956,-0.131889684877034,-0.275938638069581,-0.0852183320941523,5,16,0,0,16,16,16,16,5,1,0,0,1,1,1,1,5,434,6.44204936336256,2.88097205817759,426.001139230861,441.998860769139,426,441
"GSE140228","GSE140228_Droplet","Normal","CD45+ immune-microenvironment observational support only","Reference: DDR ON, GSDME ON",5,5,0.877187013510729,0.0281201201083901,0.0125757000195638,0.842271272746975,0.912102754274483,0.840043866720772,0.900578164802799,5,0.817631169272193,0.0236801011439074,0.0105900631743695,0.788228440207979,0.847033898336406,0.786352729870124,0.837328980886568,5,0.0362302626836001,0.212941893725127,0.0952305099253837,-0.228172020464222,0.300632545831422,-0.247357315981149,0.247357315981149,5,16,0,0,16,16,16,16,5,1,0,0,1,1,1,1,5,434,6.44204936336256,2.88097205817759,426.001139230861,441.998860769139,426,441
"GSE140228","GSE140228_Droplet","Normal","CD45+ immune-microenvironment observational support only","SIRT1 KO",5,5,0.448901789843376,0.0131836645254108,0.00589591401427421,0.432532108237778,0.465271471448975,0.44110100076055,0.472335186047478,5,0.465353744642572,0.0195965736382408,0.00876385415623736,0.44102138466782,0.489686104617325,0.455124572008038,0.500350617940935,5,-0.237794576874495,0.0852927137701236,0.0381440611950857,-0.343699468871956,-0.131889684877034,-0.275938638069581,-0.0852183320941523,5,16,0,0,16,16,16,16,5,1,0,0,1,1,1,1,5,434,6.44204936336256,2.88097205817759,426.001139230861,441.998860769139,426,441
"GSE140228","GSE140228_Droplet","Normal","CD45+ immune-microenvironment observational support only","SIRT1 OE",5,5,0.551098210156624,0.0131836645254108,0.00589591401427422,0.534728528551025,0.567467891762222,0.527664813952522,0.55889899923945,5,0.534646255357428,0.0195965736382408,0.00876385415623735,0.510313895382675,0.55897861533218,0.499649382059065,0.544875427991962,5,0.235390327978875,0.0757986997346356,0.0338982090425481,0.141273811407721,0.329506844550029,0.0997974918086826,0.269288537021423,5,16,0,0,16,16,16,16,5,1,0,0,1,1,1,1,5,434,6.44204936336256,2.88097205817759,426.001139230861,441.998860769139,426,441
"GSE140228","GSE140228_Droplet","Tumor","CD45+ immune-microenvironment observational support only","BCL2 KO",5,5,0.850781987630165,0.0218243271171597,0.00976013579943222,0.823683506363765,0.877880468896564,0.814714605153257,0.874028345258369,5,0.801164791582382,0.0184530716982943,0.00825246454221272,0.778252276798337,0.824077306366427,0.770177569517343,0.819835913997947,5,0.0322706911952823,0.196623672618751,0.0879327795922381,-0.211869844290024,0.276411226680588,-0.227637762532112,0.227637762532112,5,16,0,0,16,16,16,16,5,1,0,0,1,1,1,1,5,466.2,6.97853852894716,3.12089730686545,457.534999948528,474.865000051472,456,473
"GSE140228","GSE140228_Droplet","Tumor","CD45+ immune-microenvironment observational support only","CASP3 KO",5,5,0.854844487630165,0.0118617589289242,0.0053047398595579,0.840116168612748,0.869572806647582,0.84121584525837,0.871589712083773,5,0.798816410635928,0.00998884962435723,0.0044671493554172,0.786413615673893,0.811219205597964,0.787339659164943,0.812917652281072,5,-0.150161347486826,0.104191700256912,0.0465959448931475,-0.279532430607472,-0.020790264366181,-0.223336526578941,0,5,16,0,0,16,16,16,16,5,1,0,0,1,1,1,1,5,466.2,6.97853852894716,3.12089730686545,457.534999948528,474.865000051472,456,473
"GSE140228","GSE140228_Droplet","Tumor","CD45+ immune-microenvironment observational support only","GSDME KO",5,5,0.874688237630165,0.0309836378972687,0.0138563041057063,0.836216969919744,0.913159505340585,0.832720367074987,0.906950658580437,5,0.815526936951718,0.026091484545068,0.0116684666153314,0.783130079932417,0.847923793971019,0.780185572273674,0.842695291436157,5,-0.0692314085766157,0.205762831724159,0.092019935795614,-0.324719708896963,0.186256891743732,-0.247357315981149,0.247357315981149,5,16,0,0,16,16,16,16,5,1,0,0,1,1,1,1,5,466.2,6.97853852894716,3.12089730686545,457.534999948528,474.865000051472,456,473
"GSE140228","GSE140228_Droplet","Tumor","CD45+ immune-microenvironment observational support only","MALAT1 KO",5,5,0.453120623718084,0.0130402745775337,0.00583178808012553,0.436928984248469,0.469312263187699,0.446504067079413,0.476424082105816,5,0.382312028157615,0.0121721777657043,0.00544356338366528,0.367198273246204,0.397425783069026,0.376184942935752,0.404038034211327,5,-0.237794576874495,0.0852927137701236,0.0381440611950857,-0.343699468871956,-0.131889684877034,-0.275938638069581,-0.0852183320941523,5,16,0,0,16,16,16,16,5,1,0,0,1,1,1,1,5,466.2,6.97853852894716,3.12089730686545,457.534999948528,474.865000051472,456,473
"GSE140228","GSE140228_Droplet","Tumor","CD45+ immune-microenvironment observational support only","MALAT1 OE",5,5,0.546879376281916,0.0130402745775337,0.00583178808012552,0.530687736812301,0.563071015751531,0.523575917894184,0.553495932920587,5,0.617687971842385,0.0121721777657043,0.00544356338366528,0.602574216930974,0.632801726753796,0.595961965788673,0.623815057064248,5,0.235390327978875,0.0757986997346356,0.0338982090425481,0.141273811407721,0.329506844550029,0.0997974918086826,0.269288537021423,5,16,0,0,16,16,16,16,5,1,0,0,1,1,1,1,5,466.2,6.97853852894716,3.12089730686545,457.534999948528,474.865000051472,456,473
"GSE140228","GSE140228_Droplet","Tumor","CD45+ immune-microenvironment observational support only","miR-204-5p KO",5,5,0.546879376281916,0.0130402745775337,0.00583178808012552,0.530687736812301,0.563071015751531,0.523575917894184,0.553495932920587,5,0.605003501025533,0.010432219662027,0.00466543046410044,0.59205018944984,0.617956812601225,0.586360734315347,0.61029674633647,5,0.235390327978875,0.0757986997346356,0.0338982090425481,0.141273811407721,0.329506844550029,0.0997974918086826,0.269288537021423,5,16,0,0,16,16,16,16,5,1,0,0,1,1,1,1,5,466.2,6.97853852894716,3.12089730686545,457.534999948528,474.865000051472,456,473
"GSE140228","GSE140228_Droplet","Tumor","CD45+ immune-microenvironment observational support only","miR-204-5p OE",5,5,0.453120623718084,0.0130402745775337,0.00583178808012553,0.436928984248469,0.469312263187699,0.446504067079413,0.476424082105816,5,0.394996498974467,0.0104322196620269,0.00466543046410043,0.382043187398775,0.40794981055016,0.38970325366353,0.413639265684653,5,-0.237794576874495,0.0852927137701236,0.0381440611950857,-0.343699468871956,-0.131889684877034,-0.275938638069581,-0.0852183320941523,5,16,0,0,16,16,16,16,5,1,0,0,1,1,1,1,5,466.2,6.97853852894716,3.12089730686545,457.534999948528,474.865000051472,456,473
"GSE140228","GSE140228_Droplet","Tumor","CD45+ immune-microenvironment observational support only","Reference: DDR ON, GSDME ON",5,5,0.881875737630165,0.0272542867797767,0.0121884875835709,0.848035070938995,0.915716404321334,0.846745855153257,0.903435033580437,5,0.821579568530665,0.0229509783408643,0.0102639895440596,0.793082165001259,0.850076972060071,0.791996509602743,0.839734765120368,5,0.0362302626836001,0.212941893725127,0.0952305099253837,-0.228172020464222,0.300632545831422,-0.247357315981149,0.247357315981149,5,16,0,0,16,16,16,16,5,1,0,0,1,1,1,1,5,466.2,6.97853852894716,3.12089730686545,457.534999948528,474.865000051472,456,473
"GSE140228","GSE140228_Droplet","Tumor","CD45+ immune-microenvironment observational support only","SIRT1 KO",5,5,0.453120623718084,0.0130402745775337,0.00583178808012553,0.436928984248469,0.469312263187699,0.446504067079413,0.476424082105816,5,0.468568094261398,0.0195136403845599,0.0087267652776722,0.444338709521995,0.492797479000801,0.459241193965267,0.503465967318717,5,-0.237794576874495,0.0852927137701236,0.0381440611950857,-0.343699468871956,-0.131889684877034,-0.275938638069581,-0.0852183320941523,5,16,0,0,16,16,16,16,5,1,0,0,1,1,1,1,5,466.2,6.97853852894716,3.12089730686545,457.534999948528,474.865000051472,456,473
"GSE140228","GSE140228_Droplet","Tumor","CD45+ immune-microenvironment observational support only","SIRT1 OE",5,5,0.546879376281916,0.0130402745775337,0.00583178808012552,0.530687736812301,0.563071015751531,0.523575917894184,0.553495932920587,5,0.531431905738602,0.0195136403845599,0.00872676527767222,0.507202520999199,0.555661290478005,0.496534032681283,0.540758806034733,5,0.235390327978875,0.0757986997346356,0.0338982090425481,0.141273811407721,0.329506844550029,0.0997974918086826,0.269288537021423,5,16,0,0,16,16,16,16,5,1,0,0,1,1,1,1,5,466.2,6.97853852894716,3.12089730686545,457.534999948528,474.865000051472,456,473
