"accession","experiment","platform","validation_scope","node","measured","matched_aliases","n_seeds_present","detection_rate_n","detection_rate_mean","detection_rate_sd","detection_rate_se","detection_rate_ci_low","detection_rate_ci_high","detection_rate_min","detection_rate_max","mean_activation_probability_n","mean_activation_probability_mean","mean_activation_probability_sd","mean_activation_probability_se","mean_activation_probability_ci_low","mean_activation_probability_ci_high","mean_activation_probability_min","mean_activation_probability_max","n_cells_n","n_cells_mean","n_cells_sd","n_cells_se","n_cells_ci_low","n_cells_ci_high","n_cells_min","n_cells_max"
"GSE125449","GSE125449_Set1","10x","tumour-cell-intrinsic observational concordance","AKT1",TRUE,"AKT1",5,5,0.222841225626741,0,0,0.222841225626741,0.222841225626741,0.222841225626741,0.222841225626741,5,0.5,0,0,0.5,0.5,0.5,0.5,5,359,0,0,359,359,359,359
"GSE125449","GSE125449_Set1","10x","tumour-cell-intrinsic observational concordance","BAX",TRUE,"BAX",5,5,0.434540389972145,0,0,0.434540389972145,0.434540389972145,0.434540389972145,0.434540389972145,5,0.442151540336489,0,0,0.442151540336489,0.442151540336489,0.442151540336489,0.442151540336489,5,359,0,0,359,359,359,359
"GSE125449","GSE125449_Set1","10x","tumour-cell-intrinsic observational concordance","BBC3",TRUE,"BBC3",5,5,0.100278551532033,0,0,0.100278551532033,0.100278551532033,0.100278551532033,0.100278551532033,5,0.5,0,0,0.5,0.5,0.5,0.5,5,359,0,0,359,359,359,359
"GSE125449","GSE125449_Set1","10x","tumour-cell-intrinsic observational concordance","BCL2",TRUE,"BCL2",5,5,0.0278551532033426,0,0,0.0278551532033426,0.0278551532033426,0.0278551532033426,0.0278551532033426,5,0.5,0,0,0.5,0.5,0.5,0.5,5,359,0,0,359,359,359,359
"GSE125449","GSE125449_Set1","10x","tumour-cell-intrinsic observational concordance","CASP3",TRUE,"CASP3",5,5,0.155988857938719,0,0,0.155988857938719,0.155988857938719,0.155988857938719,0.155988857938719,5,0.5,0,0,0.5,0.5,0.5,0.5,5,359,0,0,359,359,359,359
"GSE125449","GSE125449_Set1","10x","tumour-cell-intrinsic observational concordance","CASP9",TRUE,"CASP9",5,5,0.0668523676880223,0,0,0.0668523676880223,0.0668523676880223,0.0668523676880223,0.0668523676880223,5,0.5,0,0,0.5,0.5,0.5,0.5,5,359,0,0,359,359,359,359
"GSE125449","GSE125449_Set1","10x","tumour-cell-intrinsic observational concordance","CDC25A",TRUE,"CDC25A",5,5,0,0,0,0,0,0,0,5,0.05,0,0,0.05,0.05,0.05,0.05,5,359,0,0,359,359,359,359
"GSE125449","GSE125449_Set1","10x","tumour-cell-intrinsic observational concordance","CDKN1A",TRUE,"CDKN1A",5,5,0.54874651810585,0,0,0.54874651810585,0.54874651810585,0.54874651810585,0.54874651810585,5,0.556998212064885,0,0,0.556998212064885,0.556998212064885,0.556998212064885,0.556998212064885,5,359,0,0,359,359,359,359
"GSE125449","GSE125449_Set1","10x","tumour-cell-intrinsic observational concordance","DFNA5",TRUE,"DFNA5",5,5,0.0250696378830084,0,0,0.0250696378830084,0.0250696378830084,0.0250696378830084,0.0250696378830084,5,0.5,0,0,0.5,0.5,0.5,0.5,5,359,0,0,359,359,359,359
"GSE125449","GSE125449_Set1","10x","tumour-cell-intrinsic observational concordance","E2F1",TRUE,"E2F1",5,5,0.00557103064066852,0,0,0.00557103064066852,0.00557103064066852,0.00557103064066852,0.00557103064066852,5,0.5,0,0,0.5,0.5,0.5,0.5,5,359,0,0,359,359,359,359
"GSE125449","GSE125449_Set1","10x","tumour-cell-intrinsic observational concordance","MALAT1",TRUE,"MALAT1",5,5,0.958217270194986,0,0,0.958217270194986,0.958217270194986,0.958217270194986,0.958217270194986,5,0.765032073232236,0,0,0.765032073232236,0.765032073232236,0.765032073232236,0.765032073232236,5,359,0,0,359,359,359,359
"GSE125449","GSE125449_Set1","10x","tumour-cell-intrinsic observational concordance","Mdm2",TRUE,"MDM2",5,5,0.239554317548747,0,0,0.239554317548747,0.239554317548747,0.239554317548747,0.239554317548747,5,0.5,0,0,0.5,0.5,0.5,0.5,5,359,0,0,359,359,359,359
"GSE125449","GSE125449_Set1","10x","tumour-cell-intrinsic observational concordance","MIR204",FALSE,"",5,5,0,0,0,0,0,0,0,0,,,,,,,,5,359,0,0,359,359,359,359
"GSE125449","GSE125449_Set1","10x","tumour-cell-intrinsic observational concordance","MYC",TRUE,"MYC",5,5,0.186629526462396,0,0,0.186629526462396,0.186629526462396,0.186629526462396,0.186629526462396,5,0.5,0,0,0.5,0.5,0.5,0.5,5,359,0,0,359,359,359,359
"GSE125449","GSE125449_Set1","10x","tumour-cell-intrinsic observational concordance","PPM1D",TRUE,"PPM1D",5,5,0.0891364902506964,0,0,0.0891364902506964,0.0891364902506964,0.0891364902506964,0.0891364902506964,5,0.5,0,0,0.5,0.5,0.5,0.5,5,359,0,0,359,359,359,359
"GSE125449","GSE125449_Set1","10x","tumour-cell-intrinsic observational concordance","PRKAA1",TRUE,"PRKAA1",5,5,0.3008356545961,0,0,0.3008356545961,0.3008356545961,0.3008356545961,0.3008356545961,5,0.307993495877777,0,0,0.307993495877777,0.307993495877777,0.307993495877777,0.307993495877777,5,359,0,0,359,359,359,359
"GSE125449","GSE125449_Set1","10x","tumour-cell-intrinsic observational concordance","RB1",TRUE,"RB1",5,5,0.139275766016713,0,0,0.139275766016713,0.139275766016713,0.139275766016713,0.139275766016713,5,0.5,0,0,0.5,0.5,0.5,0.5,5,359,0,0,359,359,359,359
"GSE125449","GSE125449_Set1","10x","tumour-cell-intrinsic observational concordance","SIRT1",TRUE,"SIRT1",5,5,0.122562674094708,0,0,0.122562674094708,0.122562674094708,0.122562674094708,0.122562674094708,5,0.5,0,0,0.5,0.5,0.5,0.5,5,359,0,0,359,359,359,359
"GSE125449","GSE125449_Set1","10x","tumour-cell-intrinsic observational concordance","TP53INP1",TRUE,"TP53INP1",5,5,0.317548746518106,0,0,0.317548746518106,0.317548746518106,0.317548746518106,0.317548746518106,5,0.31930267429334,0,0,0.31930267429334,0.31930267429334,0.31930267429334,0.31930267429334,5,359,0,0,359,359,359,359
"GSE125449","GSE125449_Set1","10x","tumour-cell-intrinsic observational concordance","TP53",TRUE,"TP53",5,5,0.144846796657382,0,0,0.144846796657382,0.144846796657382,0.144846796657382,0.144846796657382,5,0.5,0,0,0.5,0.5,0.5,0.5,5,359,0,0,359,359,359,359
"GSE125449","GSE125449_Set2","10x","tumour-cell-intrinsic observational concordance","AKT1",TRUE,"AKT1",5,5,0.16043956043956,0,0,0.16043956043956,0.16043956043956,0.16043956043956,0.16043956043956,5,0.5,0,0,0.5,0.5,0.5,0.5,5,455,0,0,455,455,455,455
"GSE125449","GSE125449_Set2","10x","tumour-cell-intrinsic observational concordance","BAX",TRUE,"BAX",5,5,0.635164835164835,0,0,0.635164835164835,0.635164835164835,0.635164835164835,0.635164835164835,5,0.635260511185117,0,0,0.635260511185117,0.635260511185117,0.635260511185117,0.635260511185117,5,455,0,0,455,455,455,455
"GSE125449","GSE125449_Set2","10x","tumour-cell-intrinsic observational concordance","BBC3",TRUE,"BBC3",5,5,0.145054945054945,0,0,0.145054945054945,0.145054945054945,0.145054945054945,0.145054945054945,5,0.5,0,0,0.5,0.5,0.5,0.5,5,455,0,0,455,455,455,455
"GSE125449","GSE125449_Set2","10x","tumour-cell-intrinsic observational concordance","BCL2",TRUE,"BCL2",5,5,0.149450549450549,0,0,0.149450549450549,0.149450549450549,0.149450549450549,0.149450549450549,5,0.5,0,0,0.5,0.5,0.5,0.5,5,455,0,0,455,455,455,455
"GSE125449","GSE125449_Set2","10x","tumour-cell-intrinsic observational concordance","CASP3",TRUE,"CASP3",5,5,0.167032967032967,0,0,0.167032967032967,0.167032967032967,0.167032967032967,0.167032967032967,5,0.5,0,0,0.5,0.5,0.5,0.5,5,455,0,0,455,455,455,455
"GSE125449","GSE125449_Set2","10x","tumour-cell-intrinsic observational concordance","CASP9",TRUE,"CASP9",5,5,0.0571428571428571,0,0,0.0571428571428571,0.0571428571428571,0.0571428571428571,0.0571428571428571,5,0.5,0,0,0.5,0.5,0.5,0.5,5,455,0,0,455,455,455,455
"GSE125449","GSE125449_Set2","10x","tumour-cell-intrinsic observational concordance","CDC25A",TRUE,"CDC25A",5,5,0.010989010989011,0,0,0.010989010989011,0.010989010989011,0.010989010989011,0.010989010989011,5,0.5,0,0,0.5,0.5,0.5,0.5,5,455,0,0,455,455,455,455
"GSE125449","GSE125449_Set2","10x","tumour-cell-intrinsic observational concordance","CDKN1A",TRUE,"CDKN1A",5,5,0.340659340659341,0,0,0.340659340659341,0.340659340659341,0.340659340659341,0.340659340659341,5,0.34220511015,0,0,0.34220511015,0.34220511015,0.34220511015,0.34220511015,5,455,0,0,455,455,455,455
"GSE125449","GSE125449_Set2","10x","tumour-cell-intrinsic observational concordance","DFNA5",TRUE,"DFNA5",5,5,0.0615384615384615,0,0,0.0615384615384615,0.0615384615384615,0.0615384615384615,0.0615384615384615,5,0.5,0,0,0.5,0.5,0.5,0.5,5,455,0,0,455,455,455,455
"GSE125449","GSE125449_Set2","10x","tumour-cell-intrinsic observational concordance","E2F1",TRUE,"E2F1",5,5,0.0593406593406593,0,0,0.0593406593406593,0.0593406593406593,0.0593406593406593,0.0593406593406593,5,0.5,0,0,0.5,0.5,0.5,0.5,5,455,0,0,455,455,455,455
"GSE125449","GSE125449_Set2","10x","tumour-cell-intrinsic observational concordance","MALAT1",TRUE,"MALAT1",5,5,0.982417582417582,0,0,0.982417582417582,0.982417582417582,0.982417582417582,0.982417582417582,5,0.936197394652421,0,0,0.936197394652421,0.936197394652421,0.936197394652421,0.936197394652421,5,455,0,0,455,455,455,455
"GSE125449","GSE125449_Set2","10x","tumour-cell-intrinsic observational concordance","Mdm2",TRUE,"MDM2",5,5,0.202197802197802,0,0,0.202197802197802,0.202197802197802,0.202197802197802,0.202197802197802,5,0.5,0,0,0.5,0.5,0.5,0.5,5,455,0,0,455,455,455,455
"GSE125449","GSE125449_Set2","10x","tumour-cell-intrinsic observational concordance","MIR204",FALSE,"",5,5,0,0,0,0,0,0,0,0,,,,,,,,5,455,0,0,455,455,455,455
"GSE125449","GSE125449_Set2","10x","tumour-cell-intrinsic observational concordance","MYC",TRUE,"MYC",5,5,0.0241758241758242,0,0,0.0241758241758242,0.0241758241758242,0.0241758241758242,0.0241758241758242,5,0.5,0,0,0.5,0.5,0.5,0.5,5,455,0,0,455,455,455,455
"GSE125449","GSE125449_Set2","10x","tumour-cell-intrinsic observational concordance","PPM1D",TRUE,"PPM1D",5,5,0.0373626373626374,0,0,0.0373626373626374,0.0373626373626374,0.0373626373626374,0.0373626373626374,5,0.5,0,0,0.5,0.5,0.5,0.5,5,455,0,0,455,455,455,455
"GSE125449","GSE125449_Set2","10x","tumour-cell-intrinsic observational concordance","PRKAA1",TRUE,"PRKAA1",5,5,0.195604395604396,0,0,0.195604395604396,0.195604395604396,0.195604395604396,0.195604395604396,5,0.5,0,0,0.5,0.5,0.5,0.5,5,455,0,0,455,455,455,455
"GSE125449","GSE125449_Set2","10x","tumour-cell-intrinsic observational concordance","RB1",TRUE,"RB1",5,5,0.0153846153846154,0,0,0.0153846153846154,0.0153846153846154,0.0153846153846154,0.0153846153846154,5,0.5,0,0,0.5,0.5,0.5,0.5,5,455,0,0,455,455,455,455
"GSE125449","GSE125449_Set2","10x","tumour-cell-intrinsic observational concordance","SIRT1",TRUE,"SIRT1",5,5,0.0901098901098901,0,0,0.0901098901098901,0.0901098901098901,0.0901098901098901,0.0901098901098901,5,0.5,0,0,0.5,0.5,0.5,0.5,5,455,0,0,455,455,455,455
"GSE125449","GSE125449_Set2","10x","tumour-cell-intrinsic observational concordance","TP53INP1",TRUE,"TP53INP1",5,5,0.483516483516484,0,0,0.483516483516484,0.483516483516484,0.483516483516484,0.483516483516484,5,0.485451780317523,0,0,0.485451780317523,0.485451780317523,0.485451780317523,0.485451780317523,5,455,0,0,455,455,455,455
"GSE125449","GSE125449_Set2","10x","tumour-cell-intrinsic observational concordance","TP53",TRUE,"TP53",5,5,0.103296703296703,0,0,0.103296703296703,0.103296703296703,0.103296703296703,0.103296703296703,5,0.5,0,0,0.5,0.5,0.5,0.5,5,455,0,0,455,455,455,455
"GSE189903","GSE189903_HCC","10x","HCC tumour-region observational concordance; malignant status annotated separately","AKT1",TRUE,"AKT1",5,5,0.245149911816578,0,0,0.245149911816578,0.245149911816578,0.245149911816578,0.245149911816578,5,0.5,0,0,0.5,0.5,0.5,0.5,5,1134,0,0,1134,1134,1134,1134
"GSE189903","GSE189903_HCC","10x","HCC tumour-region observational concordance; malignant status annotated separately","BAX",TRUE,"BAX",5,5,0.536155202821869,0,0,0.536155202821869,0.536155202821869,0.536155202821869,0.536155202821869,5,0.54691322061117,0,0,0.54691322061117,0.54691322061117,0.54691322061117,0.54691322061117,5,1134,0,0,1134,1134,1134,1134
"GSE189903","GSE189903_HCC","10x","HCC tumour-region observational concordance; malignant status annotated separately","BBC3",TRUE,"BBC3",5,5,0.112874779541446,0,0,0.112874779541446,0.112874779541446,0.112874779541446,0.112874779541446,5,0.5,0,0,0.5,0.5,0.5,0.5,5,1134,0,0,1134,1134,1134,1134
"GSE189903","GSE189903_HCC","10x","HCC tumour-region observational concordance; malignant status annotated separately","BCL2",TRUE,"BCL2",5,5,0.0194003527336861,0,0,0.0194003527336861,0.0194003527336861,0.0194003527336861,0.0194003527336861,5,0.5,0,0,0.5,0.5,0.5,0.5,5,1134,0,0,1134,1134,1134,1134
"GSE189903","GSE189903_HCC","10x","HCC tumour-region observational concordance; malignant status annotated separately","CASP3",TRUE,"CASP3",5,5,0.193121693121693,0,0,0.193121693121693,0.193121693121693,0.193121693121693,0.193121693121693,5,0.5,0,0,0.5,0.5,0.5,0.5,5,1134,0,0,1134,1134,1134,1134
"GSE189903","GSE189903_HCC","10x","HCC tumour-region observational concordance; malignant status annotated separately","CASP9",TRUE,"CASP9",5,5,0.0846560846560847,0,0,0.0846560846560847,0.0846560846560847,0.0846560846560847,0.0846560846560847,5,0.5,0,0,0.5,0.5,0.5,0.5,5,1134,0,0,1134,1134,1134,1134
"GSE189903","GSE189903_HCC","10x","HCC tumour-region observational concordance; malignant status annotated separately","CDC25A",TRUE,"CDC25A",5,5,0.0590828924162257,0,0,0.0590828924162257,0.0590828924162257,0.0590828924162257,0.0590828924162257,5,0.5,0,0,0.5,0.5,0.5,0.5,5,1134,0,0,1134,1134,1134,1134
"GSE189903","GSE189903_HCC","10x","HCC tumour-region observational concordance; malignant status annotated separately","CDKN1A",TRUE,"CDKN1A",5,5,0.291005291005291,0,0,0.291005291005291,0.291005291005291,0.291005291005291,0.291005291005291,5,0.29508862859205,0,0,0.29508862859205,0.29508862859205,0.29508862859205,0.29508862859205,5,1134,0,0,1134,1134,1134,1134
"GSE189903","GSE189903_HCC","10x","HCC tumour-region observational concordance; malignant status annotated separately","DFNA5",TRUE,"GSDME",5,5,0.134038800705467,0,0,0.134038800705467,0.134038800705467,0.134038800705467,0.134038800705467,5,0.5,0,0,0.5,0.5,0.5,0.5,5,1134,0,0,1134,1134,1134,1134
"GSE189903","GSE189903_HCC","10x","HCC tumour-region observational concordance; malignant status annotated separately","E2F1",TRUE,"E2F1",5,5,0.0634920634920635,0,0,0.0634920634920635,0.0634920634920635,0.0634920634920635,0.0634920634920635,5,0.5,0,0,0.5,0.5,0.5,0.5,5,1134,0,0,1134,1134,1134,1134
"GSE189903","GSE189903_HCC","10x","HCC tumour-region observational concordance; malignant status annotated separately","MALAT1",TRUE,"MALAT1",5,5,0.725749559082892,0,0,0.725749559082892,0.725749559082892,0.725749559082892,0.725749559082892,5,0.726329366770594,0,0,0.726329366770594,0.726329366770594,0.726329366770594,0.726329366770594,5,1134,0,0,1134,1134,1134,1134
"GSE189903","GSE189903_HCC","10x","HCC tumour-region observational concordance; malignant status annotated separately","Mdm2",TRUE,"MDM2",5,5,0.294532627865961,0,0,0.294532627865961,0.294532627865961,0.294532627865961,0.294532627865961,5,0.299505332297968,0,0,0.299505332297968,0.299505332297968,0.299505332297968,0.299505332297968,5,1134,0,0,1134,1134,1134,1134
"GSE189903","GSE189903_HCC","10x","HCC tumour-region observational concordance; malignant status annotated separately","MIR204",FALSE,"",5,5,0,0,0,0,0,0,0,0,,,,,,,,5,1134,0,0,1134,1134,1134,1134
"GSE189903","GSE189903_HCC","10x","HCC tumour-region observational concordance; malignant status annotated separately","MYC",TRUE,"MYC",5,5,0.451499118165785,0,0,0.451499118165785,0.451499118165785,0.451499118165785,0.451499118165785,5,0.457867707585687,0,0,0.457867707585687,0.457867707585687,0.457867707585687,0.457867707585687,5,1134,0,0,1134,1134,1134,1134
"GSE189903","GSE189903_HCC","10x","HCC tumour-region observational concordance; malignant status annotated separately","PPM1D",TRUE,"PPM1D",5,5,0.12962962962963,0,0,0.12962962962963,0.12962962962963,0.12962962962963,0.12962962962963,5,0.5,0,0,0.5,0.5,0.5,0.5,5,1134,0,0,1134,1134,1134,1134
"GSE189903","GSE189903_HCC","10x","HCC tumour-region observational concordance; malignant status annotated separately","PRKAA1",TRUE,"PRKAA1",5,5,0.335978835978836,0,0,0.335978835978836,0.335978835978836,0.335978835978836,0.335978835978836,5,0.345088731144116,0,0,0.345088731144116,0.345088731144116,0.345088731144116,0.345088731144116,5,1134,0,0,1134,1134,1134,1134
"GSE189903","GSE189903_HCC","10x","HCC tumour-region observational concordance; malignant status annotated separately","RB1",TRUE,"RB1",5,5,0.188712522045855,0,0,0.188712522045855,0.188712522045855,0.188712522045855,0.188712522045855,5,0.5,0,0,0.5,0.5,0.5,0.5,5,1134,0,0,1134,1134,1134,1134
"GSE189903","GSE189903_HCC","10x","HCC tumour-region observational concordance; malignant status annotated separately","SIRT1",TRUE,"SIRT1",5,5,0.146384479717813,0,0,0.146384479717813,0.146384479717813,0.146384479717813,0.146384479717813,5,0.5,0,0,0.5,0.5,0.5,0.5,5,1134,0,0,1134,1134,1134,1134
"GSE189903","GSE189903_HCC","10x","HCC tumour-region observational concordance; malignant status annotated separately","TP53INP1",TRUE,"TP53INP1",5,5,0.322751322751323,0,0,0.322751322751323,0.322751322751323,0.322751322751323,0.322751322751323,5,0.32604865677422,0,0,0.32604865677422,0.32604865677422,0.32604865677422,0.32604865677422,5,1134,0,0,1134,1134,1134,1134
"GSE189903","GSE189903_HCC","10x","HCC tumour-region observational concordance; malignant status annotated separately","TP53",TRUE,"TP53",5,5,0.0943562610229277,0,0,0.0943562610229277,0.0943562610229277,0.0943562610229277,0.0943562610229277,5,0.5,0,0,0.5,0.5,0.5,0.5,5,1134,0,0,1134,1134,1134,1134
