"accession","experiment","validation_group","validation_scope","fate","n_seeds_present","mean_probability_n","mean_probability_mean","mean_probability_sd","mean_probability_se","mean_probability_ci_low","mean_probability_ci_high","mean_probability_min","mean_probability_max","n_cells_n","n_cells_mean","n_cells_sd","n_cells_se","n_cells_ci_low","n_cells_ci_high","n_cells_min","n_cells_max"
"GSE125449","GSE125449_Set1","S10_P05_LCP23","tumour-cell-intrinsic observational concordance","Apoptosis",5,5,0,0,0,0,0,0,0,5,46,0,0,46,46,46,46
"GSE125449","GSE125449_Set1","S10_P05_LCP23","tumour-cell-intrinsic observational concordance","Cell-cycle arrest",5,5,0.0347826086956522,0.0165242815231759,0.00738988335303302,0.014265003232141,0.0553002141591633,0.0144927536231884,0.0579710144927536,5,46,0,0,46,46,46,46
"GSE125449","GSE125449_Set1","S10_P05_LCP23","tumour-cell-intrinsic observational concordance","Other",5,5,0,0,0,0,0,0,0,5,46,0,0,46,46,46,46
"GSE125449","GSE125449_Set1","S10_P05_LCP23","tumour-cell-intrinsic observational concordance","Proliferation",5,5,0,0,0,0,0,0,0,5,46,0,0,46,46,46,46
"GSE125449","GSE125449_Set1","S10_P05_LCP23","tumour-cell-intrinsic observational concordance","Pyroptosis",5,5,0.044927536231884,0.0187567813123837,0.00838828761071755,0.021637916154116,0.0682171563096521,0.0217391304347826,0.072463768115942,5,46,0,0,46,46,46,46
"GSE125449","GSE125449_Set1","S10_P05_LCP23","tumour-cell-intrinsic observational concordance","Resistance",5,5,0.920289855072464,0.0234809445594488,0.0105009976421663,0.891134411569178,0.94944529857575,0.884057971014493,0.949275362318841,5,46,0,0,46,46,46,46
"GSE125449","GSE125449_Set1","S12_P07_LCP30","tumour-cell-intrinsic observational concordance","Apoptosis",5,5,0,0,0,0,0,0,0,5,25,0,0,25,25,25,25
"GSE125449","GSE125449_Set1","S12_P07_LCP30","tumour-cell-intrinsic observational concordance","Cell-cycle arrest",5,5,0.0213333333333333,0.0202210011841375,0.00904310664416703,0,0.0464410225113125,0,0.04,5,25,0,0,25,25,25,25
"GSE125449","GSE125449_Set1","S12_P07_LCP30","tumour-cell-intrinsic observational concordance","Other",5,5,0,0,0,0,0,0,0,5,25,0,0,25,25,25,25
"GSE125449","GSE125449_Set1","S12_P07_LCP30","tumour-cell-intrinsic observational concordance","Proliferation",5,5,0,0,0,0,0,0,0,5,25,0,0,25,25,25,25
"GSE125449","GSE125449_Set1","S12_P07_LCP30","tumour-cell-intrinsic observational concordance","Pyroptosis",5,5,0.0373333333333333,0.0256471787488951,0.0114697670227235,0.0054881548253336,0.0691785118413331,0,0.0666666666666667,5,25,0,0,25,25,25,25
"GSE125449","GSE125449_Set1","S12_P07_LCP30","tumour-cell-intrinsic observational concordance","Resistance",5,5,0.941333333333333,0.0360246828962834,0.0161107279647927,0.896602781534311,0.986063885132355,0.906666666666667,1,5,25,0,0,25,25,25,25
"GSE125449","GSE125449_Set1","S15_P09_LCP38","tumour-cell-intrinsic observational concordance","Apoptosis",5,5,0,0,0,0,0,0,0,5,228,0,0,228,228,228,228
"GSE125449","GSE125449_Set1","S15_P09_LCP38","tumour-cell-intrinsic observational concordance","Cell-cycle arrest",5,5,0.0298245614035088,0.00658706451816888,0.0029458248069605,0.021645640537453,0.0380034822695645,0.0190058479532164,0.0350877192982456,5,228,0,0,228,228,228,228
"GSE125449","GSE125449_Set1","S15_P09_LCP38","tumour-cell-intrinsic observational concordance","Other",5,5,0,0,0,0,0,0,0,5,228,0,0,228,228,228,228
"GSE125449","GSE125449_Set1","S15_P09_LCP38","tumour-cell-intrinsic observational concordance","Proliferation",5,5,0,0,0,0,0,0,0,5,228,0,0,228,228,228,228
"GSE125449","GSE125449_Set1","S15_P09_LCP38","tumour-cell-intrinsic observational concordance","Pyroptosis",5,5,0.0374269005847953,0.0060808872348203,0.00271945544411379,0.0298764818281821,0.0449773193414085,0.0292397660818713,0.043859649122807,5,228,0,0,228,228,228,228
"GSE125449","GSE125449_Set1","S15_P09_LCP38","tumour-cell-intrinsic observational concordance","Resistance",5,5,0.932748538011696,0.00566225635410456,0.00253223802276159,0.925717918148204,0.939779157875188,0.926900584795322,0.940058479532164,5,228,0,0,228,228,228,228
"GSE125449","GSE125449_Set1","S21_P13_LCP37","tumour-cell-intrinsic observational concordance","Apoptosis",5,5,0,0,0,0,0,0,0,5,60,0,0,60,60,60,60
"GSE125449","GSE125449_Set1","S21_P13_LCP37","tumour-cell-intrinsic observational concordance","Cell-cycle arrest",5,5,0.0544444444444444,0.00724355822800296,0.00323941771935851,0.0454503789738405,0.0634385099150484,0.0444444444444444,0.0611111111111111,5,60,0,0,60,60,60,60
"GSE125449","GSE125449_Set1","S21_P13_LCP37","tumour-cell-intrinsic observational concordance","Other",5,5,0,0,0,0,0,0,0,5,60,0,0,60,60,60,60
"GSE125449","GSE125449_Set1","S21_P13_LCP37","tumour-cell-intrinsic observational concordance","Proliferation",5,5,0,0,0,0,0,0,0,5,60,0,0,60,60,60,60
"GSE125449","GSE125449_Set1","S21_P13_LCP37","tumour-cell-intrinsic observational concordance","Pyroptosis",5,5,0.0622222222222222,0.0287066904061418,0.0128380222314348,0.0265781582373346,0.0978662862071099,0.0277777777777778,0.0944444444444444,5,60,0,0,60,60,60,60
"GSE125449","GSE125449_Set1","S21_P13_LCP37","tumour-cell-intrinsic observational concordance","Resistance",5,5,0.883333333333333,0.0277777777777779,0.0124225998749989,0.848842666716562,0.917823999950105,0.844444444444444,0.911111111111111,5,60,0,0,60,60,60,60
"GSE125449","GSE125449_Set2","S351_P10_LCP34","tumour-cell-intrinsic observational concordance","Apoptosis",5,5,0,0,0,0,0,0,0,5,43,0,0,43,43,43,43
"GSE125449","GSE125449_Set2","S351_P10_LCP34","tumour-cell-intrinsic observational concordance","Cell-cycle arrest",5,5,0.0186046511627907,0.0140820946702209,0.00629770418964028,0.00111942119148029,0.0360898811341011,0,0.0387596899224806,5,43,0,0,43,43,43,43
"GSE125449","GSE125449_Set2","S351_P10_LCP34","tumour-cell-intrinsic observational concordance","Other",5,5,0,0,0,0,0,0,0,5,43,0,0,43,43,43,43
"GSE125449","GSE125449_Set2","S351_P10_LCP34","tumour-cell-intrinsic observational concordance","Proliferation",5,5,0,0,0,0,0,0,0,5,43,0,0,43,43,43,43
"GSE125449","GSE125449_Set2","S351_P10_LCP34","tumour-cell-intrinsic observational concordance","Pyroptosis",5,5,0.0465116279069767,0.0219257916646991,0.00980551212455311,0.0192871617648037,0.0737360940491498,0.0232558139534884,0.0697674418604651,5,43,0,0,43,43,43,43
"GSE125449","GSE125449_Set2","S351_P10_LCP34","tumour-cell-intrinsic observational concordance","Resistance",5,5,0.934883720930232,0.0260585059131343,0.0116537181227697,0.902527812290914,0.967239629569551,0.891472868217054,0.953488372093023,5,43,0,0,43,43,43,43
"GSE125449","GSE125449_Set2","S364_P21_LCP65","tumour-cell-intrinsic observational concordance","Apoptosis",5,5,0,0,0,0,0,0,0,5,412,0,0,412,412,412,412
"GSE125449","GSE125449_Set2","S364_P21_LCP65","tumour-cell-intrinsic observational concordance","Cell-cycle arrest",5,5,0.0263754045307443,0.0056518605814152,0.00252758889187917,0.0193576927239341,0.0333931163375546,0.0194174757281553,0.0339805825242718,5,412,0,0,412,412,412,412
"GSE125449","GSE125449_Set2","S364_P21_LCP65","tumour-cell-intrinsic observational concordance","Other",5,5,0,0,0,0,0,0,0,5,412,0,0,412,412,412,412
"GSE125449","GSE125449_Set2","S364_P21_LCP65","tumour-cell-intrinsic observational concordance","Proliferation",5,5,0,0,0,0,0,0,0,5,412,0,0,412,412,412,412
"GSE125449","GSE125449_Set2","S364_P21_LCP65","tumour-cell-intrinsic observational concordance","Pyroptosis",5,5,0.0409385113268608,0.00500703833228664,0.00223921561538802,0.0347214520920343,0.0471555705616874,0.034789644012945,0.0461165048543689,5,412,0,0,412,412,412,412
"GSE125449","GSE125449_Set2","S364_P21_LCP65","tumour-cell-intrinsic observational concordance","Resistance",5,5,0.932686084142395,0.00512973057739394,0.00229408525546242,0.92631668236396,0.93905548592083,0.924757281553398,0.938511326860841,5,412,0,0,412,412,412,412
"GSE189903","GSE189903_HCC","1HT1","HCC tumour-region observational concordance; malignant status annotated separately","Apoptosis",5,5,0,0,0,0,0,0,0,5,219,0,0,219,219,219,219
"GSE189903","GSE189903_HCC","1HT1","HCC tumour-region observational concordance; malignant status annotated separately","Cell-cycle arrest",5,5,0.0374429223744292,0.00633078671022387,0.00283121388702257,0.0295822124360374,0.0453036323128211,0.0289193302891933,0.0441400304414003,5,219,0,0,219,219,219,219
"GSE189903","GSE189903_HCC","1HT1","HCC tumour-region observational concordance; malignant status annotated separately","Other",5,5,0,0,0,0,0,0,0,5,219,0,0,219,219,219,219
"GSE189903","GSE189903_HCC","1HT1","HCC tumour-region observational concordance; malignant status annotated separately","Proliferation",5,5,0,0,0,0,0,0,0,5,219,0,0,219,219,219,219
"GSE189903","GSE189903_HCC","1HT1","HCC tumour-region observational concordance; malignant status annotated separately","Pyroptosis",5,5,0.0459665144596651,0.00666937665150887,0.00298263591206475,0.0376853895810258,0.0542476393383045,0.0380517503805175,0.0563165905631659,5,219,0,0,219,219,219,219
"GSE189903","GSE189903_HCC","1HT1","HCC tumour-region observational concordance; malignant status annotated separately","Resistance",5,5,0.916590563165905,0.0123372201699601,0.00551737259068247,0.901271881042953,0.931909245288858,0.901065449010654,0.933028919330289,5,219,0,0,219,219,219,219
"GSE189903","GSE189903_HCC","1HT2","HCC tumour-region observational concordance; malignant status annotated separately","Apoptosis",5,5,0,0,0,0,0,0,0,5,141,0,0,141,141,141,141
"GSE189903","GSE189903_HCC","1HT2","HCC tumour-region observational concordance; malignant status annotated separately","Cell-cycle arrest",5,5,0.0302600472813239,0.0104928326341239,0.00469253740928585,0.0172314747603547,0.0432886198022931,0.0212765957446809,0.0449172576832151,5,141,0,0,141,141,141,141
"GSE189903","GSE189903_HCC","1HT2","HCC tumour-region observational concordance; malignant status annotated separately","Other",5,5,0,0,0,0,0,0,0,5,141,0,0,141,141,141,141
"GSE189903","GSE189903_HCC","1HT2","HCC tumour-region observational concordance; malignant status annotated separately","Proliferation",5,5,0,0,0,0,0,0,0,5,141,0,0,141,141,141,141
"GSE189903","GSE189903_HCC","1HT2","HCC tumour-region observational concordance; malignant status annotated separately","Pyroptosis",5,5,0.0486997635933806,0.00395583936895543,0.00176910514741084,0.0437879402662716,0.0536115869204897,0.0425531914893617,0.0520094562647754,5,141,0,0,141,141,141,141
"GSE189903","GSE189903_HCC","1HT2","HCC tumour-region observational concordance; malignant status annotated separately","Resistance",5,5,0.921040189125295,0.0122384672392859,0.0054732089374895,0.905844124961078,0.936236253289513,0.903073286052009,0.933806146572104,5,141,0,0,141,141,141,141
"GSE189903","GSE189903_HCC","1HT3","HCC tumour-region observational concordance; malignant status annotated separately","Apoptosis",5,5,0,0,0,0,0,0,0,5,276,0,0,276,276,276,276
"GSE189903","GSE189903_HCC","1HT3","HCC tumour-region observational concordance; malignant status annotated separately","Cell-cycle arrest",5,5,0.0330917874396135,0.00625226043746124,0.00279609587023918,0.0253285807470242,0.0408549941322029,0.0277777777777778,0.0434782608695652,5,276,0,0,276,276,276,276
"GSE189903","GSE189903_HCC","1HT3","HCC tumour-region observational concordance; malignant status annotated separately","Other",5,5,0,0,0,0,0,0,0,5,276,0,0,276,276,276,276
"GSE189903","GSE189903_HCC","1HT3","HCC tumour-region observational concordance; malignant status annotated separately","Proliferation",5,5,0,0,0,0,0,0,0,5,276,0,0,276,276,276,276
"GSE189903","GSE189903_HCC","1HT3","HCC tumour-region observational concordance; malignant status annotated separately","Pyroptosis",5,5,0.057487922705314,0.00570324587107132,0.00255056909202209,0.0504064076343005,0.0645694377763275,0.0507246376811594,0.0640096618357488,5,276,0,0,276,276,276,276
"GSE189903","GSE189903_HCC","1HT3","HCC tumour-region observational concordance; malignant status annotated separately","Resistance",5,5,0.909420289855073,0.0112325333561223,0.00502334162876468,0.895473257578153,0.923367322131993,0.893719806763285,0.921497584541063,5,276,0,0,276,276,276,276
"GSE189903","GSE189903_HCC","2HT2","HCC tumour-region observational concordance; malignant status annotated separately","Apoptosis",5,5,0,0,0,0,0,0,0,5,24,0,0,24,24,24,24
"GSE189903","GSE189903_HCC","2HT2","HCC tumour-region observational concordance; malignant status annotated separately","Cell-cycle arrest",5,5,0.0388888888888889,0.0267158111967657,0.0119476739820036,0.00571682794305588,0.0720609498347219,0.0138888888888889,0.0833333333333333,5,24,0,0,24,24,24,24
"GSE189903","GSE189903_HCC","2HT2","HCC tumour-region observational concordance; malignant status annotated separately","Other",5,5,0,0,0,0,0,0,0,5,24,0,0,24,24,24,24
"GSE189903","GSE189903_HCC","2HT2","HCC tumour-region observational concordance; malignant status annotated separately","Proliferation",5,5,0,0,0,0,0,0,0,5,24,0,0,24,24,24,24
"GSE189903","GSE189903_HCC","2HT2","HCC tumour-region observational concordance; malignant status annotated separately","Pyroptosis",5,5,0.0555555555555556,0.0240562612162344,0.0107582870727984,0.0256857620719719,0.0854253490391393,0.0416666666666667,0.0972222222222222,5,24,0,0,24,24,24,24
"GSE189903","GSE189903_HCC","2HT2","HCC tumour-region observational concordance; malignant status annotated separately","Resistance",5,5,0.905555555555556,0.0485118033238142,0.0216951379886298,0.845320195880434,0.965790915230678,0.819444444444444,0.930555555555556,5,24,0,0,24,24,24,24
"GSE189903","GSE189903_HCC","2HT3","HCC tumour-region observational concordance; malignant status annotated separately","Apoptosis",5,5,0,0,0,0,0,0,0,5,21,0,0,21,21,21,21
"GSE189903","GSE189903_HCC","2HT3","HCC tumour-region observational concordance; malignant status annotated separately","Cell-cycle arrest",5,5,0.0380952380952381,0.0240726204573065,0.0107656031478179,0.00820513193097718,0.067985344259499,0.0158730158730159,0.0634920634920635,5,21,0,0,21,21,21,21
"GSE189903","GSE189903_HCC","2HT3","HCC tumour-region observational concordance; malignant status annotated separately","Other",5,5,0,0,0,0,0,0,0,5,21,0,0,21,21,21,21
"GSE189903","GSE189903_HCC","2HT3","HCC tumour-region observational concordance; malignant status annotated separately","Proliferation",5,5,0,0,0,0,0,0,0,5,21,0,0,21,21,21,21
"GSE189903","GSE189903_HCC","2HT3","HCC tumour-region observational concordance; malignant status annotated separately","Pyroptosis",5,5,0.0793650793650793,0.0224478343233824,0.0100389766989472,0.0514924116480927,0.107237747082066,0.0634920634920635,0.111111111111111,5,21,0,0,21,21,21,21
"GSE189903","GSE189903_HCC","2HT3","HCC tumour-region observational concordance; malignant status annotated separately","Resistance",5,5,0.882539682539683,0.0309422042692351,0.0138377744239388,0.844119861473507,0.920959503605859,0.841269841269841,0.920634920634921,5,21,0,0,21,21,21,21
"GSE189903","GSE189903_HCC","3HT2","HCC tumour-region observational concordance; malignant status annotated separately","Apoptosis",5,5,0,0,0,0,0,0,0,5,23,0,0,23,23,23,23
"GSE189903","GSE189903_HCC","3HT2","HCC tumour-region observational concordance; malignant status annotated separately","Cell-cycle arrest",5,5,0.0231884057971014,0.0242510152618573,0.0108453837297795,0,0.0533000183676396,0,0.0579710144927536,5,23,0,0,23,23,23,23
"GSE189903","GSE189903_HCC","3HT2","HCC tumour-region observational concordance; malignant status annotated separately","Other",5,5,0,0,0,0,0,0,0,5,23,0,0,23,23,23,23
"GSE189903","GSE189903_HCC","3HT2","HCC tumour-region observational concordance; malignant status annotated separately","Proliferation",5,5,0,0,0,0,0,0,0,5,23,0,0,23,23,23,23
"GSE189903","GSE189903_HCC","3HT2","HCC tumour-region observational concordance; malignant status annotated separately","Pyroptosis",5,5,0.0666666666666666,0.0300528135555473,0.0134400268050662,0.0293511700300134,0.10398216330332,0.0434782608695652,0.115942028985507,5,23,0,0,23,23,23,23
"GSE189903","GSE189903_HCC","3HT2","HCC tumour-region observational concordance; malignant status annotated separately","Resistance",5,5,0.910144927536232,0.0451374246446303,0.0201860699669335,0.854099412383359,0.966190442689105,0.855072463768116,0.956521739130435,5,23,0,0,23,23,23,23
"GSE189903","GSE189903_HCC","3HT3","HCC tumour-region observational concordance; malignant status annotated separately","Apoptosis",5,5,0,0,0,0,0,0,0,5,23,0,0,23,23,23,23
"GSE189903","GSE189903_HCC","3HT3","HCC tumour-region observational concordance; malignant status annotated separately","Cell-cycle arrest",5,5,0.0405797101449275,0.00648135645652113,0.00289855072463768,0.0325320431733397,0.0486273771165153,0.0289855072463768,0.0434782608695652,5,23,0,0,23,23,23,23
"GSE189903","GSE189903_HCC","3HT3","HCC tumour-region observational concordance; malignant status annotated separately","Other",5,5,0,0,0,0,0,0,0,5,23,0,0,23,23,23,23
"GSE189903","GSE189903_HCC","3HT3","HCC tumour-region observational concordance; malignant status annotated separately","Proliferation",5,5,0,0,0,0,0,0,0,5,23,0,0,23,23,23,23
"GSE189903","GSE189903_HCC","3HT3","HCC tumour-region observational concordance; malignant status annotated separately","Pyroptosis",5,5,0.0405797101449275,0.0259254258260845,0.0115942028985507,0.00838904225857631,0.0727703780312787,0.0144927536231884,0.072463768115942,5,23,0,0,23,23,23,23
"GSE189903","GSE189903_HCC","3HT3","HCC tumour-region observational concordance; malignant status annotated separately","Resistance",5,5,0.918840579710145,0.0300528135555474,0.0134400268050662,0.881525083073492,0.956156076346798,0.884057971014493,0.956521739130435,5,23,0,0,23,23,23,23
"GSE189903","GSE189903_HCC","4HB","HCC tumour-region observational concordance; malignant status annotated separately","Apoptosis",5,5,0,0,0,0,0,0,0,5,12,0,0,12,12,12,12
"GSE189903","GSE189903_HCC","4HB","HCC tumour-region observational concordance; malignant status annotated separately","Cell-cycle arrest",5,5,0.0388888888888889,0.0421270858002863,0.0188398055086813,0,0.0911965746763454,0,0.111111111111111,5,12,0,0,12,12,12,12
"GSE189903","GSE189903_HCC","4HB","HCC tumour-region observational concordance; malignant status annotated separately","Other",5,5,0,0,0,0,0,0,0,5,12,0,0,12,12,12,12
"GSE189903","GSE189903_HCC","4HB","HCC tumour-region observational concordance; malignant status annotated separately","Proliferation",5,5,0,0,0,0,0,0,0,5,12,0,0,12,12,12,12
"GSE189903","GSE189903_HCC","4HB","HCC tumour-region observational concordance; malignant status annotated separately","Pyroptosis",5,5,0.0611111111111111,0.0362177911400147,0.0161970885967925,0.0161407837580916,0.106081438464131,0.0277777777777778,0.111111111111111,5,12,0,0,12,12,12,12
"GSE189903","GSE189903_HCC","4HB","HCC tumour-region observational concordance; malignant status annotated separately","Resistance",5,5,0.9,0.0372677996249965,0.0166666666666666,0.85372591491337,0.94627408508663,0.861111111111111,0.944444444444444,5,12,0,0,12,12,12,12
"GSE189903","GSE189903_HCC","4HT1","HCC tumour-region observational concordance; malignant status annotated separately","Apoptosis",5,5,0,0,0,0,0,0,0,5,66,0,0,66,66,66,66
"GSE189903","GSE189903_HCC","4HT1","HCC tumour-region observational concordance; malignant status annotated separately","Cell-cycle arrest",5,5,0.0303030303030303,0.00944862976458067,0.00422555568956604,0.018571006891994,0.0420350537140666,0.0202020202020202,0.0404040404040404,5,66,0,0,66,66,66,66
"GSE189903","GSE189903_HCC","4HT1","HCC tumour-region observational concordance; malignant status annotated separately","Other",5,5,0,0,0,0,0,0,0,5,66,0,0,66,66,66,66
"GSE189903","GSE189903_HCC","4HT1","HCC tumour-region observational concordance; malignant status annotated separately","Proliferation",5,5,0,0,0,0,0,0,0,5,66,0,0,66,66,66,66
"GSE189903","GSE189903_HCC","4HT1","HCC tumour-region observational concordance; malignant status annotated separately","Pyroptosis",5,5,0.0424242424242424,0.0104729501784483,0.00468364570479581,0.0294203572326814,0.0554281276158034,0.0303030303030303,0.0555555555555556,5,66,0,0,66,66,66,66
"GSE189903","GSE189903_HCC","4HT1","HCC tumour-region observational concordance; malignant status annotated separately","Resistance",5,5,0.927272727272727,0.0145503639301901,0.0065071205690532,0.909206064219848,0.945339390325607,0.909090909090909,0.94949494949495,5,66,0,0,66,66,66,66
"GSE189903","GSE189903_HCC","4HT2","HCC tumour-region observational concordance; malignant status annotated separately","Apoptosis",5,5,0,0,0,0,0,0,0,5,153,0,0,153,153,153,153
"GSE189903","GSE189903_HCC","4HT2","HCC tumour-region observational concordance; malignant status annotated separately","Cell-cycle arrest",5,5,0.0400871459694989,0.00823863634038738,0.00368443017980125,0.0298575278313467,0.0503167641076511,0.0326797385620915,0.0522875816993464,5,153,0,0,153,153,153,153
"GSE189903","GSE189903_HCC","4HT2","HCC tumour-region observational concordance; malignant status annotated separately","Other",5,5,0,0,0,0,0,0,0,5,153,0,0,153,153,153,153
"GSE189903","GSE189903_HCC","4HT2","HCC tumour-region observational concordance; malignant status annotated separately","Proliferation",5,5,0,0,0,0,0,0,0,5,153,0,0,153,153,153,153
"GSE189903","GSE189903_HCC","4HT2","HCC tumour-region observational concordance; malignant status annotated separately","Pyroptosis",5,5,0.0570806100217865,0.00806394576179596,0.00360630617804942,0.0470678988858966,0.0670933211576764,0.0457516339869281,0.065359477124183,5,153,0,0,153,153,153,153
"GSE189903","GSE189903_HCC","4HT2","HCC tumour-region observational concordance; malignant status annotated separately","Resistance",5,5,0.902832244008715,0.0133947068836071,0.00599029502608597,0.886200518704847,0.919463969312582,0.888888888888889,0.92156862745098,5,153,0,0,153,153,153,153
"GSE189903","GSE189903_HCC","4HT3","HCC tumour-region observational concordance; malignant status annotated separately","Apoptosis",5,5,0,0,0,0,0,0,0,5,176,0,0,176,176,176,176
"GSE189903","GSE189903_HCC","4HT3","HCC tumour-region observational concordance; malignant status annotated separately","Cell-cycle arrest",5,5,0.0314393939393939,0.00622411997164964,0.00278351107134453,0.0237111282500956,0.0391676596286923,0.0265151515151515,0.0416666666666667,5,176,0,0,176,176,176,176
"GSE189903","GSE189903_HCC","4HT3","HCC tumour-region observational concordance; malignant status annotated separately","Other",5,5,0,0,0,0,0,0,0,5,176,0,0,176,176,176,176
"GSE189903","GSE189903_HCC","4HT3","HCC tumour-region observational concordance; malignant status annotated separately","Proliferation",5,5,0,0,0,0,0,0,0,5,176,0,0,176,176,176,176
"GSE189903","GSE189903_HCC","4HT3","HCC tumour-region observational concordance; malignant status annotated separately","Pyroptosis",5,5,0.0439393939393939,0.0123759918581095,0.00553471181674335,0.0285725704071165,0.0593062174716714,0.0284090909090909,0.0606060606060606,5,176,0,0,176,176,176,176
"GSE189903","GSE189903_HCC","4HT3","HCC tumour-region observational concordance; malignant status annotated separately","Resistance",5,5,0.924621212121212,0.00750439877127227,0.00335606915656614,0.915303270338759,0.933939153903666,0.912878787878788,0.931818181818182,5,176,0,0,176,176,176,176
