"seed","perturbation","node","activation_frequency","stable_fraction","run_folder"
101,"Reference: DDR ON, GSDME endogenous","PROLIFERATION",0,1,"resultados_finais_GSDME_seed_101"
101,"Reference: DDR ON, GSDME endogenous","RESISTANCE",0.9,1,"resultados_finais_GSDME_seed_101"
101,"Reference: DDR ON, GSDME endogenous","PYROPTOSIS",0.0625,1,"resultados_finais_GSDME_seed_101"
101,"Reference: DDR ON, GSDME endogenous","APOPTOSIS",0,1,"resultados_finais_GSDME_seed_101"
101,"Reference: DDR ON, GSDME endogenous","CELL_CYCLE_ARREST",0.0375,1,"resultados_finais_GSDME_seed_101"
101,"GSDME KO","PROLIFERATION",0,1,"resultados_finais_GSDME_seed_101"
101,"GSDME KO","RESISTANCE",0.9625,1,"resultados_finais_GSDME_seed_101"
101,"GSDME KO","PYROPTOSIS",0,1,"resultados_finais_GSDME_seed_101"
101,"GSDME KO","APOPTOSIS",0.01875,1,"resultados_finais_GSDME_seed_101"
101,"GSDME KO","CELL_CYCLE_ARREST",0.01875,1,"resultados_finais_GSDME_seed_101"
101,"CASP3 KO","PROLIFERATION",0,1,"resultados_finais_GSDME_seed_101"
101,"CASP3 KO","RESISTANCE",0.9,1,"resultados_finais_GSDME_seed_101"
101,"CASP3 KO","PYROPTOSIS",0,1,"resultados_finais_GSDME_seed_101"
101,"CASP3 KO","APOPTOSIS",0,1,"resultados_finais_GSDME_seed_101"
101,"CASP3 KO","CELL_CYCLE_ARREST",0.03125,1,"resultados_finais_GSDME_seed_101"
101,"miR-204-5p OE","PROLIFERATION",0,1,"resultados_finais_GSDME_seed_101"
101,"miR-204-5p OE","RESISTANCE",0,1,"resultados_finais_GSDME_seed_101"
101,"miR-204-5p OE","PYROPTOSIS",0.475,1,"resultados_finais_GSDME_seed_101"
101,"miR-204-5p OE","APOPTOSIS",0,1,"resultados_finais_GSDME_seed_101"
101,"miR-204-5p OE","CELL_CYCLE_ARREST",0.525,1,"resultados_finais_GSDME_seed_101"
101,"miR-204-5p KO","PROLIFERATION",0,1,"resultados_finais_GSDME_seed_101"
101,"miR-204-5p KO","RESISTANCE",1,1,"resultados_finais_GSDME_seed_101"
101,"miR-204-5p KO","PYROPTOSIS",0,1,"resultados_finais_GSDME_seed_101"
101,"miR-204-5p KO","APOPTOSIS",0,1,"resultados_finais_GSDME_seed_101"
101,"miR-204-5p KO","CELL_CYCLE_ARREST",0,1,"resultados_finais_GSDME_seed_101"
101,"MALAT1 OE","PROLIFERATION",0,1,"resultados_finais_GSDME_seed_101"
101,"MALAT1 OE","RESISTANCE",1,1,"resultados_finais_GSDME_seed_101"
101,"MALAT1 OE","PYROPTOSIS",0,1,"resultados_finais_GSDME_seed_101"
101,"MALAT1 OE","APOPTOSIS",0,1,"resultados_finais_GSDME_seed_101"
101,"MALAT1 OE","CELL_CYCLE_ARREST",0,1,"resultados_finais_GSDME_seed_101"
101,"MALAT1 KO","PROLIFERATION",0,1,"resultados_finais_GSDME_seed_101"
101,"MALAT1 KO","RESISTANCE",0.85,1,"resultados_finais_GSDME_seed_101"
101,"MALAT1 KO","PYROPTOSIS",0.09375,1,"resultados_finais_GSDME_seed_101"
101,"MALAT1 KO","APOPTOSIS",0,1,"resultados_finais_GSDME_seed_101"
101,"MALAT1 KO","CELL_CYCLE_ARREST",0.05625,1,"resultados_finais_GSDME_seed_101"
101,"SIRT1 OE","PROLIFERATION",0,1,"resultados_finais_GSDME_seed_101"
101,"SIRT1 OE","RESISTANCE",1,1,"resultados_finais_GSDME_seed_101"
101,"SIRT1 OE","PYROPTOSIS",0,1,"resultados_finais_GSDME_seed_101"
101,"SIRT1 OE","APOPTOSIS",0,1,"resultados_finais_GSDME_seed_101"
101,"SIRT1 OE","CELL_CYCLE_ARREST",0,1,"resultados_finais_GSDME_seed_101"
101,"SIRT1 KO","PROLIFERATION",0,1,"resultados_finais_GSDME_seed_101"
101,"SIRT1 KO","RESISTANCE",0,1,"resultados_finais_GSDME_seed_101"
101,"SIRT1 KO","PYROPTOSIS",0.86875,1,"resultados_finais_GSDME_seed_101"
101,"SIRT1 KO","APOPTOSIS",0,1,"resultados_finais_GSDME_seed_101"
101,"SIRT1 KO","CELL_CYCLE_ARREST",0.13125,1,"resultados_finais_GSDME_seed_101"
101,"BCL2 KO","PROLIFERATION",0,1,"resultados_finais_GSDME_seed_101"
101,"BCL2 KO","RESISTANCE",0.88125,1,"resultados_finais_GSDME_seed_101"
101,"BCL2 KO","PYROPTOSIS",0.075,1,"resultados_finais_GSDME_seed_101"
101,"BCL2 KO","APOPTOSIS",0,1,"resultados_finais_GSDME_seed_101"
101,"BCL2 KO","CELL_CYCLE_ARREST",0.04375,1,"resultados_finais_GSDME_seed_101"
101,"GSDME OE","PROLIFERATION",0,1,"resultados_finais_GSDME_seed_101"
101,"GSDME OE","RESISTANCE",0.875,1,"resultados_finais_GSDME_seed_101"
101,"GSDME OE","PYROPTOSIS",1,1,"resultados_finais_GSDME_seed_101"
101,"GSDME OE","APOPTOSIS",0,1,"resultados_finais_GSDME_seed_101"
101,"GSDME OE","CELL_CYCLE_ARREST",0.075,1,"resultados_finais_GSDME_seed_101"
101,"CASP3 OE","PROLIFERATION",0,1,"resultados_finais_GSDME_seed_101"
101,"CASP3 OE","RESISTANCE",0.89375,1,"resultados_finais_GSDME_seed_101"
101,"CASP3 OE","PYROPTOSIS",1,1,"resultados_finais_GSDME_seed_101"
101,"CASP3 OE","APOPTOSIS",0,1,"resultados_finais_GSDME_seed_101"
101,"CASP3 OE","CELL_CYCLE_ARREST",0,1,"resultados_finais_GSDME_seed_101"
101,"miR-204-5p OE + GSDME KO","PROLIFERATION",0,1,"resultados_finais_GSDME_seed_101"
101,"miR-204-5p OE + GSDME KO","RESISTANCE",0,1,"resultados_finais_GSDME_seed_101"
101,"miR-204-5p OE + GSDME KO","PYROPTOSIS",0,1,"resultados_finais_GSDME_seed_101"
101,"miR-204-5p OE + GSDME KO","APOPTOSIS",0.4875,1,"resultados_finais_GSDME_seed_101"
101,"miR-204-5p OE + GSDME KO","CELL_CYCLE_ARREST",0.5125,1,"resultados_finais_GSDME_seed_101"
101,"CASP3 OE + GSDME KO","PROLIFERATION",0,1,"resultados_finais_GSDME_seed_101"
101,"CASP3 OE + GSDME KO","RESISTANCE",0.9,1,"resultados_finais_GSDME_seed_101"
101,"CASP3 OE + GSDME KO","PYROPTOSIS",0,1,"resultados_finais_GSDME_seed_101"
101,"CASP3 OE + GSDME KO","APOPTOSIS",1,1,"resultados_finais_GSDME_seed_101"
101,"CASP3 OE + GSDME KO","CELL_CYCLE_ARREST",0,1,"resultados_finais_GSDME_seed_101"
101,"SIRT1 KO + GSDME KO","PROLIFERATION",0,0.99375,"resultados_finais_GSDME_seed_101"
101,"SIRT1 KO + GSDME KO","RESISTANCE",0.00625,0.99375,"resultados_finais_GSDME_seed_101"
101,"SIRT1 KO + GSDME KO","PYROPTOSIS",0,0.99375,"resultados_finais_GSDME_seed_101"
101,"SIRT1 KO + GSDME KO","APOPTOSIS",0.925,0.99375,"resultados_finais_GSDME_seed_101"
101,"SIRT1 KO + GSDME KO","CELL_CYCLE_ARREST",0.075,0.99375,"resultados_finais_GSDME_seed_101"
101,"MALAT1 KO + GSDME KO","PROLIFERATION",0,1,"resultados_finais_GSDME_seed_101"
101,"MALAT1 KO + GSDME KO","RESISTANCE",0.9,1,"resultados_finais_GSDME_seed_101"
101,"MALAT1 KO + GSDME KO","PYROPTOSIS",0,1,"resultados_finais_GSDME_seed_101"
101,"MALAT1 KO + GSDME KO","APOPTOSIS",0.0375,1,"resultados_finais_GSDME_seed_101"
101,"MALAT1 KO + GSDME KO","CELL_CYCLE_ARREST",0.0625,1,"resultados_finais_GSDME_seed_101"
101,"miR-204-5p OE + CASP3 KO","PROLIFERATION",0,1,"resultados_finais_GSDME_seed_101"
101,"miR-204-5p OE + CASP3 KO","RESISTANCE",0,1,"resultados_finais_GSDME_seed_101"
101,"miR-204-5p OE + CASP3 KO","PYROPTOSIS",0,1,"resultados_finais_GSDME_seed_101"
101,"miR-204-5p OE + CASP3 KO","APOPTOSIS",0,1,"resultados_finais_GSDME_seed_101"
101,"miR-204-5p OE + CASP3 KO","CELL_CYCLE_ARREST",0.49375,1,"resultados_finais_GSDME_seed_101"
101,"GSDME E1 + CASP3 E1","PROLIFERATION",0,1,"resultados_finais_GSDME_seed_101"
101,"GSDME E1 + CASP3 E1","RESISTANCE",0.925,1,"resultados_finais_GSDME_seed_101"
101,"GSDME E1 + CASP3 E1","PYROPTOSIS",1,1,"resultados_finais_GSDME_seed_101"
101,"GSDME E1 + CASP3 E1","APOPTOSIS",0,1,"resultados_finais_GSDME_seed_101"
101,"GSDME E1 + CASP3 E1","CELL_CYCLE_ARREST",0,1,"resultados_finais_GSDME_seed_101"
101,"p53 E1 + miR-204-5p E1 + CASP3 KO + p21 E1","PROLIFERATION",0,1,"resultados_finais_GSDME_seed_101"
101,"p53 E1 + miR-204-5p E1 + CASP3 KO + p21 E1","RESISTANCE",0,1,"resultados_finais_GSDME_seed_101"
101,"p53 E1 + miR-204-5p E1 + CASP3 KO + p21 E1","PYROPTOSIS",0,1,"resultados_finais_GSDME_seed_101"
101,"p53 E1 + miR-204-5p E1 + CASP3 KO + p21 E1","APOPTOSIS",0,1,"resultados_finais_GSDME_seed_101"
101,"p53 E1 + miR-204-5p E1 + CASP3 KO + p21 E1","CELL_CYCLE_ARREST",1,1,"resultados_finais_GSDME_seed_101"
101,"MALAT1 E1 + miR-204-5p KO + SIRT1 E1","PROLIFERATION",0,1,"resultados_finais_GSDME_seed_101"
101,"MALAT1 E1 + miR-204-5p KO + SIRT1 E1","RESISTANCE",1,1,"resultados_finais_GSDME_seed_101"
101,"MALAT1 E1 + miR-204-5p KO + SIRT1 E1","PYROPTOSIS",0,1,"resultados_finais_GSDME_seed_101"
101,"MALAT1 E1 + miR-204-5p KO + SIRT1 E1","APOPTOSIS",0,1,"resultados_finais_GSDME_seed_101"
101,"MALAT1 E1 + miR-204-5p KO + SIRT1 E1","CELL_CYCLE_ARREST",0,1,"resultados_finais_GSDME_seed_101"
101,"SIRT1 KO + GSDME KO + CASP3 E1","PROLIFERATION",0,1,"resultados_finais_GSDME_seed_101"
101,"SIRT1 KO + GSDME KO + CASP3 E1","RESISTANCE",0,1,"resultados_finais_GSDME_seed_101"
101,"SIRT1 KO + GSDME KO + CASP3 E1","PYROPTOSIS",0,1,"resultados_finais_GSDME_seed_101"
101,"SIRT1 KO + GSDME KO + CASP3 E1","APOPTOSIS",1,1,"resultados_finais_GSDME_seed_101"
101,"SIRT1 KO + GSDME KO + CASP3 E1","CELL_CYCLE_ARREST",0,1,"resultados_finais_GSDME_seed_101"
101,"BAX E1","PROLIFERATION",0,1,"resultados_finais_GSDME_seed_101"
101,"BAX E1","RESISTANCE",0.93125,1,"resultados_finais_GSDME_seed_101"
101,"BAX E1","PYROPTOSIS",0.0625,1,"resultados_finais_GSDME_seed_101"
101,"BAX E1","APOPTOSIS",0,1,"resultados_finais_GSDME_seed_101"
101,"BAX E1","CELL_CYCLE_ARREST",0.00625,1,"resultados_finais_GSDME_seed_101"
101,"BAX E1 + GSDME KO","PROLIFERATION",0,1,"resultados_finais_GSDME_seed_101"
101,"BAX E1 + GSDME KO","RESISTANCE",0.9375,1,"resultados_finais_GSDME_seed_101"
101,"BAX E1 + GSDME KO","PYROPTOSIS",0,1,"resultados_finais_GSDME_seed_101"
101,"BAX E1 + GSDME KO","APOPTOSIS",0.05,1,"resultados_finais_GSDME_seed_101"
101,"BAX E1 + GSDME KO","CELL_CYCLE_ARREST",0.0125,1,"resultados_finais_GSDME_seed_101"
101,"p53 E1","PROLIFERATION",0,1,"resultados_finais_GSDME_seed_101"
101,"p53 E1","RESISTANCE",0.575,1,"resultados_finais_GSDME_seed_101"
101,"p53 E1","PYROPTOSIS",0.2875,1,"resultados_finais_GSDME_seed_101"
101,"p53 E1","APOPTOSIS",0,1,"resultados_finais_GSDME_seed_101"
101,"p53 E1","CELL_CYCLE_ARREST",0.1375,1,"resultados_finais_GSDME_seed_101"
101,"p53 KO","PROLIFERATION",0,1,"resultados_finais_GSDME_seed_101"
101,"p53 KO","RESISTANCE",1,1,"resultados_finais_GSDME_seed_101"
101,"p53 KO","PYROPTOSIS",0,1,"resultados_finais_GSDME_seed_101"
101,"p53 KO","APOPTOSIS",0,1,"resultados_finais_GSDME_seed_101"
101,"p53 KO","CELL_CYCLE_ARREST",0,1,"resultados_finais_GSDME_seed_101"
101,"p21 E1","PROLIFERATION",0,1,"resultados_finais_GSDME_seed_101"
101,"p21 E1","RESISTANCE",0.875,1,"resultados_finais_GSDME_seed_101"
101,"p21 E1","PYROPTOSIS",0.00625,1,"resultados_finais_GSDME_seed_101"
101,"p21 E1","APOPTOSIS",0,1,"resultados_finais_GSDME_seed_101"
101,"p21 E1","CELL_CYCLE_ARREST",0.11875,1,"resultados_finais_GSDME_seed_101"
204,"Reference: DDR ON, GSDME endogenous","PROLIFERATION",0,1,"resultados_finais_GSDME_seed_204"
204,"Reference: DDR ON, GSDME endogenous","RESISTANCE",0.9375,1,"resultados_finais_GSDME_seed_204"
204,"Reference: DDR ON, GSDME endogenous","PYROPTOSIS",0.0375,1,"resultados_finais_GSDME_seed_204"
204,"Reference: DDR ON, GSDME endogenous","APOPTOSIS",0,1,"resultados_finais_GSDME_seed_204"
204,"Reference: DDR ON, GSDME endogenous","CELL_CYCLE_ARREST",0.025,1,"resultados_finais_GSDME_seed_204"
204,"GSDME KO","PROLIFERATION",0,1,"resultados_finais_GSDME_seed_204"
204,"GSDME KO","RESISTANCE",0.9375,1,"resultados_finais_GSDME_seed_204"
204,"GSDME KO","PYROPTOSIS",0,1,"resultados_finais_GSDME_seed_204"
204,"GSDME KO","APOPTOSIS",0.05625,1,"resultados_finais_GSDME_seed_204"
204,"GSDME KO","CELL_CYCLE_ARREST",0.00625,1,"resultados_finais_GSDME_seed_204"
204,"CASP3 KO","PROLIFERATION",0,1,"resultados_finais_GSDME_seed_204"
204,"CASP3 KO","RESISTANCE",0.9125,1,"resultados_finais_GSDME_seed_204"
204,"CASP3 KO","PYROPTOSIS",0,1,"resultados_finais_GSDME_seed_204"
204,"CASP3 KO","APOPTOSIS",0,1,"resultados_finais_GSDME_seed_204"
204,"CASP3 KO","CELL_CYCLE_ARREST",0.0375,1,"resultados_finais_GSDME_seed_204"
204,"miR-204-5p OE","PROLIFERATION",0,1,"resultados_finais_GSDME_seed_204"
204,"miR-204-5p OE","RESISTANCE",0,1,"resultados_finais_GSDME_seed_204"
204,"miR-204-5p OE","PYROPTOSIS",0.45,1,"resultados_finais_GSDME_seed_204"
204,"miR-204-5p OE","APOPTOSIS",0,1,"resultados_finais_GSDME_seed_204"
204,"miR-204-5p OE","CELL_CYCLE_ARREST",0.55,1,"resultados_finais_GSDME_seed_204"
204,"miR-204-5p KO","PROLIFERATION",0,1,"resultados_finais_GSDME_seed_204"
204,"miR-204-5p KO","RESISTANCE",1,1,"resultados_finais_GSDME_seed_204"
204,"miR-204-5p KO","PYROPTOSIS",0,1,"resultados_finais_GSDME_seed_204"
204,"miR-204-5p KO","APOPTOSIS",0,1,"resultados_finais_GSDME_seed_204"
204,"miR-204-5p KO","CELL_CYCLE_ARREST",0,1,"resultados_finais_GSDME_seed_204"
204,"MALAT1 OE","PROLIFERATION",0,1,"resultados_finais_GSDME_seed_204"
204,"MALAT1 OE","RESISTANCE",1,1,"resultados_finais_GSDME_seed_204"
204,"MALAT1 OE","PYROPTOSIS",0,1,"resultados_finais_GSDME_seed_204"
204,"MALAT1 OE","APOPTOSIS",0,1,"resultados_finais_GSDME_seed_204"
204,"MALAT1 OE","CELL_CYCLE_ARREST",0,1,"resultados_finais_GSDME_seed_204"
204,"MALAT1 KO","PROLIFERATION",0,1,"resultados_finais_GSDME_seed_204"
204,"MALAT1 KO","RESISTANCE",0.825,1,"resultados_finais_GSDME_seed_204"
204,"MALAT1 KO","PYROPTOSIS",0.1125,1,"resultados_finais_GSDME_seed_204"
204,"MALAT1 KO","APOPTOSIS",0,1,"resultados_finais_GSDME_seed_204"
204,"MALAT1 KO","CELL_CYCLE_ARREST",0.0625,1,"resultados_finais_GSDME_seed_204"
204,"SIRT1 OE","PROLIFERATION",0,1,"resultados_finais_GSDME_seed_204"
204,"SIRT1 OE","RESISTANCE",1,1,"resultados_finais_GSDME_seed_204"
204,"SIRT1 OE","PYROPTOSIS",0,1,"resultados_finais_GSDME_seed_204"
204,"SIRT1 OE","APOPTOSIS",0,1,"resultados_finais_GSDME_seed_204"
204,"SIRT1 OE","CELL_CYCLE_ARREST",0,1,"resultados_finais_GSDME_seed_204"
204,"SIRT1 KO","PROLIFERATION",0,1,"resultados_finais_GSDME_seed_204"
204,"SIRT1 KO","RESISTANCE",0,1,"resultados_finais_GSDME_seed_204"
204,"SIRT1 KO","PYROPTOSIS",0.93125,1,"resultados_finais_GSDME_seed_204"
204,"SIRT1 KO","APOPTOSIS",0,1,"resultados_finais_GSDME_seed_204"
204,"SIRT1 KO","CELL_CYCLE_ARREST",0.06875,1,"resultados_finais_GSDME_seed_204"
204,"BCL2 KO","PROLIFERATION",0,1,"resultados_finais_GSDME_seed_204"
204,"BCL2 KO","RESISTANCE",0.9,1,"resultados_finais_GSDME_seed_204"
204,"BCL2 KO","PYROPTOSIS",0.05625,1,"resultados_finais_GSDME_seed_204"
204,"BCL2 KO","APOPTOSIS",0,1,"resultados_finais_GSDME_seed_204"
204,"BCL2 KO","CELL_CYCLE_ARREST",0.04375,1,"resultados_finais_GSDME_seed_204"
204,"GSDME OE","PROLIFERATION",0,1,"resultados_finais_GSDME_seed_204"
204,"GSDME OE","RESISTANCE",0.91875,1,"resultados_finais_GSDME_seed_204"
204,"GSDME OE","PYROPTOSIS",1,1,"resultados_finais_GSDME_seed_204"
204,"GSDME OE","APOPTOSIS",0,1,"resultados_finais_GSDME_seed_204"
204,"GSDME OE","CELL_CYCLE_ARREST",0.0125,1,"resultados_finais_GSDME_seed_204"
204,"CASP3 OE","PROLIFERATION",0,1,"resultados_finais_GSDME_seed_204"
204,"CASP3 OE","RESISTANCE",0.90625,1,"resultados_finais_GSDME_seed_204"
204,"CASP3 OE","PYROPTOSIS",1,1,"resultados_finais_GSDME_seed_204"
204,"CASP3 OE","APOPTOSIS",0,1,"resultados_finais_GSDME_seed_204"
204,"CASP3 OE","CELL_CYCLE_ARREST",0,1,"resultados_finais_GSDME_seed_204"
204,"miR-204-5p OE + GSDME KO","PROLIFERATION",0,1,"resultados_finais_GSDME_seed_204"
204,"miR-204-5p OE + GSDME KO","RESISTANCE",0,1,"resultados_finais_GSDME_seed_204"
204,"miR-204-5p OE + GSDME KO","PYROPTOSIS",0,1,"resultados_finais_GSDME_seed_204"
204,"miR-204-5p OE + GSDME KO","APOPTOSIS",0.51875,1,"resultados_finais_GSDME_seed_204"
204,"miR-204-5p OE + GSDME KO","CELL_CYCLE_ARREST",0.48125,1,"resultados_finais_GSDME_seed_204"
204,"CASP3 OE + GSDME KO","PROLIFERATION",0,1,"resultados_finais_GSDME_seed_204"
204,"CASP3 OE + GSDME KO","RESISTANCE",0.90625,1,"resultados_finais_GSDME_seed_204"
204,"CASP3 OE + GSDME KO","PYROPTOSIS",0,1,"resultados_finais_GSDME_seed_204"
204,"CASP3 OE + GSDME KO","APOPTOSIS",1,1,"resultados_finais_GSDME_seed_204"
204,"CASP3 OE + GSDME KO","CELL_CYCLE_ARREST",0,1,"resultados_finais_GSDME_seed_204"
204,"SIRT1 KO + GSDME KO","PROLIFERATION",0,1,"resultados_finais_GSDME_seed_204"
204,"SIRT1 KO + GSDME KO","RESISTANCE",0,1,"resultados_finais_GSDME_seed_204"
204,"SIRT1 KO + GSDME KO","PYROPTOSIS",0,1,"resultados_finais_GSDME_seed_204"
204,"SIRT1 KO + GSDME KO","APOPTOSIS",0.93125,1,"resultados_finais_GSDME_seed_204"
204,"SIRT1 KO + GSDME KO","CELL_CYCLE_ARREST",0.06875,1,"resultados_finais_GSDME_seed_204"
204,"MALAT1 KO + GSDME KO","PROLIFERATION",0,1,"resultados_finais_GSDME_seed_204"
204,"MALAT1 KO + GSDME KO","RESISTANCE",0.81875,1,"resultados_finais_GSDME_seed_204"
204,"MALAT1 KO + GSDME KO","PYROPTOSIS",0,1,"resultados_finais_GSDME_seed_204"
204,"MALAT1 KO + GSDME KO","APOPTOSIS",0.09375,1,"resultados_finais_GSDME_seed_204"
204,"MALAT1 KO + GSDME KO","CELL_CYCLE_ARREST",0.0875,1,"resultados_finais_GSDME_seed_204"
204,"miR-204-5p OE + CASP3 KO","PROLIFERATION",0,1,"resultados_finais_GSDME_seed_204"
204,"miR-204-5p OE + CASP3 KO","RESISTANCE",0,1,"resultados_finais_GSDME_seed_204"
204,"miR-204-5p OE + CASP3 KO","PYROPTOSIS",0,1,"resultados_finais_GSDME_seed_204"
204,"miR-204-5p OE + CASP3 KO","APOPTOSIS",0,1,"resultados_finais_GSDME_seed_204"
204,"miR-204-5p OE + CASP3 KO","CELL_CYCLE_ARREST",0.5,1,"resultados_finais_GSDME_seed_204"
204,"GSDME E1 + CASP3 E1","PROLIFERATION",0,1,"resultados_finais_GSDME_seed_204"
204,"GSDME E1 + CASP3 E1","RESISTANCE",0.91875,1,"resultados_finais_GSDME_seed_204"
204,"GSDME E1 + CASP3 E1","PYROPTOSIS",1,1,"resultados_finais_GSDME_seed_204"
204,"GSDME E1 + CASP3 E1","APOPTOSIS",0,1,"resultados_finais_GSDME_seed_204"
204,"GSDME E1 + CASP3 E1","CELL_CYCLE_ARREST",0,1,"resultados_finais_GSDME_seed_204"
204,"p53 E1 + miR-204-5p E1 + CASP3 KO + p21 E1","PROLIFERATION",0,1,"resultados_finais_GSDME_seed_204"
204,"p53 E1 + miR-204-5p E1 + CASP3 KO + p21 E1","RESISTANCE",0,1,"resultados_finais_GSDME_seed_204"
204,"p53 E1 + miR-204-5p E1 + CASP3 KO + p21 E1","PYROPTOSIS",0,1,"resultados_finais_GSDME_seed_204"
204,"p53 E1 + miR-204-5p E1 + CASP3 KO + p21 E1","APOPTOSIS",0,1,"resultados_finais_GSDME_seed_204"
204,"p53 E1 + miR-204-5p E1 + CASP3 KO + p21 E1","CELL_CYCLE_ARREST",1,1,"resultados_finais_GSDME_seed_204"
204,"MALAT1 E1 + miR-204-5p KO + SIRT1 E1","PROLIFERATION",0,1,"resultados_finais_GSDME_seed_204"
204,"MALAT1 E1 + miR-204-5p KO + SIRT1 E1","RESISTANCE",1,1,"resultados_finais_GSDME_seed_204"
204,"MALAT1 E1 + miR-204-5p KO + SIRT1 E1","PYROPTOSIS",0,1,"resultados_finais_GSDME_seed_204"
204,"MALAT1 E1 + miR-204-5p KO + SIRT1 E1","APOPTOSIS",0,1,"resultados_finais_GSDME_seed_204"
204,"MALAT1 E1 + miR-204-5p KO + SIRT1 E1","CELL_CYCLE_ARREST",0,1,"resultados_finais_GSDME_seed_204"
204,"SIRT1 KO + GSDME KO + CASP3 E1","PROLIFERATION",0,1,"resultados_finais_GSDME_seed_204"
204,"SIRT1 KO + GSDME KO + CASP3 E1","RESISTANCE",0,1,"resultados_finais_GSDME_seed_204"
204,"SIRT1 KO + GSDME KO + CASP3 E1","PYROPTOSIS",0,1,"resultados_finais_GSDME_seed_204"
204,"SIRT1 KO + GSDME KO + CASP3 E1","APOPTOSIS",1,1,"resultados_finais_GSDME_seed_204"
204,"SIRT1 KO + GSDME KO + CASP3 E1","CELL_CYCLE_ARREST",0,1,"resultados_finais_GSDME_seed_204"
204,"BAX E1","PROLIFERATION",0,1,"resultados_finais_GSDME_seed_204"
204,"BAX E1","RESISTANCE",0.95625,1,"resultados_finais_GSDME_seed_204"
204,"BAX E1","PYROPTOSIS",0.0375,1,"resultados_finais_GSDME_seed_204"
204,"BAX E1","APOPTOSIS",0,1,"resultados_finais_GSDME_seed_204"
204,"BAX E1","CELL_CYCLE_ARREST",0.00625,1,"resultados_finais_GSDME_seed_204"
204,"BAX E1 + GSDME KO","PROLIFERATION",0,1,"resultados_finais_GSDME_seed_204"
204,"BAX E1 + GSDME KO","RESISTANCE",0.89375,1,"resultados_finais_GSDME_seed_204"
204,"BAX E1 + GSDME KO","PYROPTOSIS",0,1,"resultados_finais_GSDME_seed_204"
204,"BAX E1 + GSDME KO","APOPTOSIS",0.08125,1,"resultados_finais_GSDME_seed_204"
204,"BAX E1 + GSDME KO","CELL_CYCLE_ARREST",0.025,1,"resultados_finais_GSDME_seed_204"
204,"p53 E1","PROLIFERATION",0,1,"resultados_finais_GSDME_seed_204"
204,"p53 E1","RESISTANCE",0.61875,1,"resultados_finais_GSDME_seed_204"
204,"p53 E1","PYROPTOSIS",0.23125,1,"resultados_finais_GSDME_seed_204"
204,"p53 E1","APOPTOSIS",0,1,"resultados_finais_GSDME_seed_204"
204,"p53 E1","CELL_CYCLE_ARREST",0.15,1,"resultados_finais_GSDME_seed_204"
204,"p53 KO","PROLIFERATION",0,1,"resultados_finais_GSDME_seed_204"
204,"p53 KO","RESISTANCE",1,1,"resultados_finais_GSDME_seed_204"
204,"p53 KO","PYROPTOSIS",0,1,"resultados_finais_GSDME_seed_204"
204,"p53 KO","APOPTOSIS",0,1,"resultados_finais_GSDME_seed_204"
204,"p53 KO","CELL_CYCLE_ARREST",0,1,"resultados_finais_GSDME_seed_204"
204,"p21 E1","PROLIFERATION",0,1,"resultados_finais_GSDME_seed_204"
204,"p21 E1","RESISTANCE",0.8625,1,"resultados_finais_GSDME_seed_204"
204,"p21 E1","PYROPTOSIS",0.0125,1,"resultados_finais_GSDME_seed_204"
204,"p21 E1","APOPTOSIS",0,1,"resultados_finais_GSDME_seed_204"
204,"p21 E1","CELL_CYCLE_ARREST",0.125,1,"resultados_finais_GSDME_seed_204"
307,"Reference: DDR ON, GSDME endogenous","PROLIFERATION",0,1,"resultados_finais_GSDME_seed_307"
307,"Reference: DDR ON, GSDME endogenous","RESISTANCE",0.93125,1,"resultados_finais_GSDME_seed_307"
307,"Reference: DDR ON, GSDME endogenous","PYROPTOSIS",0.025,1,"resultados_finais_GSDME_seed_307"
307,"Reference: DDR ON, GSDME endogenous","APOPTOSIS",0,1,"resultados_finais_GSDME_seed_307"
307,"Reference: DDR ON, GSDME endogenous","CELL_CYCLE_ARREST",0.04375,1,"resultados_finais_GSDME_seed_307"
307,"GSDME KO","PROLIFERATION",0,1,"resultados_finais_GSDME_seed_307"
307,"GSDME KO","RESISTANCE",0.90625,1,"resultados_finais_GSDME_seed_307"
307,"GSDME KO","PYROPTOSIS",0,1,"resultados_finais_GSDME_seed_307"
307,"GSDME KO","APOPTOSIS",0.05,1,"resultados_finais_GSDME_seed_307"
307,"GSDME KO","CELL_CYCLE_ARREST",0.04375,1,"resultados_finais_GSDME_seed_307"
307,"CASP3 KO","PROLIFERATION",0,1,"resultados_finais_GSDME_seed_307"
307,"CASP3 KO","RESISTANCE",0.90625,1,"resultados_finais_GSDME_seed_307"
307,"CASP3 KO","PYROPTOSIS",0,1,"resultados_finais_GSDME_seed_307"
307,"CASP3 KO","APOPTOSIS",0,1,"resultados_finais_GSDME_seed_307"
307,"CASP3 KO","CELL_CYCLE_ARREST",0.0375,1,"resultados_finais_GSDME_seed_307"
307,"miR-204-5p OE","PROLIFERATION",0,1,"resultados_finais_GSDME_seed_307"
307,"miR-204-5p OE","RESISTANCE",0,1,"resultados_finais_GSDME_seed_307"
307,"miR-204-5p OE","PYROPTOSIS",0.4875,1,"resultados_finais_GSDME_seed_307"
307,"miR-204-5p OE","APOPTOSIS",0,1,"resultados_finais_GSDME_seed_307"
307,"miR-204-5p OE","CELL_CYCLE_ARREST",0.5125,1,"resultados_finais_GSDME_seed_307"
307,"miR-204-5p KO","PROLIFERATION",0,1,"resultados_finais_GSDME_seed_307"
307,"miR-204-5p KO","RESISTANCE",1,1,"resultados_finais_GSDME_seed_307"
307,"miR-204-5p KO","PYROPTOSIS",0,1,"resultados_finais_GSDME_seed_307"
307,"miR-204-5p KO","APOPTOSIS",0,1,"resultados_finais_GSDME_seed_307"
307,"miR-204-5p KO","CELL_CYCLE_ARREST",0,1,"resultados_finais_GSDME_seed_307"
307,"MALAT1 OE","PROLIFERATION",0,1,"resultados_finais_GSDME_seed_307"
307,"MALAT1 OE","RESISTANCE",1,1,"resultados_finais_GSDME_seed_307"
307,"MALAT1 OE","PYROPTOSIS",0,1,"resultados_finais_GSDME_seed_307"
307,"MALAT1 OE","APOPTOSIS",0,1,"resultados_finais_GSDME_seed_307"
307,"MALAT1 OE","CELL_CYCLE_ARREST",0,1,"resultados_finais_GSDME_seed_307"
307,"MALAT1 KO","PROLIFERATION",0,1,"resultados_finais_GSDME_seed_307"
307,"MALAT1 KO","RESISTANCE",0.8625,1,"resultados_finais_GSDME_seed_307"
307,"MALAT1 KO","PYROPTOSIS",0.05,1,"resultados_finais_GSDME_seed_307"
307,"MALAT1 KO","APOPTOSIS",0,1,"resultados_finais_GSDME_seed_307"
307,"MALAT1 KO","CELL_CYCLE_ARREST",0.0875,1,"resultados_finais_GSDME_seed_307"
307,"SIRT1 OE","PROLIFERATION",0,1,"resultados_finais_GSDME_seed_307"
307,"SIRT1 OE","RESISTANCE",1,1,"resultados_finais_GSDME_seed_307"
307,"SIRT1 OE","PYROPTOSIS",0,1,"resultados_finais_GSDME_seed_307"
307,"SIRT1 OE","APOPTOSIS",0,1,"resultados_finais_GSDME_seed_307"
307,"SIRT1 OE","CELL_CYCLE_ARREST",0,1,"resultados_finais_GSDME_seed_307"
307,"SIRT1 KO","PROLIFERATION",0,1,"resultados_finais_GSDME_seed_307"
307,"SIRT1 KO","RESISTANCE",0,1,"resultados_finais_GSDME_seed_307"
307,"SIRT1 KO","PYROPTOSIS",0.95625,1,"resultados_finais_GSDME_seed_307"
307,"SIRT1 KO","APOPTOSIS",0,1,"resultados_finais_GSDME_seed_307"
307,"SIRT1 KO","CELL_CYCLE_ARREST",0.04375,1,"resultados_finais_GSDME_seed_307"
307,"BCL2 KO","PROLIFERATION",0,1,"resultados_finais_GSDME_seed_307"
307,"BCL2 KO","RESISTANCE",0.89375,1,"resultados_finais_GSDME_seed_307"
307,"BCL2 KO","PYROPTOSIS",0.0625,1,"resultados_finais_GSDME_seed_307"
307,"BCL2 KO","APOPTOSIS",0,1,"resultados_finais_GSDME_seed_307"
307,"BCL2 KO","CELL_CYCLE_ARREST",0.04375,1,"resultados_finais_GSDME_seed_307"
307,"GSDME OE","PROLIFERATION",0,1,"resultados_finais_GSDME_seed_307"
307,"GSDME OE","RESISTANCE",0.8875,1,"resultados_finais_GSDME_seed_307"
307,"GSDME OE","PYROPTOSIS",1,1,"resultados_finais_GSDME_seed_307"
307,"GSDME OE","APOPTOSIS",0,1,"resultados_finais_GSDME_seed_307"
307,"GSDME OE","CELL_CYCLE_ARREST",0.05,1,"resultados_finais_GSDME_seed_307"
307,"CASP3 OE","PROLIFERATION",0,1,"resultados_finais_GSDME_seed_307"
307,"CASP3 OE","RESISTANCE",0.93125,1,"resultados_finais_GSDME_seed_307"
307,"CASP3 OE","PYROPTOSIS",1,1,"resultados_finais_GSDME_seed_307"
307,"CASP3 OE","APOPTOSIS",0,1,"resultados_finais_GSDME_seed_307"
307,"CASP3 OE","CELL_CYCLE_ARREST",0,1,"resultados_finais_GSDME_seed_307"
307,"miR-204-5p OE + GSDME KO","PROLIFERATION",0,1,"resultados_finais_GSDME_seed_307"
307,"miR-204-5p OE + GSDME KO","RESISTANCE",0,1,"resultados_finais_GSDME_seed_307"
307,"miR-204-5p OE + GSDME KO","PYROPTOSIS",0,1,"resultados_finais_GSDME_seed_307"
307,"miR-204-5p OE + GSDME KO","APOPTOSIS",0.48125,1,"resultados_finais_GSDME_seed_307"
307,"miR-204-5p OE + GSDME KO","CELL_CYCLE_ARREST",0.51875,1,"resultados_finais_GSDME_seed_307"
307,"CASP3 OE + GSDME KO","PROLIFERATION",0,1,"resultados_finais_GSDME_seed_307"
307,"CASP3 OE + GSDME KO","RESISTANCE",0.93125,1,"resultados_finais_GSDME_seed_307"
307,"CASP3 OE + GSDME KO","PYROPTOSIS",0,1,"resultados_finais_GSDME_seed_307"
307,"CASP3 OE + GSDME KO","APOPTOSIS",1,1,"resultados_finais_GSDME_seed_307"
307,"CASP3 OE + GSDME KO","CELL_CYCLE_ARREST",0,1,"resultados_finais_GSDME_seed_307"
307,"SIRT1 KO + GSDME KO","PROLIFERATION",0,1,"resultados_finais_GSDME_seed_307"
307,"SIRT1 KO + GSDME KO","RESISTANCE",0,1,"resultados_finais_GSDME_seed_307"
307,"SIRT1 KO + GSDME KO","PYROPTOSIS",0,1,"resultados_finais_GSDME_seed_307"
307,"SIRT1 KO + GSDME KO","APOPTOSIS",0.90625,1,"resultados_finais_GSDME_seed_307"
307,"SIRT1 KO + GSDME KO","CELL_CYCLE_ARREST",0.09375,1,"resultados_finais_GSDME_seed_307"
307,"MALAT1 KO + GSDME KO","PROLIFERATION",0,1,"resultados_finais_GSDME_seed_307"
307,"MALAT1 KO + GSDME KO","RESISTANCE",0.85,1,"resultados_finais_GSDME_seed_307"
307,"MALAT1 KO + GSDME KO","PYROPTOSIS",0,1,"resultados_finais_GSDME_seed_307"
307,"MALAT1 KO + GSDME KO","APOPTOSIS",0.1,1,"resultados_finais_GSDME_seed_307"
307,"MALAT1 KO + GSDME KO","CELL_CYCLE_ARREST",0.05,1,"resultados_finais_GSDME_seed_307"
307,"miR-204-5p OE + CASP3 KO","PROLIFERATION",0,1,"resultados_finais_GSDME_seed_307"
307,"miR-204-5p OE + CASP3 KO","RESISTANCE",0,1,"resultados_finais_GSDME_seed_307"
307,"miR-204-5p OE + CASP3 KO","PYROPTOSIS",0,1,"resultados_finais_GSDME_seed_307"
307,"miR-204-5p OE + CASP3 KO","APOPTOSIS",0,1,"resultados_finais_GSDME_seed_307"
307,"miR-204-5p OE + CASP3 KO","CELL_CYCLE_ARREST",0.4125,1,"resultados_finais_GSDME_seed_307"
307,"GSDME E1 + CASP3 E1","PROLIFERATION",0,1,"resultados_finais_GSDME_seed_307"
307,"GSDME E1 + CASP3 E1","RESISTANCE",0.88125,1,"resultados_finais_GSDME_seed_307"
307,"GSDME E1 + CASP3 E1","PYROPTOSIS",1,1,"resultados_finais_GSDME_seed_307"
307,"GSDME E1 + CASP3 E1","APOPTOSIS",0,1,"resultados_finais_GSDME_seed_307"
307,"GSDME E1 + CASP3 E1","CELL_CYCLE_ARREST",0,1,"resultados_finais_GSDME_seed_307"
307,"p53 E1 + miR-204-5p E1 + CASP3 KO + p21 E1","PROLIFERATION",0,1,"resultados_finais_GSDME_seed_307"
307,"p53 E1 + miR-204-5p E1 + CASP3 KO + p21 E1","RESISTANCE",0,1,"resultados_finais_GSDME_seed_307"
307,"p53 E1 + miR-204-5p E1 + CASP3 KO + p21 E1","PYROPTOSIS",0,1,"resultados_finais_GSDME_seed_307"
307,"p53 E1 + miR-204-5p E1 + CASP3 KO + p21 E1","APOPTOSIS",0,1,"resultados_finais_GSDME_seed_307"
307,"p53 E1 + miR-204-5p E1 + CASP3 KO + p21 E1","CELL_CYCLE_ARREST",1,1,"resultados_finais_GSDME_seed_307"
307,"MALAT1 E1 + miR-204-5p KO + SIRT1 E1","PROLIFERATION",0,1,"resultados_finais_GSDME_seed_307"
307,"MALAT1 E1 + miR-204-5p KO + SIRT1 E1","RESISTANCE",1,1,"resultados_finais_GSDME_seed_307"
307,"MALAT1 E1 + miR-204-5p KO + SIRT1 E1","PYROPTOSIS",0,1,"resultados_finais_GSDME_seed_307"
307,"MALAT1 E1 + miR-204-5p KO + SIRT1 E1","APOPTOSIS",0,1,"resultados_finais_GSDME_seed_307"
307,"MALAT1 E1 + miR-204-5p KO + SIRT1 E1","CELL_CYCLE_ARREST",0,1,"resultados_finais_GSDME_seed_307"
307,"SIRT1 KO + GSDME KO + CASP3 E1","PROLIFERATION",0,1,"resultados_finais_GSDME_seed_307"
307,"SIRT1 KO + GSDME KO + CASP3 E1","RESISTANCE",0,1,"resultados_finais_GSDME_seed_307"
307,"SIRT1 KO + GSDME KO + CASP3 E1","PYROPTOSIS",0,1,"resultados_finais_GSDME_seed_307"
307,"SIRT1 KO + GSDME KO + CASP3 E1","APOPTOSIS",1,1,"resultados_finais_GSDME_seed_307"
307,"SIRT1 KO + GSDME KO + CASP3 E1","CELL_CYCLE_ARREST",0,1,"resultados_finais_GSDME_seed_307"
307,"BAX E1","PROLIFERATION",0,1,"resultados_finais_GSDME_seed_307"
307,"BAX E1","RESISTANCE",0.90625,1,"resultados_finais_GSDME_seed_307"
307,"BAX E1","PYROPTOSIS",0.08125,1,"resultados_finais_GSDME_seed_307"
307,"BAX E1","APOPTOSIS",0,1,"resultados_finais_GSDME_seed_307"
307,"BAX E1","CELL_CYCLE_ARREST",0.0125,1,"resultados_finais_GSDME_seed_307"
307,"BAX E1 + GSDME KO","PROLIFERATION",0,1,"resultados_finais_GSDME_seed_307"
307,"BAX E1 + GSDME KO","RESISTANCE",0.9,1,"resultados_finais_GSDME_seed_307"
307,"BAX E1 + GSDME KO","PYROPTOSIS",0,1,"resultados_finais_GSDME_seed_307"
307,"BAX E1 + GSDME KO","APOPTOSIS",0.09375,1,"resultados_finais_GSDME_seed_307"
307,"BAX E1 + GSDME KO","CELL_CYCLE_ARREST",0.00625,1,"resultados_finais_GSDME_seed_307"
307,"p53 E1","PROLIFERATION",0,1,"resultados_finais_GSDME_seed_307"
307,"p53 E1","RESISTANCE",0.63125,1,"resultados_finais_GSDME_seed_307"
307,"p53 E1","PYROPTOSIS",0.2,1,"resultados_finais_GSDME_seed_307"
307,"p53 E1","APOPTOSIS",0,1,"resultados_finais_GSDME_seed_307"
307,"p53 E1","CELL_CYCLE_ARREST",0.16875,1,"resultados_finais_GSDME_seed_307"
307,"p53 KO","PROLIFERATION",0,1,"resultados_finais_GSDME_seed_307"
307,"p53 KO","RESISTANCE",1,1,"resultados_finais_GSDME_seed_307"
307,"p53 KO","PYROPTOSIS",0,1,"resultados_finais_GSDME_seed_307"
307,"p53 KO","APOPTOSIS",0,1,"resultados_finais_GSDME_seed_307"
307,"p53 KO","CELL_CYCLE_ARREST",0,1,"resultados_finais_GSDME_seed_307"
307,"p21 E1","PROLIFERATION",0,1,"resultados_finais_GSDME_seed_307"
307,"p21 E1","RESISTANCE",0.93125,1,"resultados_finais_GSDME_seed_307"
307,"p21 E1","PYROPTOSIS",0.00625,1,"resultados_finais_GSDME_seed_307"
307,"p21 E1","APOPTOSIS",0,1,"resultados_finais_GSDME_seed_307"
307,"p21 E1","CELL_CYCLE_ARREST",0.0625,1,"resultados_finais_GSDME_seed_307"
509,"Reference: DDR ON, GSDME endogenous","PROLIFERATION",0,1,"resultados_finais_GSDME_seed_509"
509,"Reference: DDR ON, GSDME endogenous","RESISTANCE",0.9,1,"resultados_finais_GSDME_seed_509"
509,"Reference: DDR ON, GSDME endogenous","PYROPTOSIS",0.0625,1,"resultados_finais_GSDME_seed_509"
509,"Reference: DDR ON, GSDME endogenous","APOPTOSIS",0,1,"resultados_finais_GSDME_seed_509"
509,"Reference: DDR ON, GSDME endogenous","CELL_CYCLE_ARREST",0.0375,1,"resultados_finais_GSDME_seed_509"
509,"GSDME KO","PROLIFERATION",0,1,"resultados_finais_GSDME_seed_509"
509,"GSDME KO","RESISTANCE",0.8875,1,"resultados_finais_GSDME_seed_509"
509,"GSDME KO","PYROPTOSIS",0,1,"resultados_finais_GSDME_seed_509"
509,"GSDME KO","APOPTOSIS",0.05625,1,"resultados_finais_GSDME_seed_509"
509,"GSDME KO","CELL_CYCLE_ARREST",0.05625,1,"resultados_finais_GSDME_seed_509"
509,"CASP3 KO","PROLIFERATION",0,1,"resultados_finais_GSDME_seed_509"
509,"CASP3 KO","RESISTANCE",0.86875,1,"resultados_finais_GSDME_seed_509"
509,"CASP3 KO","PYROPTOSIS",0,1,"resultados_finais_GSDME_seed_509"
509,"CASP3 KO","APOPTOSIS",0,1,"resultados_finais_GSDME_seed_509"
509,"CASP3 KO","CELL_CYCLE_ARREST",0.075,1,"resultados_finais_GSDME_seed_509"
509,"miR-204-5p OE","PROLIFERATION",0,1,"resultados_finais_GSDME_seed_509"
509,"miR-204-5p OE","RESISTANCE",0,1,"resultados_finais_GSDME_seed_509"
509,"miR-204-5p OE","PYROPTOSIS",0.45,1,"resultados_finais_GSDME_seed_509"
509,"miR-204-5p OE","APOPTOSIS",0,1,"resultados_finais_GSDME_seed_509"
509,"miR-204-5p OE","CELL_CYCLE_ARREST",0.55,1,"resultados_finais_GSDME_seed_509"
509,"miR-204-5p KO","PROLIFERATION",0,1,"resultados_finais_GSDME_seed_509"
509,"miR-204-5p KO","RESISTANCE",1,1,"resultados_finais_GSDME_seed_509"
509,"miR-204-5p KO","PYROPTOSIS",0,1,"resultados_finais_GSDME_seed_509"
509,"miR-204-5p KO","APOPTOSIS",0,1,"resultados_finais_GSDME_seed_509"
509,"miR-204-5p KO","CELL_CYCLE_ARREST",0,1,"resultados_finais_GSDME_seed_509"
509,"MALAT1 OE","PROLIFERATION",0,1,"resultados_finais_GSDME_seed_509"
509,"MALAT1 OE","RESISTANCE",1,1,"resultados_finais_GSDME_seed_509"
509,"MALAT1 OE","PYROPTOSIS",0,1,"resultados_finais_GSDME_seed_509"
509,"MALAT1 OE","APOPTOSIS",0,1,"resultados_finais_GSDME_seed_509"
509,"MALAT1 OE","CELL_CYCLE_ARREST",0,1,"resultados_finais_GSDME_seed_509"
509,"MALAT1 KO","PROLIFERATION",0,1,"resultados_finais_GSDME_seed_509"
509,"MALAT1 KO","RESISTANCE",0.875,1,"resultados_finais_GSDME_seed_509"
509,"MALAT1 KO","PYROPTOSIS",0.0875,1,"resultados_finais_GSDME_seed_509"
509,"MALAT1 KO","APOPTOSIS",0,1,"resultados_finais_GSDME_seed_509"
509,"MALAT1 KO","CELL_CYCLE_ARREST",0.0375,1,"resultados_finais_GSDME_seed_509"
509,"SIRT1 OE","PROLIFERATION",0,1,"resultados_finais_GSDME_seed_509"
509,"SIRT1 OE","RESISTANCE",1,1,"resultados_finais_GSDME_seed_509"
509,"SIRT1 OE","PYROPTOSIS",0,1,"resultados_finais_GSDME_seed_509"
509,"SIRT1 OE","APOPTOSIS",0,1,"resultados_finais_GSDME_seed_509"
509,"SIRT1 OE","CELL_CYCLE_ARREST",0,1,"resultados_finais_GSDME_seed_509"
509,"SIRT1 KO","PROLIFERATION",0,0.99375,"resultados_finais_GSDME_seed_509"
509,"SIRT1 KO","RESISTANCE",0,0.99375,"resultados_finais_GSDME_seed_509"
509,"SIRT1 KO","PYROPTOSIS",0.9125,0.99375,"resultados_finais_GSDME_seed_509"
509,"SIRT1 KO","APOPTOSIS",0,0.99375,"resultados_finais_GSDME_seed_509"
509,"SIRT1 KO","CELL_CYCLE_ARREST",0.08125,0.99375,"resultados_finais_GSDME_seed_509"
509,"BCL2 KO","PROLIFERATION",0,1,"resultados_finais_GSDME_seed_509"
509,"BCL2 KO","RESISTANCE",0.90625,1,"resultados_finais_GSDME_seed_509"
509,"BCL2 KO","PYROPTOSIS",0.075,1,"resultados_finais_GSDME_seed_509"
509,"BCL2 KO","APOPTOSIS",0,1,"resultados_finais_GSDME_seed_509"
509,"BCL2 KO","CELL_CYCLE_ARREST",0.01875,1,"resultados_finais_GSDME_seed_509"
509,"GSDME OE","PROLIFERATION",0,1,"resultados_finais_GSDME_seed_509"
509,"GSDME OE","RESISTANCE",0.91875,1,"resultados_finais_GSDME_seed_509"
509,"GSDME OE","PYROPTOSIS",1,1,"resultados_finais_GSDME_seed_509"
509,"GSDME OE","APOPTOSIS",0,1,"resultados_finais_GSDME_seed_509"
509,"GSDME OE","CELL_CYCLE_ARREST",0.0375,1,"resultados_finais_GSDME_seed_509"
509,"CASP3 OE","PROLIFERATION",0,1,"resultados_finais_GSDME_seed_509"
509,"CASP3 OE","RESISTANCE",0.89375,1,"resultados_finais_GSDME_seed_509"
509,"CASP3 OE","PYROPTOSIS",1,1,"resultados_finais_GSDME_seed_509"
509,"CASP3 OE","APOPTOSIS",0,1,"resultados_finais_GSDME_seed_509"
509,"CASP3 OE","CELL_CYCLE_ARREST",0,1,"resultados_finais_GSDME_seed_509"
509,"miR-204-5p OE + GSDME KO","PROLIFERATION",0,1,"resultados_finais_GSDME_seed_509"
509,"miR-204-5p OE + GSDME KO","RESISTANCE",0,1,"resultados_finais_GSDME_seed_509"
509,"miR-204-5p OE + GSDME KO","PYROPTOSIS",0,1,"resultados_finais_GSDME_seed_509"
509,"miR-204-5p OE + GSDME KO","APOPTOSIS",0.5,1,"resultados_finais_GSDME_seed_509"
509,"miR-204-5p OE + GSDME KO","CELL_CYCLE_ARREST",0.5,1,"resultados_finais_GSDME_seed_509"
509,"CASP3 OE + GSDME KO","PROLIFERATION",0,1,"resultados_finais_GSDME_seed_509"
509,"CASP3 OE + GSDME KO","RESISTANCE",0.9125,1,"resultados_finais_GSDME_seed_509"
509,"CASP3 OE + GSDME KO","PYROPTOSIS",0,1,"resultados_finais_GSDME_seed_509"
509,"CASP3 OE + GSDME KO","APOPTOSIS",1,1,"resultados_finais_GSDME_seed_509"
509,"CASP3 OE + GSDME KO","CELL_CYCLE_ARREST",0,1,"resultados_finais_GSDME_seed_509"
509,"SIRT1 KO + GSDME KO","PROLIFERATION",0,1,"resultados_finais_GSDME_seed_509"
509,"SIRT1 KO + GSDME KO","RESISTANCE",0,1,"resultados_finais_GSDME_seed_509"
509,"SIRT1 KO + GSDME KO","PYROPTOSIS",0,1,"resultados_finais_GSDME_seed_509"
509,"SIRT1 KO + GSDME KO","APOPTOSIS",0.93125,1,"resultados_finais_GSDME_seed_509"
509,"SIRT1 KO + GSDME KO","CELL_CYCLE_ARREST",0.06875,1,"resultados_finais_GSDME_seed_509"
509,"MALAT1 KO + GSDME KO","PROLIFERATION",0,1,"resultados_finais_GSDME_seed_509"
509,"MALAT1 KO + GSDME KO","RESISTANCE",0.83125,1,"resultados_finais_GSDME_seed_509"
509,"MALAT1 KO + GSDME KO","PYROPTOSIS",0,1,"resultados_finais_GSDME_seed_509"
509,"MALAT1 KO + GSDME KO","APOPTOSIS",0.09375,1,"resultados_finais_GSDME_seed_509"
509,"MALAT1 KO + GSDME KO","CELL_CYCLE_ARREST",0.075,1,"resultados_finais_GSDME_seed_509"
509,"miR-204-5p OE + CASP3 KO","PROLIFERATION",0,1,"resultados_finais_GSDME_seed_509"
509,"miR-204-5p OE + CASP3 KO","RESISTANCE",0,1,"resultados_finais_GSDME_seed_509"
509,"miR-204-5p OE + CASP3 KO","PYROPTOSIS",0,1,"resultados_finais_GSDME_seed_509"
509,"miR-204-5p OE + CASP3 KO","APOPTOSIS",0,1,"resultados_finais_GSDME_seed_509"
509,"miR-204-5p OE + CASP3 KO","CELL_CYCLE_ARREST",0.525,1,"resultados_finais_GSDME_seed_509"
509,"GSDME E1 + CASP3 E1","PROLIFERATION",0,1,"resultados_finais_GSDME_seed_509"
509,"GSDME E1 + CASP3 E1","RESISTANCE",0.93125,1,"resultados_finais_GSDME_seed_509"
509,"GSDME E1 + CASP3 E1","PYROPTOSIS",1,1,"resultados_finais_GSDME_seed_509"
509,"GSDME E1 + CASP3 E1","APOPTOSIS",0,1,"resultados_finais_GSDME_seed_509"
509,"GSDME E1 + CASP3 E1","CELL_CYCLE_ARREST",0,1,"resultados_finais_GSDME_seed_509"
509,"p53 E1 + miR-204-5p E1 + CASP3 KO + p21 E1","PROLIFERATION",0,1,"resultados_finais_GSDME_seed_509"
509,"p53 E1 + miR-204-5p E1 + CASP3 KO + p21 E1","RESISTANCE",0,1,"resultados_finais_GSDME_seed_509"
509,"p53 E1 + miR-204-5p E1 + CASP3 KO + p21 E1","PYROPTOSIS",0,1,"resultados_finais_GSDME_seed_509"
509,"p53 E1 + miR-204-5p E1 + CASP3 KO + p21 E1","APOPTOSIS",0,1,"resultados_finais_GSDME_seed_509"
509,"p53 E1 + miR-204-5p E1 + CASP3 KO + p21 E1","CELL_CYCLE_ARREST",1,1,"resultados_finais_GSDME_seed_509"
509,"MALAT1 E1 + miR-204-5p KO + SIRT1 E1","PROLIFERATION",0,1,"resultados_finais_GSDME_seed_509"
509,"MALAT1 E1 + miR-204-5p KO + SIRT1 E1","RESISTANCE",1,1,"resultados_finais_GSDME_seed_509"
509,"MALAT1 E1 + miR-204-5p KO + SIRT1 E1","PYROPTOSIS",0,1,"resultados_finais_GSDME_seed_509"
509,"MALAT1 E1 + miR-204-5p KO + SIRT1 E1","APOPTOSIS",0,1,"resultados_finais_GSDME_seed_509"
509,"MALAT1 E1 + miR-204-5p KO + SIRT1 E1","CELL_CYCLE_ARREST",0,1,"resultados_finais_GSDME_seed_509"
509,"SIRT1 KO + GSDME KO + CASP3 E1","PROLIFERATION",0,1,"resultados_finais_GSDME_seed_509"
509,"SIRT1 KO + GSDME KO + CASP3 E1","RESISTANCE",0,1,"resultados_finais_GSDME_seed_509"
509,"SIRT1 KO + GSDME KO + CASP3 E1","PYROPTOSIS",0,1,"resultados_finais_GSDME_seed_509"
509,"SIRT1 KO + GSDME KO + CASP3 E1","APOPTOSIS",1,1,"resultados_finais_GSDME_seed_509"
509,"SIRT1 KO + GSDME KO + CASP3 E1","CELL_CYCLE_ARREST",0,1,"resultados_finais_GSDME_seed_509"
509,"BAX E1","PROLIFERATION",0,1,"resultados_finais_GSDME_seed_509"
509,"BAX E1","RESISTANCE",0.91875,1,"resultados_finais_GSDME_seed_509"
509,"BAX E1","PYROPTOSIS",0.06875,1,"resultados_finais_GSDME_seed_509"
509,"BAX E1","APOPTOSIS",0,1,"resultados_finais_GSDME_seed_509"
509,"BAX E1","CELL_CYCLE_ARREST",0.0125,1,"resultados_finais_GSDME_seed_509"
509,"BAX E1 + GSDME KO","PROLIFERATION",0,1,"resultados_finais_GSDME_seed_509"
509,"BAX E1 + GSDME KO","RESISTANCE",0.9375,1,"resultados_finais_GSDME_seed_509"
509,"BAX E1 + GSDME KO","PYROPTOSIS",0,1,"resultados_finais_GSDME_seed_509"
509,"BAX E1 + GSDME KO","APOPTOSIS",0.05625,1,"resultados_finais_GSDME_seed_509"
509,"BAX E1 + GSDME KO","CELL_CYCLE_ARREST",0.00625,1,"resultados_finais_GSDME_seed_509"
509,"p53 E1","PROLIFERATION",0,1,"resultados_finais_GSDME_seed_509"
509,"p53 E1","RESISTANCE",0.5875,1,"resultados_finais_GSDME_seed_509"
509,"p53 E1","PYROPTOSIS",0.2375,1,"resultados_finais_GSDME_seed_509"
509,"p53 E1","APOPTOSIS",0,1,"resultados_finais_GSDME_seed_509"
509,"p53 E1","CELL_CYCLE_ARREST",0.175,1,"resultados_finais_GSDME_seed_509"
509,"p53 KO","PROLIFERATION",0,1,"resultados_finais_GSDME_seed_509"
509,"p53 KO","RESISTANCE",1,1,"resultados_finais_GSDME_seed_509"
509,"p53 KO","PYROPTOSIS",0,1,"resultados_finais_GSDME_seed_509"
509,"p53 KO","APOPTOSIS",0,1,"resultados_finais_GSDME_seed_509"
509,"p53 KO","CELL_CYCLE_ARREST",0,1,"resultados_finais_GSDME_seed_509"
509,"p21 E1","PROLIFERATION",0,1,"resultados_finais_GSDME_seed_509"
509,"p21 E1","RESISTANCE",0.88125,1,"resultados_finais_GSDME_seed_509"
509,"p21 E1","PYROPTOSIS",0.00625,1,"resultados_finais_GSDME_seed_509"
509,"p21 E1","APOPTOSIS",0,1,"resultados_finais_GSDME_seed_509"
509,"p21 E1","CELL_CYCLE_ARREST",0.1125,1,"resultados_finais_GSDME_seed_509"
811,"Reference: DDR ON, GSDME endogenous","PROLIFERATION",0,1,"resultados_finais_GSDME_seed_811"
811,"Reference: DDR ON, GSDME endogenous","RESISTANCE",0.9,1,"resultados_finais_GSDME_seed_811"
811,"Reference: DDR ON, GSDME endogenous","PYROPTOSIS",0.04375,1,"resultados_finais_GSDME_seed_811"
811,"Reference: DDR ON, GSDME endogenous","APOPTOSIS",0,1,"resultados_finais_GSDME_seed_811"
811,"Reference: DDR ON, GSDME endogenous","CELL_CYCLE_ARREST",0.05625,1,"resultados_finais_GSDME_seed_811"
811,"GSDME KO","PROLIFERATION",0,1,"resultados_finais_GSDME_seed_811"
811,"GSDME KO","RESISTANCE",0.93125,1,"resultados_finais_GSDME_seed_811"
811,"GSDME KO","PYROPTOSIS",0,1,"resultados_finais_GSDME_seed_811"
811,"GSDME KO","APOPTOSIS",0.01875,1,"resultados_finais_GSDME_seed_811"
811,"GSDME KO","CELL_CYCLE_ARREST",0.05,1,"resultados_finais_GSDME_seed_811"
811,"CASP3 KO","PROLIFERATION",0,1,"resultados_finais_GSDME_seed_811"
811,"CASP3 KO","RESISTANCE",0.90625,1,"resultados_finais_GSDME_seed_811"
811,"CASP3 KO","PYROPTOSIS",0,1,"resultados_finais_GSDME_seed_811"
811,"CASP3 KO","APOPTOSIS",0,1,"resultados_finais_GSDME_seed_811"
811,"CASP3 KO","CELL_CYCLE_ARREST",0.05,1,"resultados_finais_GSDME_seed_811"
811,"miR-204-5p OE","PROLIFERATION",0,1,"resultados_finais_GSDME_seed_811"
811,"miR-204-5p OE","RESISTANCE",0,1,"resultados_finais_GSDME_seed_811"
811,"miR-204-5p OE","PYROPTOSIS",0.48125,1,"resultados_finais_GSDME_seed_811"
811,"miR-204-5p OE","APOPTOSIS",0,1,"resultados_finais_GSDME_seed_811"
811,"miR-204-5p OE","CELL_CYCLE_ARREST",0.51875,1,"resultados_finais_GSDME_seed_811"
811,"miR-204-5p KO","PROLIFERATION",0,1,"resultados_finais_GSDME_seed_811"
811,"miR-204-5p KO","RESISTANCE",1,1,"resultados_finais_GSDME_seed_811"
811,"miR-204-5p KO","PYROPTOSIS",0,1,"resultados_finais_GSDME_seed_811"
811,"miR-204-5p KO","APOPTOSIS",0,1,"resultados_finais_GSDME_seed_811"
811,"miR-204-5p KO","CELL_CYCLE_ARREST",0,1,"resultados_finais_GSDME_seed_811"
811,"MALAT1 OE","PROLIFERATION",0,1,"resultados_finais_GSDME_seed_811"
811,"MALAT1 OE","RESISTANCE",1,1,"resultados_finais_GSDME_seed_811"
811,"MALAT1 OE","PYROPTOSIS",0,1,"resultados_finais_GSDME_seed_811"
811,"MALAT1 OE","APOPTOSIS",0,1,"resultados_finais_GSDME_seed_811"
811,"MALAT1 OE","CELL_CYCLE_ARREST",0,1,"resultados_finais_GSDME_seed_811"
811,"MALAT1 KO","PROLIFERATION",0,1,"resultados_finais_GSDME_seed_811"
811,"MALAT1 KO","RESISTANCE",0.81875,1,"resultados_finais_GSDME_seed_811"
811,"MALAT1 KO","PYROPTOSIS",0.10625,1,"resultados_finais_GSDME_seed_811"
811,"MALAT1 KO","APOPTOSIS",0,1,"resultados_finais_GSDME_seed_811"
811,"MALAT1 KO","CELL_CYCLE_ARREST",0.075,1,"resultados_finais_GSDME_seed_811"
811,"SIRT1 OE","PROLIFERATION",0,1,"resultados_finais_GSDME_seed_811"
811,"SIRT1 OE","RESISTANCE",1,1,"resultados_finais_GSDME_seed_811"
811,"SIRT1 OE","PYROPTOSIS",0,1,"resultados_finais_GSDME_seed_811"
811,"SIRT1 OE","APOPTOSIS",0,1,"resultados_finais_GSDME_seed_811"
811,"SIRT1 OE","CELL_CYCLE_ARREST",0,1,"resultados_finais_GSDME_seed_811"
811,"SIRT1 KO","PROLIFERATION",0,1,"resultados_finais_GSDME_seed_811"
811,"SIRT1 KO","RESISTANCE",0,1,"resultados_finais_GSDME_seed_811"
811,"SIRT1 KO","PYROPTOSIS",0.9125,1,"resultados_finais_GSDME_seed_811"
811,"SIRT1 KO","APOPTOSIS",0,1,"resultados_finais_GSDME_seed_811"
811,"SIRT1 KO","CELL_CYCLE_ARREST",0.0875,1,"resultados_finais_GSDME_seed_811"
811,"BCL2 KO","PROLIFERATION",0,1,"resultados_finais_GSDME_seed_811"
811,"BCL2 KO","RESISTANCE",0.90625,1,"resultados_finais_GSDME_seed_811"
811,"BCL2 KO","PYROPTOSIS",0.05,1,"resultados_finais_GSDME_seed_811"
811,"BCL2 KO","APOPTOSIS",0,1,"resultados_finais_GSDME_seed_811"
811,"BCL2 KO","CELL_CYCLE_ARREST",0.04375,1,"resultados_finais_GSDME_seed_811"
811,"GSDME OE","PROLIFERATION",0,1,"resultados_finais_GSDME_seed_811"
811,"GSDME OE","RESISTANCE",0.925,1,"resultados_finais_GSDME_seed_811"
811,"GSDME OE","PYROPTOSIS",1,1,"resultados_finais_GSDME_seed_811"
811,"GSDME OE","APOPTOSIS",0,1,"resultados_finais_GSDME_seed_811"
811,"GSDME OE","CELL_CYCLE_ARREST",0.03125,1,"resultados_finais_GSDME_seed_811"
811,"CASP3 OE","PROLIFERATION",0,1,"resultados_finais_GSDME_seed_811"
811,"CASP3 OE","RESISTANCE",0.925,1,"resultados_finais_GSDME_seed_811"
811,"CASP3 OE","PYROPTOSIS",1,1,"resultados_finais_GSDME_seed_811"
811,"CASP3 OE","APOPTOSIS",0,1,"resultados_finais_GSDME_seed_811"
811,"CASP3 OE","CELL_CYCLE_ARREST",0,1,"resultados_finais_GSDME_seed_811"
811,"miR-204-5p OE + GSDME KO","PROLIFERATION",0,1,"resultados_finais_GSDME_seed_811"
811,"miR-204-5p OE + GSDME KO","RESISTANCE",0,1,"resultados_finais_GSDME_seed_811"
811,"miR-204-5p OE + GSDME KO","PYROPTOSIS",0,1,"resultados_finais_GSDME_seed_811"
811,"miR-204-5p OE + GSDME KO","APOPTOSIS",0.46875,1,"resultados_finais_GSDME_seed_811"
811,"miR-204-5p OE + GSDME KO","CELL_CYCLE_ARREST",0.53125,1,"resultados_finais_GSDME_seed_811"
811,"CASP3 OE + GSDME KO","PROLIFERATION",0,1,"resultados_finais_GSDME_seed_811"
811,"CASP3 OE + GSDME KO","RESISTANCE",0.93125,1,"resultados_finais_GSDME_seed_811"
811,"CASP3 OE + GSDME KO","PYROPTOSIS",0,1,"resultados_finais_GSDME_seed_811"
811,"CASP3 OE + GSDME KO","APOPTOSIS",1,1,"resultados_finais_GSDME_seed_811"
811,"CASP3 OE + GSDME KO","CELL_CYCLE_ARREST",0,1,"resultados_finais_GSDME_seed_811"
811,"SIRT1 KO + GSDME KO","PROLIFERATION",0,1,"resultados_finais_GSDME_seed_811"
811,"SIRT1 KO + GSDME KO","RESISTANCE",0,1,"resultados_finais_GSDME_seed_811"
811,"SIRT1 KO + GSDME KO","PYROPTOSIS",0,1,"resultados_finais_GSDME_seed_811"
811,"SIRT1 KO + GSDME KO","APOPTOSIS",0.9,1,"resultados_finais_GSDME_seed_811"
811,"SIRT1 KO + GSDME KO","CELL_CYCLE_ARREST",0.1,1,"resultados_finais_GSDME_seed_811"
811,"MALAT1 KO + GSDME KO","PROLIFERATION",0,1,"resultados_finais_GSDME_seed_811"
811,"MALAT1 KO + GSDME KO","RESISTANCE",0.85625,1,"resultados_finais_GSDME_seed_811"
811,"MALAT1 KO + GSDME KO","PYROPTOSIS",0,1,"resultados_finais_GSDME_seed_811"
811,"MALAT1 KO + GSDME KO","APOPTOSIS",0.05,1,"resultados_finais_GSDME_seed_811"
811,"MALAT1 KO + GSDME KO","CELL_CYCLE_ARREST",0.09375,1,"resultados_finais_GSDME_seed_811"
811,"miR-204-5p OE + CASP3 KO","PROLIFERATION",0,1,"resultados_finais_GSDME_seed_811"
811,"miR-204-5p OE + CASP3 KO","RESISTANCE",0,1,"resultados_finais_GSDME_seed_811"
811,"miR-204-5p OE + CASP3 KO","PYROPTOSIS",0,1,"resultados_finais_GSDME_seed_811"
811,"miR-204-5p OE + CASP3 KO","APOPTOSIS",0,1,"resultados_finais_GSDME_seed_811"
811,"miR-204-5p OE + CASP3 KO","CELL_CYCLE_ARREST",0.49375,1,"resultados_finais_GSDME_seed_811"
811,"GSDME E1 + CASP3 E1","PROLIFERATION",0,1,"resultados_finais_GSDME_seed_811"
811,"GSDME E1 + CASP3 E1","RESISTANCE",0.875,1,"resultados_finais_GSDME_seed_811"
811,"GSDME E1 + CASP3 E1","PYROPTOSIS",1,1,"resultados_finais_GSDME_seed_811"
811,"GSDME E1 + CASP3 E1","APOPTOSIS",0,1,"resultados_finais_GSDME_seed_811"
811,"GSDME E1 + CASP3 E1","CELL_CYCLE_ARREST",0,1,"resultados_finais_GSDME_seed_811"
811,"p53 E1 + miR-204-5p E1 + CASP3 KO + p21 E1","PROLIFERATION",0,1,"resultados_finais_GSDME_seed_811"
811,"p53 E1 + miR-204-5p E1 + CASP3 KO + p21 E1","RESISTANCE",0,1,"resultados_finais_GSDME_seed_811"
811,"p53 E1 + miR-204-5p E1 + CASP3 KO + p21 E1","PYROPTOSIS",0,1,"resultados_finais_GSDME_seed_811"
811,"p53 E1 + miR-204-5p E1 + CASP3 KO + p21 E1","APOPTOSIS",0,1,"resultados_finais_GSDME_seed_811"
811,"p53 E1 + miR-204-5p E1 + CASP3 KO + p21 E1","CELL_CYCLE_ARREST",1,1,"resultados_finais_GSDME_seed_811"
811,"MALAT1 E1 + miR-204-5p KO + SIRT1 E1","PROLIFERATION",0,1,"resultados_finais_GSDME_seed_811"
811,"MALAT1 E1 + miR-204-5p KO + SIRT1 E1","RESISTANCE",1,1,"resultados_finais_GSDME_seed_811"
811,"MALAT1 E1 + miR-204-5p KO + SIRT1 E1","PYROPTOSIS",0,1,"resultados_finais_GSDME_seed_811"
811,"MALAT1 E1 + miR-204-5p KO + SIRT1 E1","APOPTOSIS",0,1,"resultados_finais_GSDME_seed_811"
811,"MALAT1 E1 + miR-204-5p KO + SIRT1 E1","CELL_CYCLE_ARREST",0,1,"resultados_finais_GSDME_seed_811"
811,"SIRT1 KO + GSDME KO + CASP3 E1","PROLIFERATION",0,1,"resultados_finais_GSDME_seed_811"
811,"SIRT1 KO + GSDME KO + CASP3 E1","RESISTANCE",0,1,"resultados_finais_GSDME_seed_811"
811,"SIRT1 KO + GSDME KO + CASP3 E1","PYROPTOSIS",0,1,"resultados_finais_GSDME_seed_811"
811,"SIRT1 KO + GSDME KO + CASP3 E1","APOPTOSIS",1,1,"resultados_finais_GSDME_seed_811"
811,"SIRT1 KO + GSDME KO + CASP3 E1","CELL_CYCLE_ARREST",0,1,"resultados_finais_GSDME_seed_811"
811,"BAX E1","PROLIFERATION",0,1,"resultados_finais_GSDME_seed_811"
811,"BAX E1","RESISTANCE",0.91875,1,"resultados_finais_GSDME_seed_811"
811,"BAX E1","PYROPTOSIS",0.08125,1,"resultados_finais_GSDME_seed_811"
811,"BAX E1","APOPTOSIS",0,1,"resultados_finais_GSDME_seed_811"
811,"BAX E1","CELL_CYCLE_ARREST",0,1,"resultados_finais_GSDME_seed_811"
811,"BAX E1 + GSDME KO","PROLIFERATION",0,1,"resultados_finais_GSDME_seed_811"
811,"BAX E1 + GSDME KO","RESISTANCE",0.9,1,"resultados_finais_GSDME_seed_811"
811,"BAX E1 + GSDME KO","PYROPTOSIS",0,1,"resultados_finais_GSDME_seed_811"
811,"BAX E1 + GSDME KO","APOPTOSIS",0.09375,1,"resultados_finais_GSDME_seed_811"
811,"BAX E1 + GSDME KO","CELL_CYCLE_ARREST",0.00625,1,"resultados_finais_GSDME_seed_811"
811,"p53 E1","PROLIFERATION",0,1,"resultados_finais_GSDME_seed_811"
811,"p53 E1","RESISTANCE",0.525,1,"resultados_finais_GSDME_seed_811"
811,"p53 E1","PYROPTOSIS",0.29375,1,"resultados_finais_GSDME_seed_811"
811,"p53 E1","APOPTOSIS",0,1,"resultados_finais_GSDME_seed_811"
811,"p53 E1","CELL_CYCLE_ARREST",0.18125,1,"resultados_finais_GSDME_seed_811"
811,"p53 KO","PROLIFERATION",0,1,"resultados_finais_GSDME_seed_811"
811,"p53 KO","RESISTANCE",1,1,"resultados_finais_GSDME_seed_811"
811,"p53 KO","PYROPTOSIS",0,1,"resultados_finais_GSDME_seed_811"
811,"p53 KO","APOPTOSIS",0,1,"resultados_finais_GSDME_seed_811"
811,"p53 KO","CELL_CYCLE_ARREST",0,1,"resultados_finais_GSDME_seed_811"
811,"p21 E1","PROLIFERATION",0,1,"resultados_finais_GSDME_seed_811"
811,"p21 E1","RESISTANCE",0.90625,1,"resultados_finais_GSDME_seed_811"
811,"p21 E1","PYROPTOSIS",0.00625,1,"resultados_finais_GSDME_seed_811"
811,"p21 E1","APOPTOSIS",0,1,"resultados_finais_GSDME_seed_811"
811,"p21 E1","CELL_CYCLE_ARREST",0.0875,1,"resultados_finais_GSDME_seed_811"
