"seed","node","endogenous_frequency","gsdme_ko_frequency","comparison","endogenous_condition","knockout_condition","delta_endogenous_minus_ko"
101,"APOPTOSIS",0,1,"CASP3 E1","CASP3 OE","CASP3 OE + GSDME KO",-1
101,"CELL_CYCLE_ARREST",0,0,"CASP3 E1","CASP3 OE","CASP3 OE + GSDME KO",0
101,"PROLIFERATION",0,0,"CASP3 E1","CASP3 OE","CASP3 OE + GSDME KO",0
101,"PYROPTOSIS",1,0,"CASP3 E1","CASP3 OE","CASP3 OE + GSDME KO",1
101,"RESISTANCE",0.89375,0.9,"CASP3 E1","CASP3 OE","CASP3 OE + GSDME KO",-0.00624999999999998
204,"APOPTOSIS",0,1,"CASP3 E1","CASP3 OE","CASP3 OE + GSDME KO",-1
204,"CELL_CYCLE_ARREST",0,0,"CASP3 E1","CASP3 OE","CASP3 OE + GSDME KO",0
204,"PROLIFERATION",0,0,"CASP3 E1","CASP3 OE","CASP3 OE + GSDME KO",0
204,"PYROPTOSIS",1,0,"CASP3 E1","CASP3 OE","CASP3 OE + GSDME KO",1
204,"RESISTANCE",0.90625,0.90625,"CASP3 E1","CASP3 OE","CASP3 OE + GSDME KO",0
307,"APOPTOSIS",0,1,"CASP3 E1","CASP3 OE","CASP3 OE + GSDME KO",-1
307,"CELL_CYCLE_ARREST",0,0,"CASP3 E1","CASP3 OE","CASP3 OE + GSDME KO",0
307,"PROLIFERATION",0,0,"CASP3 E1","CASP3 OE","CASP3 OE + GSDME KO",0
307,"PYROPTOSIS",1,0,"CASP3 E1","CASP3 OE","CASP3 OE + GSDME KO",1
307,"RESISTANCE",0.93125,0.93125,"CASP3 E1","CASP3 OE","CASP3 OE + GSDME KO",0
509,"APOPTOSIS",0,1,"CASP3 E1","CASP3 OE","CASP3 OE + GSDME KO",-1
509,"CELL_CYCLE_ARREST",0,0,"CASP3 E1","CASP3 OE","CASP3 OE + GSDME KO",0
509,"PROLIFERATION",0,0,"CASP3 E1","CASP3 OE","CASP3 OE + GSDME KO",0
509,"PYROPTOSIS",1,0,"CASP3 E1","CASP3 OE","CASP3 OE + GSDME KO",1
509,"RESISTANCE",0.89375,0.9125,"CASP3 E1","CASP3 OE","CASP3 OE + GSDME KO",-0.0187499999999999
811,"APOPTOSIS",0,1,"CASP3 E1","CASP3 OE","CASP3 OE + GSDME KO",-1
811,"CELL_CYCLE_ARREST",0,0,"CASP3 E1","CASP3 OE","CASP3 OE + GSDME KO",0
811,"PROLIFERATION",0,0,"CASP3 E1","CASP3 OE","CASP3 OE + GSDME KO",0
811,"PYROPTOSIS",1,0,"CASP3 E1","CASP3 OE","CASP3 OE + GSDME KO",1
811,"RESISTANCE",0.925,0.93125,"CASP3 E1","CASP3 OE","CASP3 OE + GSDME KO",-0.00624999999999998
101,"APOPTOSIS",0,0.4875,"miR-204-5p E1","miR-204-5p OE","miR-204-5p OE + GSDME KO",-0.4875
101,"CELL_CYCLE_ARREST",0.525,0.5125,"miR-204-5p E1","miR-204-5p OE","miR-204-5p OE + GSDME KO",0.0125000000000001
101,"PROLIFERATION",0,0,"miR-204-5p E1","miR-204-5p OE","miR-204-5p OE + GSDME KO",0
101,"PYROPTOSIS",0.475,0,"miR-204-5p E1","miR-204-5p OE","miR-204-5p OE + GSDME KO",0.475
101,"RESISTANCE",0,0,"miR-204-5p E1","miR-204-5p OE","miR-204-5p OE + GSDME KO",0
204,"APOPTOSIS",0,0.51875,"miR-204-5p E1","miR-204-5p OE","miR-204-5p OE + GSDME KO",-0.51875
204,"CELL_CYCLE_ARREST",0.55,0.48125,"miR-204-5p E1","miR-204-5p OE","miR-204-5p OE + GSDME KO",0.06875
204,"PROLIFERATION",0,0,"miR-204-5p E1","miR-204-5p OE","miR-204-5p OE + GSDME KO",0
204,"PYROPTOSIS",0.45,0,"miR-204-5p E1","miR-204-5p OE","miR-204-5p OE + GSDME KO",0.45
204,"RESISTANCE",0,0,"miR-204-5p E1","miR-204-5p OE","miR-204-5p OE + GSDME KO",0
307,"APOPTOSIS",0,0.48125,"miR-204-5p E1","miR-204-5p OE","miR-204-5p OE + GSDME KO",-0.48125
307,"CELL_CYCLE_ARREST",0.5125,0.51875,"miR-204-5p E1","miR-204-5p OE","miR-204-5p OE + GSDME KO",-0.00625000000000009
307,"PROLIFERATION",0,0,"miR-204-5p E1","miR-204-5p OE","miR-204-5p OE + GSDME KO",0
307,"PYROPTOSIS",0.4875,0,"miR-204-5p E1","miR-204-5p OE","miR-204-5p OE + GSDME KO",0.4875
307,"RESISTANCE",0,0,"miR-204-5p E1","miR-204-5p OE","miR-204-5p OE + GSDME KO",0
509,"APOPTOSIS",0,0.5,"miR-204-5p E1","miR-204-5p OE","miR-204-5p OE + GSDME KO",-0.5
509,"CELL_CYCLE_ARREST",0.55,0.5,"miR-204-5p E1","miR-204-5p OE","miR-204-5p OE + GSDME KO",0.05
509,"PROLIFERATION",0,0,"miR-204-5p E1","miR-204-5p OE","miR-204-5p OE + GSDME KO",0
509,"PYROPTOSIS",0.45,0,"miR-204-5p E1","miR-204-5p OE","miR-204-5p OE + GSDME KO",0.45
509,"RESISTANCE",0,0,"miR-204-5p E1","miR-204-5p OE","miR-204-5p OE + GSDME KO",0
811,"APOPTOSIS",0,0.46875,"miR-204-5p E1","miR-204-5p OE","miR-204-5p OE + GSDME KO",-0.46875
811,"CELL_CYCLE_ARREST",0.51875,0.53125,"miR-204-5p E1","miR-204-5p OE","miR-204-5p OE + GSDME KO",-0.0125
811,"PROLIFERATION",0,0,"miR-204-5p E1","miR-204-5p OE","miR-204-5p OE + GSDME KO",0
811,"PYROPTOSIS",0.48125,0,"miR-204-5p E1","miR-204-5p OE","miR-204-5p OE + GSDME KO",0.48125
811,"RESISTANCE",0,0,"miR-204-5p E1","miR-204-5p OE","miR-204-5p OE + GSDME KO",0
101,"APOPTOSIS",0,0.925,"SIRT1 KO","SIRT1 KO","SIRT1 KO + GSDME KO",-0.925
101,"CELL_CYCLE_ARREST",0.13125,0.075,"SIRT1 KO","SIRT1 KO","SIRT1 KO + GSDME KO",0.05625
101,"PROLIFERATION",0,0,"SIRT1 KO","SIRT1 KO","SIRT1 KO + GSDME KO",0
101,"PYROPTOSIS",0.86875,0,"SIRT1 KO","SIRT1 KO","SIRT1 KO + GSDME KO",0.86875
101,"RESISTANCE",0,0.00625,"SIRT1 KO","SIRT1 KO","SIRT1 KO + GSDME KO",-0.00625
204,"APOPTOSIS",0,0.93125,"SIRT1 KO","SIRT1 KO","SIRT1 KO + GSDME KO",-0.93125
204,"CELL_CYCLE_ARREST",0.06875,0.06875,"SIRT1 KO","SIRT1 KO","SIRT1 KO + GSDME KO",0
204,"PROLIFERATION",0,0,"SIRT1 KO","SIRT1 KO","SIRT1 KO + GSDME KO",0
204,"PYROPTOSIS",0.93125,0,"SIRT1 KO","SIRT1 KO","SIRT1 KO + GSDME KO",0.93125
204,"RESISTANCE",0,0,"SIRT1 KO","SIRT1 KO","SIRT1 KO + GSDME KO",0
307,"APOPTOSIS",0,0.90625,"SIRT1 KO","SIRT1 KO","SIRT1 KO + GSDME KO",-0.90625
307,"CELL_CYCLE_ARREST",0.04375,0.09375,"SIRT1 KO","SIRT1 KO","SIRT1 KO + GSDME KO",-0.05
307,"PROLIFERATION",0,0,"SIRT1 KO","SIRT1 KO","SIRT1 KO + GSDME KO",0
307,"PYROPTOSIS",0.95625,0,"SIRT1 KO","SIRT1 KO","SIRT1 KO + GSDME KO",0.95625
307,"RESISTANCE",0,0,"SIRT1 KO","SIRT1 KO","SIRT1 KO + GSDME KO",0
509,"APOPTOSIS",0,0.93125,"SIRT1 KO","SIRT1 KO","SIRT1 KO + GSDME KO",-0.93125
509,"CELL_CYCLE_ARREST",0.08125,0.06875,"SIRT1 KO","SIRT1 KO","SIRT1 KO + GSDME KO",0.0125
509,"PROLIFERATION",0,0,"SIRT1 KO","SIRT1 KO","SIRT1 KO + GSDME KO",0
509,"PYROPTOSIS",0.9125,0,"SIRT1 KO","SIRT1 KO","SIRT1 KO + GSDME KO",0.9125
509,"RESISTANCE",0,0,"SIRT1 KO","SIRT1 KO","SIRT1 KO + GSDME KO",0
811,"APOPTOSIS",0,0.9,"SIRT1 KO","SIRT1 KO","SIRT1 KO + GSDME KO",-0.9
811,"CELL_CYCLE_ARREST",0.0875,0.1,"SIRT1 KO","SIRT1 KO","SIRT1 KO + GSDME KO",-0.0125
811,"PROLIFERATION",0,0,"SIRT1 KO","SIRT1 KO","SIRT1 KO + GSDME KO",0
811,"PYROPTOSIS",0.9125,0,"SIRT1 KO","SIRT1 KO","SIRT1 KO + GSDME KO",0.9125
811,"RESISTANCE",0,0,"SIRT1 KO","SIRT1 KO","SIRT1 KO + GSDME KO",0
101,"APOPTOSIS",0,0.0375,"MALAT1 KO","MALAT1 KO","MALAT1 KO + GSDME KO",-0.0375
101,"CELL_CYCLE_ARREST",0.05625,0.0625,"MALAT1 KO","MALAT1 KO","MALAT1 KO + GSDME KO",-0.00625
101,"PROLIFERATION",0,0,"MALAT1 KO","MALAT1 KO","MALAT1 KO + GSDME KO",0
101,"PYROPTOSIS",0.09375,0,"MALAT1 KO","MALAT1 KO","MALAT1 KO + GSDME KO",0.09375
101,"RESISTANCE",0.85,0.9,"MALAT1 KO","MALAT1 KO","MALAT1 KO + GSDME KO",-0.05
204,"APOPTOSIS",0,0.09375,"MALAT1 KO","MALAT1 KO","MALAT1 KO + GSDME KO",-0.09375
204,"CELL_CYCLE_ARREST",0.0625,0.0875,"MALAT1 KO","MALAT1 KO","MALAT1 KO + GSDME KO",-0.025
204,"PROLIFERATION",0,0,"MALAT1 KO","MALAT1 KO","MALAT1 KO + GSDME KO",0
204,"PYROPTOSIS",0.1125,0,"MALAT1 KO","MALAT1 KO","MALAT1 KO + GSDME KO",0.1125
204,"RESISTANCE",0.825,0.81875,"MALAT1 KO","MALAT1 KO","MALAT1 KO + GSDME KO",0.00624999999999998
307,"APOPTOSIS",0,0.1,"MALAT1 KO","MALAT1 KO","MALAT1 KO + GSDME KO",-0.1
307,"CELL_CYCLE_ARREST",0.0875,0.05,"MALAT1 KO","MALAT1 KO","MALAT1 KO + GSDME KO",0.0375
307,"PROLIFERATION",0,0,"MALAT1 KO","MALAT1 KO","MALAT1 KO + GSDME KO",0
307,"PYROPTOSIS",0.05,0,"MALAT1 KO","MALAT1 KO","MALAT1 KO + GSDME KO",0.05
307,"RESISTANCE",0.8625,0.85,"MALAT1 KO","MALAT1 KO","MALAT1 KO + GSDME KO",0.0125000000000001
509,"APOPTOSIS",0,0.09375,"MALAT1 KO","MALAT1 KO","MALAT1 KO + GSDME KO",-0.09375
509,"CELL_CYCLE_ARREST",0.0375,0.075,"MALAT1 KO","MALAT1 KO","MALAT1 KO + GSDME KO",-0.0375
509,"PROLIFERATION",0,0,"MALAT1 KO","MALAT1 KO","MALAT1 KO + GSDME KO",0
509,"PYROPTOSIS",0.0875,0,"MALAT1 KO","MALAT1 KO","MALAT1 KO + GSDME KO",0.0875
509,"RESISTANCE",0.875,0.83125,"MALAT1 KO","MALAT1 KO","MALAT1 KO + GSDME KO",0.04375
811,"APOPTOSIS",0,0.05,"MALAT1 KO","MALAT1 KO","MALAT1 KO + GSDME KO",-0.05
811,"CELL_CYCLE_ARREST",0.075,0.09375,"MALAT1 KO","MALAT1 KO","MALAT1 KO + GSDME KO",-0.01875
811,"PROLIFERATION",0,0,"MALAT1 KO","MALAT1 KO","MALAT1 KO + GSDME KO",0
811,"PYROPTOSIS",0.10625,0,"MALAT1 KO","MALAT1 KO","MALAT1 KO + GSDME KO",0.10625
811,"RESISTANCE",0.81875,0.85625,"MALAT1 KO","MALAT1 KO","MALAT1 KO + GSDME KO",-0.0375
101,"APOPTOSIS",0,0.05,"BAX E1","BAX E1","BAX E1 + GSDME KO",-0.05
101,"CELL_CYCLE_ARREST",0.00625,0.0125,"BAX E1","BAX E1","BAX E1 + GSDME KO",-0.00625
101,"PROLIFERATION",0,0,"BAX E1","BAX E1","BAX E1 + GSDME KO",0
101,"PYROPTOSIS",0.0625,0,"BAX E1","BAX E1","BAX E1 + GSDME KO",0.0625
101,"RESISTANCE",0.93125,0.9375,"BAX E1","BAX E1","BAX E1 + GSDME KO",-0.00624999999999998
204,"APOPTOSIS",0,0.08125,"BAX E1","BAX E1","BAX E1 + GSDME KO",-0.08125
204,"CELL_CYCLE_ARREST",0.00625,0.025,"BAX E1","BAX E1","BAX E1 + GSDME KO",-0.01875
204,"PROLIFERATION",0,0,"BAX E1","BAX E1","BAX E1 + GSDME KO",0
204,"PYROPTOSIS",0.0375,0,"BAX E1","BAX E1","BAX E1 + GSDME KO",0.0375
204,"RESISTANCE",0.95625,0.89375,"BAX E1","BAX E1","BAX E1 + GSDME KO",0.0625
307,"APOPTOSIS",0,0.09375,"BAX E1","BAX E1","BAX E1 + GSDME KO",-0.09375
307,"CELL_CYCLE_ARREST",0.0125,0.00625,"BAX E1","BAX E1","BAX E1 + GSDME KO",0.00625
307,"PROLIFERATION",0,0,"BAX E1","BAX E1","BAX E1 + GSDME KO",0
307,"PYROPTOSIS",0.08125,0,"BAX E1","BAX E1","BAX E1 + GSDME KO",0.08125
307,"RESISTANCE",0.90625,0.9,"BAX E1","BAX E1","BAX E1 + GSDME KO",0.00624999999999998
509,"APOPTOSIS",0,0.05625,"BAX E1","BAX E1","BAX E1 + GSDME KO",-0.05625
509,"CELL_CYCLE_ARREST",0.0125,0.00625,"BAX E1","BAX E1","BAX E1 + GSDME KO",0.00625
509,"PROLIFERATION",0,0,"BAX E1","BAX E1","BAX E1 + GSDME KO",0
509,"PYROPTOSIS",0.06875,0,"BAX E1","BAX E1","BAX E1 + GSDME KO",0.06875
509,"RESISTANCE",0.91875,0.9375,"BAX E1","BAX E1","BAX E1 + GSDME KO",-0.01875
811,"APOPTOSIS",0,0.09375,"BAX E1","BAX E1","BAX E1 + GSDME KO",-0.09375
811,"CELL_CYCLE_ARREST",0,0.00625,"BAX E1","BAX E1","BAX E1 + GSDME KO",-0.00625
811,"PROLIFERATION",0,0,"BAX E1","BAX E1","BAX E1 + GSDME KO",0
811,"PYROPTOSIS",0.08125,0,"BAX E1","BAX E1","BAX E1 + GSDME KO",0.08125
811,"RESISTANCE",0.91875,0.9,"BAX E1","BAX E1","BAX E1 + GSDME KO",0.0187499999999999
