"comparison","node","n_seeds_present","endogenous_frequency_n","endogenous_frequency_mean","endogenous_frequency_sd","endogenous_frequency_se","endogenous_frequency_ci_low","endogenous_frequency_ci_high","endogenous_frequency_min","endogenous_frequency_max","gsdme_ko_frequency_n","gsdme_ko_frequency_mean","gsdme_ko_frequency_sd","gsdme_ko_frequency_se","gsdme_ko_frequency_ci_low","gsdme_ko_frequency_ci_high","gsdme_ko_frequency_min","gsdme_ko_frequency_max","delta_endogenous_minus_ko_n","delta_endogenous_minus_ko_mean","delta_endogenous_minus_ko_sd","delta_endogenous_minus_ko_se","delta_endogenous_minus_ko_ci_low","delta_endogenous_minus_ko_ci_high","delta_endogenous_minus_ko_min","delta_endogenous_minus_ko_max"
"BAX E1","APOPTOSIS",5,5,0,0,0,0,0,0,0,5,0.075,0.0207289049397212,0.00927024810886958,0.04926166501416,0.10073833498584,0.05,0.09375,5,-0.075,0.0207289049397212,0.00927024810886958,-0.10073833498584,-0.04926166501416,-0.09375,-0.05
"BAX E1","CELL_CYCLE_ARREST",5,5,0.0075,0.00522912516583797,0.00233853586673371,0.0010071835394777,0.0139928164605223,0,0.0125,5,0.01125,0.00814900300650331,0.00364434493427831,0.0011316763455706,0.0213683236544294,0.00625,0.025,5,-0.00375,0.0104582503316759,0.00467707173346743,-0.0167356329210446,0.0092356329210446,-0.01875,0.00625
"BAX E1","PROLIFERATION",5,5,0,0,0,0,0,0,0,5,0,0,0,0,0,0,0,5,0,0,0,0,0,0,0
"BAX E1","PYROPTOSIS",5,5,0.06625,0.0180060753636099,0.0080525617042032,0.0438925044720618,0.0886074955279382,0.0375,0.08125,5,0,0,0,0,0,0,0,5,0.06625,0.0180060753636099,0.0080525617042032,0.0438925044720618,0.0886074955279382,0.0375,0.08125
"BAX E1","RESISTANCE",5,5,0.92625,0.0189571886101289,0.0084779124789066,0.902711541395644,0.949788458604356,0.90625,0.95625,5,0.91375,0.0218303114957162,0.00976281209488331,0.886644088146195,0.940855911853805,0.89375,0.9375,5,0.0125,0.03125,0.0139754248593737,-0.0263019999438677,0.0513019999438676,-0.01875,0.0625
"CASP3 E1","APOPTOSIS",5,5,0,0,0,0,0,0,0,5,1,0,0,1,1,1,1,5,-1,0,0,-1,-1,-1,-1
"CASP3 E1","CELL_CYCLE_ARREST",5,5,0,0,0,0,0,0,0,5,0,0,0,0,0,0,0,5,0,0,0,0,0,0,0
"CASP3 E1","PROLIFERATION",5,5,0,0,0,0,0,0,0,5,0,0,0,0,0,0,0,5,0,0,0,0,0,0,0
"CASP3 E1","PYROPTOSIS",5,5,1,0,0,1,1,1,1,5,0,0,0,0,0,0,0,5,1,0,0,1,1,1,1
"CASP3 E1","RESISTANCE",5,5,0.91,0.0174553000547112,0.007806247497998,0.888326382344221,0.931673617655779,0.89375,0.93125,5,0.91625,0.0143885805415267,0.00643476883811688,0.898384217556331,0.934115782443669,0.9,0.93125,5,-0.00624999999999998,0.0076546554461974,0.00342326598440728,-0.0157545100861977,0.00325451008619771,-0.0187499999999999,0
"MALAT1 KO","APOPTOSIS",5,5,0,0,0,0,0,0,0,5,0.075,0.0289800577984241,0.0129602758458298,0.0390165055658326,0.110983494434167,0.0375,0.1,5,-0.075,0.0289800577984241,0.0129602758458298,-0.110983494434167,-0.0390165055658326,-0.1,-0.0375
"MALAT1 KO","CELL_CYCLE_ARREST",5,5,0.06375,0.0189571886101289,0.00847791247890658,0.0402115413956445,0.0872884586043555,0.0375,0.0875,5,0.07375,0.0178972763290954,0.00800390529679106,0.0515275963162578,0.0959724036837422,0.05,0.09375,5,-0.01,0.0288449518980358,0.0128998546503439,-0.0458157383017104,0.0258157383017104,-0.0375,0.0375
"MALAT1 KO","PROLIFERATION",5,5,0,0,0,0,0,0,0,5,0,0,0,0,0,0,0,5,0,0,0,0,0,0,0
"MALAT1 KO","PYROPTOSIS",5,5,0.09,0.0244470090195099,0.0109330348028349,0.0596450290367118,0.120354970963288,0.05,0.1125,5,0,0,0,0,0,0,0,5,0.09,0.0244470090195099,0.0109330348028349,0.0596450290367118,0.120354970963288,0.05,0.1125
"MALAT1 KO","RESISTANCE",5,5,0.84625,0.0240442300770892,0.0107529065838033,0.81639514514875,0.87610485485125,0.81875,0.875,5,0.85125,0.0310619340994729,0.013891319231808,0.812681514714107,0.889818485285893,0.81875,0.9,5,-0.005,0.0383752035825219,0.0171619127721825,-0.0526491087121575,0.0426491087121575,-0.05,0.04375
"miR-204-5p E1","APOPTOSIS",5,5,0,0,0,0,0,0,0,5,0.49125,0.0190599383524711,0.00852386356061617,0.467583960739753,0.514916039260247,0.46875,0.51875,5,-0.49125,0.0190599383524711,0.00852386356061617,-0.514916039260247,-0.467583960739753,-0.51875,-0.46875
"miR-204-5p E1","CELL_CYCLE_ARREST",5,5,0.53125,0.0176776695296637,0.00790569415042096,0.509300274172873,0.553199725827127,0.5125,0.55,5,0.50875,0.0190599383524711,0.00852386356061616,0.485083960739753,0.532416039260247,0.48125,0.53125,5,0.0225,0.0355206805959571,0.0158853312839236,-0.0216047502876949,0.0666047502876949,-0.0125,0.06875
"miR-204-5p E1","PROLIFERATION",5,5,0,0,0,0,0,0,0,5,0,0,0,0,0,0,0,5,0,0,0,0,0,0,0
"miR-204-5p E1","PYROPTOSIS",5,5,0.46875,0.0176776695296637,0.00790569415042094,0.446800274172873,0.490699725827127,0.45,0.4875,5,0,0,0,0,0,0,0,5,0.46875,0.0176776695296637,0.00790569415042094,0.446800274172873,0.490699725827127,0.45,0.4875
"miR-204-5p E1","RESISTANCE",5,5,0,0,0,0,0,0,0,5,0,0,0,0,0,0,0,5,0,0,0,0,0,0,0
"SIRT1 KO","APOPTOSIS",5,5,0,0,0,0,0,0,0,5,0.91875,0.0146575492494482,0.00655505530106345,0.900550248795062,0.936949751204939,0.9,0.93125,5,-0.91875,0.0146575492494482,0.00655505530106345,-0.936949751204939,-0.900550248795062,-0.93125,-0.9
"SIRT1 KO","CELL_CYCLE_ARREST",5,5,0.0825,0.0319912097301743,0.0143069039278245,0.0427776666190566,0.122222333380943,0.04375,0.13125,5,0.08125,0.0146575492494482,0.00655505530106345,0.0630502487950615,0.0994497512049385,0.06875,0.1,5,0.00125,0.0386288428509061,0.0172753437013566,-0.046714043460241,0.049214043460241,-0.05,0.05625
"SIRT1 KO","PROLIFERATION",5,5,0,0,0,0,0,0,0,5,0,0,0,0,0,0,0,5,0,0,0,0,0,0,0
"SIRT1 KO","PYROPTOSIS",5,5,0.91625,0.0320522035123952,0.0143341811764746,0.876451932835559,0.956048067164441,0.86875,0.95625,5,0,0,0,0,0,0,0,5,0.91625,0.0320522035123952,0.0143341811764746,0.876451932835559,0.956048067164441,0.86875,0.95625
"SIRT1 KO","RESISTANCE",5,5,0,0,0,0,0,0,0,5,0.00125,0.00279508497187474,0.00125,-0.00222055638149724,0.00472055638149724,0,0.00625,5,-0.00125,0.00279508497187474,0.00125,-0.00472055638149724,0.00222055638149724,-0.00625,0
