"perturbation","node","n_seeds_present","activation_frequency_n","activation_frequency_mean","activation_frequency_sd","activation_frequency_se","activation_frequency_ci_low","activation_frequency_ci_high","activation_frequency_min","activation_frequency_max","stable_fraction_n","stable_fraction_mean","stable_fraction_sd","stable_fraction_se","stable_fraction_ci_low","stable_fraction_ci_high","stable_fraction_min","stable_fraction_max"
"MALAT1 E1 + miR-204-5p KO + SIRT1 E1","APOPTOSIS",5,5,0,0,0,0,0,0,0,5,1,0,0,1,1,1,1
"MALAT1 E1 + miR-204-5p KO + SIRT1 E1","BAX",5,5,0,0,0,0,0,0,0,5,1,0,0,1,1,1,1
"MALAT1 E1 + miR-204-5p KO + SIRT1 E1","CASP3",5,5,0,0,0,0,0,0,0,5,1,0,0,1,1,1,1
"MALAT1 E1 + miR-204-5p KO + SIRT1 E1","CDKN1A",5,5,0,0,0,0,0,0,0,5,1,0,0,1,1,1,1
"MALAT1 E1 + miR-204-5p KO + SIRT1 E1","DFNA5",5,5,0,0,0,0,0,0,0,5,1,0,0,1,1,1,1
"MALAT1 E1 + miR-204-5p KO + SIRT1 E1","MALAT1",5,5,1,0,0,1,1,1,1,5,1,0,0,1,1,1,1
"MALAT1 E1 + miR-204-5p KO + SIRT1 E1","MIR204",5,5,0,0,0,0,0,0,0,5,1,0,0,1,1,1,1
"MALAT1 E1 + miR-204-5p KO + SIRT1 E1","PYROPTOSIS",5,5,0,0,0,0,0,0,0,5,1,0,0,1,1,1,1
"MALAT1 E1 + miR-204-5p KO + SIRT1 E1","SIRT1",5,5,1,0,0,1,1,1,1,5,1,0,0,1,1,1,1
"MALAT1 E1 + miR-204-5p KO + SIRT1 E1","TP53",5,5,0,0,0,0,0,0,0,5,1,0,0,1,1,1,1
"MALAT1 KO","APOPTOSIS",5,5,0,0,0,0,0,0,0,5,1,0,0,1,1,1,1
"MALAT1 KO","BAX",5,5,0.09,0.0244470090195099,0.0109330348028349,0.0596450290367118,0.120354970963288,0.05,0.1125,5,1,0,0,1,1,1,1
"MALAT1 KO","CASP3",5,5,0.09,0.0244470090195099,0.0109330348028349,0.0596450290367118,0.120354970963288,0.05,0.1125,5,1,0,0,1,1,1,1
"MALAT1 KO","CDKN1A",5,5,0.06375,0.0189571886101289,0.00847791247890658,0.0402115413956445,0.0872884586043555,0.0375,0.0875,5,1,0,0,1,1,1,1
"MALAT1 KO","DFNA5",5,5,0.09,0.0244470090195099,0.0109330348028349,0.0596450290367118,0.120354970963288,0.05,0.1125,5,1,0,0,1,1,1,1
"MALAT1 KO","MALAT1",5,5,0,0,0,0,0,0,0,5,1,0,0,1,1,1,1
"MALAT1 KO","MIR204",5,5,0.15375,0.0240442300770892,0.0107529065838033,0.12389514514875,0.18360485485125,0.125,0.18125,5,1,0,0,1,1,1,1
"MALAT1 KO","PYROPTOSIS",5,5,0.09,0.0244470090195099,0.0109330348028349,0.0596450290367118,0.120354970963288,0.05,0.1125,5,1,0,0,1,1,1,1
"MALAT1 KO","SIRT1",5,5,0.84625,0.0240442300770892,0.0107529065838033,0.81639514514875,0.87610485485125,0.81875,0.875,5,1,0,0,1,1,1,1
"MALAT1 KO","TP53",5,5,0.15375,0.0240442300770892,0.0107529065838033,0.12389514514875,0.18360485485125,0.125,0.18125,5,1,0,0,1,1,1,1
"MALAT1 OE","APOPTOSIS",5,5,0,0,0,0,0,0,0,5,1,0,0,1,1,1,1
"MALAT1 OE","BAX",5,5,0,0,0,0,0,0,0,5,1,0,0,1,1,1,1
"MALAT1 OE","CASP3",5,5,0,0,0,0,0,0,0,5,1,0,0,1,1,1,1
"MALAT1 OE","CDKN1A",5,5,0,0,0,0,0,0,0,5,1,0,0,1,1,1,1
"MALAT1 OE","DFNA5",5,5,0,0,0,0,0,0,0,5,1,0,0,1,1,1,1
"MALAT1 OE","MALAT1",5,5,1,0,0,1,1,1,1,5,1,0,0,1,1,1,1
"MALAT1 OE","MIR204",5,5,0,0,0,0,0,0,0,5,1,0,0,1,1,1,1
"MALAT1 OE","PYROPTOSIS",5,5,0,0,0,0,0,0,0,5,1,0,0,1,1,1,1
"MALAT1 OE","SIRT1",5,5,1,0,0,1,1,1,1,5,1,0,0,1,1,1,1
"MALAT1 OE","TP53",5,5,0,0,0,0,0,0,0,5,1,0,0,1,1,1,1
"miR-204-5p KO","APOPTOSIS",5,5,0,0,0,0,0,0,0,5,1,0,0,1,1,1,1
"miR-204-5p KO","BAX",5,5,0,0,0,0,0,0,0,5,1,0,0,1,1,1,1
"miR-204-5p KO","CASP3",5,5,0,0,0,0,0,0,0,5,1,0,0,1,1,1,1
"miR-204-5p KO","CDKN1A",5,5,0,0,0,0,0,0,0,5,1,0,0,1,1,1,1
"miR-204-5p KO","DFNA5",5,5,0,0,0,0,0,0,0,5,1,0,0,1,1,1,1
"miR-204-5p KO","MALAT1",5,5,1,0,0,1,1,1,1,5,1,0,0,1,1,1,1
"miR-204-5p KO","MIR204",5,5,0,0,0,0,0,0,0,5,1,0,0,1,1,1,1
"miR-204-5p KO","PYROPTOSIS",5,5,0,0,0,0,0,0,0,5,1,0,0,1,1,1,1
"miR-204-5p KO","SIRT1",5,5,1,0,0,1,1,1,1,5,1,0,0,1,1,1,1
"miR-204-5p KO","TP53",5,5,0,0,0,0,0,0,0,5,1,0,0,1,1,1,1
"miR-204-5p OE","APOPTOSIS",5,5,0,0,0,0,0,0,0,5,1,0,0,1,1,1,1
"miR-204-5p OE","BAX",5,5,0.46875,0.0176776695296637,0.00790569415042094,0.446800274172873,0.490699725827127,0.45,0.4875,5,1,0,0,1,1,1,1
"miR-204-5p OE","CASP3",5,5,0.46875,0.0176776695296637,0.00790569415042094,0.446800274172873,0.490699725827127,0.45,0.4875,5,1,0,0,1,1,1,1
"miR-204-5p OE","CDKN1A",5,5,0.53125,0.0176776695296637,0.00790569415042096,0.509300274172873,0.553199725827127,0.5125,0.55,5,1,0,0,1,1,1,1
"miR-204-5p OE","DFNA5",5,5,0.46875,0.0176776695296637,0.00790569415042094,0.446800274172873,0.490699725827127,0.45,0.4875,5,1,0,0,1,1,1,1
"miR-204-5p OE","MALAT1",5,5,0,0,0,0,0,0,0,5,1,0,0,1,1,1,1
"miR-204-5p OE","MIR204",5,5,1,0,0,1,1,1,1,5,1,0,0,1,1,1,1
"miR-204-5p OE","PYROPTOSIS",5,5,0.46875,0.0176776695296637,0.00790569415042094,0.446800274172873,0.490699725827127,0.45,0.4875,5,1,0,0,1,1,1,1
"miR-204-5p OE","SIRT1",5,5,0,0,0,0,0,0,0,5,1,0,0,1,1,1,1
"miR-204-5p OE","TP53",5,5,1,0,0,1,1,1,1,5,1,0,0,1,1,1,1
"p21 E1","APOPTOSIS",5,5,0,0,0,0,0,0,0,5,1,0,0,1,1,1,1
"p21 E1","BAX",5,5,0.0625,0.0192637937592781,0.00861503047005639,0.0385808408202821,0.0864191591797179,0.05,0.09375,5,1,0,0,1,1,1,1
"p21 E1","CASP3",5,5,0.0075,0.00279508497187474,0.00125,0.00402944361850276,0.0109705563814972,0.00625,0.0125,5,1,0,0,1,1,1,1
"p21 E1","CDKN1A",5,5,1,0,0,1,1,1,1,5,1,0,0,1,1,1,1
"p21 E1","DFNA5",5,5,0.0075,0.00279508497187474,0.00125,0.00402944361850276,0.0109705563814972,0.00625,0.0125,5,1,0,0,1,1,1,1
"p21 E1","MALAT1",5,5,0.89125,0.027457353295611,0.0122793016902428,0.857157192926878,0.925342807073122,0.8625,0.93125,5,1,0,0,1,1,1,1
"p21 E1","MIR204",5,5,0.10875,0.027457353295611,0.0122793016902428,0.0746571929268784,0.142842807073122,0.06875,0.1375,5,1,0,0,1,1,1,1
"p21 E1","PYROPTOSIS",5,5,0.0075,0.00279508497187474,0.00125,0.00402944361850276,0.0109705563814972,0.00625,0.0125,5,1,0,0,1,1,1,1
"p21 E1","SIRT1",5,5,0.89125,0.027457353295611,0.0122793016902428,0.857157192926878,0.925342807073122,0.8625,0.93125,5,1,0,0,1,1,1,1
"p21 E1","TP53",5,5,0.10875,0.027457353295611,0.0122793016902428,0.0746571929268784,0.142842807073122,0.06875,0.1375,5,1,0,0,1,1,1,1
"p53 E1 + miR-204-5p E1 + CASP3 KO + p21 E1","APOPTOSIS",5,5,0,0,0,0,0,0,0,5,1,0,0,1,1,1,1
"p53 E1 + miR-204-5p E1 + CASP3 KO + p21 E1","BAX",5,5,0.55,0.0246062746062869,0.0110042605385369,0.519447274691458,0.580552725308542,0.53125,0.5875,5,1,0,0,1,1,1,1
"p53 E1 + miR-204-5p E1 + CASP3 KO + p21 E1","CASP3",5,5,0,0,0,0,0,0,0,5,1,0,0,1,1,1,1
"p53 E1 + miR-204-5p E1 + CASP3 KO + p21 E1","CDKN1A",5,5,1,0,0,1,1,1,1,5,1,0,0,1,1,1,1
"p53 E1 + miR-204-5p E1 + CASP3 KO + p21 E1","DFNA5",5,5,0,0,0,0,0,0,0,5,1,0,0,1,1,1,1
"p53 E1 + miR-204-5p E1 + CASP3 KO + p21 E1","MALAT1",5,5,0,0,0,0,0,0,0,5,1,0,0,1,1,1,1
"p53 E1 + miR-204-5p E1 + CASP3 KO + p21 E1","MIR204",5,5,1,0,0,1,1,1,1,5,1,0,0,1,1,1,1
"p53 E1 + miR-204-5p E1 + CASP3 KO + p21 E1","PYROPTOSIS",5,5,0,0,0,0,0,0,0,5,1,0,0,1,1,1,1
"p53 E1 + miR-204-5p E1 + CASP3 KO + p21 E1","SIRT1",5,5,0,0,0,0,0,0,0,5,1,0,0,1,1,1,1
"p53 E1 + miR-204-5p E1 + CASP3 KO + p21 E1","TP53",5,5,1,0,0,1,1,1,1,5,1,0,0,1,1,1,1
"p53 E1","APOPTOSIS",5,5,0,0,0,0,0,0,0,5,1,0,0,1,1,1,1
"p53 E1","BAX",5,5,0.25,0.0397747564417433,0.0177878118384471,0.200613116888964,0.299386883111036,0.2,0.29375,5,1,0,0,1,1,1,1
"p53 E1","CASP3",5,5,0.25,0.0397747564417433,0.0177878118384471,0.200613116888964,0.299386883111036,0.2,0.29375,5,1,0,0,1,1,1,1
"p53 E1","CDKN1A",5,5,0.1625,0.0182217246713916,0.00814900300650331,0.139874740490352,0.185125259509648,0.1375,0.18125,5,1,0,0,1,1,1,1
"p53 E1","DFNA5",5,5,0.25,0.0397747564417433,0.0177878118384471,0.200613116888964,0.299386883111036,0.2,0.29375,5,1,0,0,1,1,1,1
"p53 E1","MALAT1",5,5,0.5875,0.0416927002003948,0.0186455423627204,0.535731675173267,0.639268324826733,0.525,0.63125,5,1,0,0,1,1,1,1
"p53 E1","MIR204",5,5,0.4125,0.0416927002003948,0.0186455423627204,0.360731675173267,0.464268324826733,0.36875,0.475,5,1,0,0,1,1,1,1
"p53 E1","PYROPTOSIS",5,5,0.25,0.0397747564417433,0.0177878118384471,0.200613116888964,0.299386883111036,0.2,0.29375,5,1,0,0,1,1,1,1
"p53 E1","SIRT1",5,5,0.5875,0.0416927002003948,0.0186455423627204,0.535731675173267,0.639268324826733,0.525,0.63125,5,1,0,0,1,1,1,1
"p53 E1","TP53",5,5,1,0,0,1,1,1,1,5,1,0,0,1,1,1,1
"p53 KO","APOPTOSIS",5,5,0,0,0,0,0,0,0,5,1,0,0,1,1,1,1
"p53 KO","BAX",5,5,0,0,0,0,0,0,0,5,1,0,0,1,1,1,1
"p53 KO","CASP3",5,5,0,0,0,0,0,0,0,5,1,0,0,1,1,1,1
"p53 KO","CDKN1A",5,5,0,0,0,0,0,0,0,5,1,0,0,1,1,1,1
"p53 KO","DFNA5",5,5,0,0,0,0,0,0,0,5,1,0,0,1,1,1,1
"p53 KO","MALAT1",5,5,1,0,0,1,1,1,1,5,1,0,0,1,1,1,1
"p53 KO","MIR204",5,5,0,0,0,0,0,0,0,5,1,0,0,1,1,1,1
"p53 KO","PYROPTOSIS",5,5,0,0,0,0,0,0,0,5,1,0,0,1,1,1,1
"p53 KO","SIRT1",5,5,1,0,0,1,1,1,1,5,1,0,0,1,1,1,1
"p53 KO","TP53",5,5,0,0,0,0,0,0,0,5,1,0,0,1,1,1,1
"Reference: DDR ON, GSDME endogenous","APOPTOSIS",5,5,0,0,0,0,0,0,0,5,1,0,0,1,1,1,1
"Reference: DDR ON, GSDME endogenous","BAX",5,5,0.04625,0.0162980060130066,0.00728868986855663,0.0260133526911412,0.0664866473088588,0.025,0.0625,5,1,0,0,1,1,1,1
"Reference: DDR ON, GSDME endogenous","CASP3",5,5,0.04625,0.0162980060130066,0.00728868986855663,0.0260133526911412,0.0664866473088588,0.025,0.0625,5,1,0,0,1,1,1,1
"Reference: DDR ON, GSDME endogenous","CDKN1A",5,5,0.04,0.0113536888278656,0.00507752400289748,0.025902533335631,0.054097466664369,0.025,0.05625,5,1,0,0,1,1,1,1
"Reference: DDR ON, GSDME endogenous","DFNA5",5,5,0.04625,0.0162980060130066,0.00728868986855663,0.0260133526911412,0.0664866473088588,0.025,0.0625,5,1,0,0,1,1,1,1
"Reference: DDR ON, GSDME endogenous","MALAT1",5,5,0.91375,0.0189571886101289,0.00847791247890658,0.890211541395645,0.937288458604356,0.9,0.9375,5,1,0,0,1,1,1,1
"Reference: DDR ON, GSDME endogenous","MIR204",5,5,0.08625,0.0189571886101289,0.00847791247890659,0.0627115413956445,0.109788458604355,0.0625,0.1,5,1,0,0,1,1,1,1
"Reference: DDR ON, GSDME endogenous","PYROPTOSIS",5,5,0.04625,0.0162980060130066,0.00728868986855663,0.0260133526911412,0.0664866473088588,0.025,0.0625,5,1,0,0,1,1,1,1
"Reference: DDR ON, GSDME endogenous","SIRT1",5,5,0.91375,0.0189571886101289,0.00847791247890658,0.890211541395645,0.937288458604356,0.9,0.9375,5,1,0,0,1,1,1,1
"Reference: DDR ON, GSDME endogenous","TP53",5,5,0.08625,0.0189571886101289,0.00847791247890659,0.0627115413956445,0.109788458604355,0.0625,0.1,5,1,0,0,1,1,1,1
"SIRT1 KO","APOPTOSIS",5,5,0,0,0,0,0,0,0,5,0.99875,0.00279508497187473,0.00125,0.995279443618503,1,0.99375,1
"SIRT1 KO","BAX",5,5,0.9175,0.0319912097301743,0.0143069039278245,0.877777666619057,0.957222333380943,0.86875,0.95625,5,0.99875,0.00279508497187473,0.00125,0.995279443618503,1,0.99375,1
"SIRT1 KO","CASP3",5,5,0.9175,0.0319912097301743,0.0143069039278245,0.877777666619057,0.957222333380943,0.86875,0.95625,5,0.99875,0.00279508497187473,0.00125,0.995279443618503,1,0.99375,1
"SIRT1 KO","CDKN1A",5,5,0.0825,0.0319912097301743,0.0143069039278245,0.0427776666190566,0.122222333380943,0.04375,0.13125,5,0.99875,0.00279508497187473,0.00125,0.995279443618503,1,0.99375,1
"SIRT1 KO","DFNA5",5,5,0.9175,0.0319912097301743,0.0143069039278245,0.877777666619057,0.957222333380943,0.86875,0.95625,5,0.99875,0.00279508497187473,0.00125,0.995279443618503,1,0.99375,1
"SIRT1 KO","MALAT1",5,5,0,0,0,0,0,0,0,5,0.99875,0.00279508497187473,0.00125,0.995279443618503,1,0.99375,1
"SIRT1 KO","MIR204",5,5,0.99875,0.00279508497187473,0.00125,0.995279443618503,1,0.99375,1,5,0.99875,0.00279508497187473,0.00125,0.995279443618503,1,0.99375,1
"SIRT1 KO","PYROPTOSIS",5,5,0.91625,0.0320522035123952,0.0143341811764746,0.876451932835559,0.956048067164441,0.86875,0.95625,5,0.99875,0.00279508497187473,0.00125,0.995279443618503,1,0.99375,1
"SIRT1 KO","SIRT1",5,5,0,0,0,0,0,0,0,5,0.99875,0.00279508497187473,0.00125,0.995279443618503,1,0.99375,1
"SIRT1 KO","TP53",5,5,1,0,0,1,1,1,1,5,0.99875,0.00279508497187473,0.00125,0.995279443618503,1,0.99375,1
"SIRT1 OE","APOPTOSIS",5,5,0,0,0,0,0,0,0,5,1,0,0,1,1,1,1
"SIRT1 OE","BAX",5,5,0,0,0,0,0,0,0,5,1,0,0,1,1,1,1
"SIRT1 OE","CASP3",5,5,0,0,0,0,0,0,0,5,1,0,0,1,1,1,1
"SIRT1 OE","CDKN1A",5,5,0,0,0,0,0,0,0,5,1,0,0,1,1,1,1
"SIRT1 OE","DFNA5",5,5,0,0,0,0,0,0,0,5,1,0,0,1,1,1,1
"SIRT1 OE","MALAT1",5,5,1,0,0,1,1,1,1,5,1,0,0,1,1,1,1
"SIRT1 OE","MIR204",5,5,0,0,0,0,0,0,0,5,1,0,0,1,1,1,1
"SIRT1 OE","PYROPTOSIS",5,5,0,0,0,0,0,0,0,5,1,0,0,1,1,1,1
"SIRT1 OE","SIRT1",5,5,1,0,0,1,1,1,1,5,1,0,0,1,1,1,1
"SIRT1 OE","TP53",5,5,0,0,0,0,0,0,0,5,1,0,0,1,1,1,1
