"DDR","condition","phenotype","exact_enumeration_complete","n_stable_states","states_with_phenotype","n_seeds_present","reachability_n","reachability_mean","reachability_sd","reachability_se","reachability_ci_low","reachability_ci_high","reachability_min","reachability_max","n_stable_trajectories_n","n_stable_trajectories_mean","n_stable_trajectories_sd","n_stable_trajectories_se","n_stable_trajectories_ci_low","n_stable_trajectories_ci_high","n_stable_trajectories_min","n_stable_trajectories_max"
"DDR ON","CASP3 OE + GSDME KO","PYROPTOSIS",TRUE,3,0,5,5,0,0,0,0,0,0,0,5,160,0,0,160,160,160,160
"DDR ON","CASP3 OE + GSDME KO","APOPTOSIS",TRUE,3,3,5,5,1,0,0,1,1,1,1,5,160,0,0,160,160,160,160
"DDR ON","CASP3 OE + GSDME KO","RESISTANCE",TRUE,3,1,5,5,0.915,0.0214694550466471,0.00960143218483575,0.888342150607524,0.941657849392476,0.89375,0.94375,5,160,0,0,160,160,160,160
"DDR ON","CASP3 OE + GSDME KO","PROLIFERATION",TRUE,3,0,5,5,0,0,0,0,0,0,0,5,160,0,0,160,160,160,160
"DDR ON","CASP3 OE + GSDME KO","CELL_CYCLE_ARREST",TRUE,3,0,5,5,0,0,0,0,0,0,0,5,160,0,0,160,160,160,160
"DDR ON","miR-204-5p OE + GSDME KO","PYROPTOSIS",TRUE,2,0,5,5,0,0,0,0,0,0,0,5,160,0,0,160,160,160,160
"DDR ON","miR-204-5p OE + GSDME KO","APOPTOSIS",TRUE,2,1,5,5,0.48625,0.0231334444041522,0.0103455908482793,0.457526034928916,0.514973965071084,0.45625,0.5125,5,160,0,0,160,160,160,160
"DDR ON","miR-204-5p OE + GSDME KO","RESISTANCE",TRUE,2,0,5,5,0,0,0,0,0,0,0,5,160,0,0,160,160,160,160
"DDR ON","miR-204-5p OE + GSDME KO","PROLIFERATION",TRUE,2,0,5,5,0,0,0,0,0,0,0,5,160,0,0,160,160,160,160
"DDR ON","miR-204-5p OE + GSDME KO","CELL_CYCLE_ARREST",TRUE,2,1,5,5,0.51375,0.0231334444041522,0.0103455908482793,0.485026034928916,0.542473965071084,0.4875,0.54375,5,160,0,0,160,160,160,160
"DDR ON","CASP3 OE","PYROPTOSIS",TRUE,3,3,5,5,1,0,0,1,1,1,1,5,160,0,0,160,160,160,160
"DDR ON","CASP3 OE","APOPTOSIS",TRUE,3,0,5,5,0,0,0,0,0,0,0,5,160,0,0,160,160,160,160
"DDR ON","CASP3 OE","RESISTANCE",TRUE,3,1,5,5,0.9225,0.0195655948031231,0.00874999999999999,0.898206105329519,0.946793894670481,0.89375,0.94375,5,160,0,0,160,160,160,160
"DDR ON","CASP3 OE","PROLIFERATION",TRUE,3,0,5,5,0,0,0,0,0,0,0,5,160,0,0,160,160,160,160
"DDR ON","CASP3 OE","CELL_CYCLE_ARREST",TRUE,3,0,5,5,0,0,0,0,0,0,0,5,160,0,0,160,160,160,160
"DDR ON","SIRT1 OE","PYROPTOSIS",TRUE,1,0,5,5,0,0,0,0,0,0,0,5,160,0,0,160,160,160,160
"DDR ON","SIRT1 OE","APOPTOSIS",TRUE,1,0,5,5,0,0,0,0,0,0,0,5,160,0,0,160,160,160,160
"DDR ON","SIRT1 OE","RESISTANCE",TRUE,1,1,5,5,1,0,0,1,1,1,1,5,160,0,0,160,160,160,160
"DDR ON","SIRT1 OE","PROLIFERATION",TRUE,1,0,5,5,0,0,0,0,0,0,0,5,160,0,0,160,160,160,160
"DDR ON","SIRT1 OE","CELL_CYCLE_ARREST",TRUE,1,0,5,5,0,0,0,0,0,0,0,5,160,0,0,160,160,160,160
"DDR ON","SIRT1 KO","PYROPTOSIS",TRUE,2,1,5,5,0.905,0.0184348515046908,0.00824431622392058,0.882110108574393,0.927889891425607,0.8875,0.93125,5,160,0,0,160,160,160,160
"DDR ON","SIRT1 KO","APOPTOSIS",TRUE,2,0,5,5,0,0,0,0,0,0,0,5,160,0,0,160,160,160,160
"DDR ON","SIRT1 KO","RESISTANCE",TRUE,2,0,5,5,0,0,0,0,0,0,0,5,160,0,0,160,160,160,160
"DDR ON","SIRT1 KO","PROLIFERATION",TRUE,2,0,5,5,0,0,0,0,0,0,0,5,160,0,0,160,160,160,160
"DDR ON","SIRT1 KO","CELL_CYCLE_ARREST",TRUE,2,1,5,5,0.095,0.0184348515046908,0.00824431622392057,0.072110108574393,0.117889891425607,0.06875,0.1125,5,160,0,0,160,160,160,160
"DDR ON","MALAT1 OE","PYROPTOSIS",TRUE,1,0,5,5,0,0,0,0,0,0,0,5,160,0,0,160,160,160,160
"DDR ON","MALAT1 OE","APOPTOSIS",TRUE,1,0,5,5,0,0,0,0,0,0,0,5,160,0,0,160,160,160,160
"DDR ON","MALAT1 OE","RESISTANCE",TRUE,1,1,5,5,1,0,0,1,1,1,1,5,160,0,0,160,160,160,160
"DDR ON","MALAT1 OE","PROLIFERATION",TRUE,1,0,5,5,0,0,0,0,0,0,0,5,160,0,0,160,160,160,160
"DDR ON","MALAT1 OE","CELL_CYCLE_ARREST",TRUE,1,0,5,5,0,0,0,0,0,0,0,5,160,0,0,160,160,160,160
"DDR ON","MALAT1 KO","PYROPTOSIS",TRUE,3,1,5,5,0.08375,0.0267365620452593,0.0119569540435681,0.0505521734726603,0.11694782652734,0.05625,0.1125,5,160,0,0,160,160,160,160
"DDR ON","MALAT1 KO","APOPTOSIS",TRUE,3,0,5,5,0,0,0,0,0,0,0,5,160,0,0,160,160,160,160
"DDR ON","MALAT1 KO","RESISTANCE",TRUE,3,1,5,5,0.84625,0.0301687959653679,0.0134918957155768,0.808790492180648,0.883709507819352,0.8125,0.88125,5,160,0,0,160,160,160,160
"DDR ON","MALAT1 KO","PROLIFERATION",TRUE,3,0,5,5,0,0,0,0,0,0,0,5,160,0,0,160,160,160,160
"DDR ON","MALAT1 KO","CELL_CYCLE_ARREST",TRUE,3,1,5,5,0.07,0.00814900300650331,0.00364434493427831,0.0598816763455706,0.0801183236544294,0.0625,0.08125,5,160,0,0,160,160,160,160
"DDR ON","miR-204-5p OE","PYROPTOSIS",TRUE,2,1,5,5,0.49125,0.027457353295611,0.0122793016902428,0.457157192926878,0.525342807073122,0.45625,0.51875,5,160,0,0,160,160,160,160
"DDR ON","miR-204-5p OE","APOPTOSIS",TRUE,2,0,5,5,0,0,0,0,0,0,0,5,160,0,0,160,160,160,160
"DDR ON","miR-204-5p OE","RESISTANCE",TRUE,2,0,5,5,0,0,0,0,0,0,0,5,160,0,0,160,160,160,160
"DDR ON","miR-204-5p OE","PROLIFERATION",TRUE,2,0,5,5,0,0,0,0,0,0,0,5,160,0,0,160,160,160,160
"DDR ON","miR-204-5p OE","CELL_CYCLE_ARREST",TRUE,2,1,5,5,0.50875,0.027457353295611,0.0122793016902428,0.474657192926878,0.542842807073122,0.48125,0.54375,5,160,0,0,160,160,160,160
"DDR ON","miR-204-5p KO","PYROPTOSIS",TRUE,1,0,5,5,0,0,0,0,0,0,0,5,160,0,0,160,160,160,160
"DDR ON","miR-204-5p KO","APOPTOSIS",TRUE,1,0,5,5,0,0,0,0,0,0,0,5,160,0,0,160,160,160,160
"DDR ON","miR-204-5p KO","RESISTANCE",TRUE,1,1,5,5,1,0,0,1,1,1,1,5,160,0,0,160,160,160,160
"DDR ON","miR-204-5p KO","PROLIFERATION",TRUE,1,0,5,5,0,0,0,0,0,0,0,5,160,0,0,160,160,160,160
"DDR ON","miR-204-5p KO","CELL_CYCLE_ARREST",TRUE,1,0,5,5,0,0,0,0,0,0,0,5,160,0,0,160,160,160,160
"DDR ON","GSDME E1 + CASP3 E1","PYROPTOSIS",TRUE,3,3,5,5,1,0,0,1,1,1,1,5,160,0,0,160,160,160,160
"DDR ON","GSDME E1 + CASP3 E1","APOPTOSIS",TRUE,3,0,5,5,0,0,0,0,0,0,0,5,160,0,0,160,160,160,160
"DDR ON","GSDME E1 + CASP3 E1","RESISTANCE",TRUE,3,1,5,5,0.91625,0.0248432586429397,0.0111102430216445,0.885403020144997,0.947096979855003,0.88125,0.9375,5,160,0,0,160,160,160,160
"DDR ON","GSDME E1 + CASP3 E1","PROLIFERATION",TRUE,3,0,5,5,0,0,0,0,0,0,0,5,160,0,0,160,160,160,160
"DDR ON","GSDME E1 + CASP3 E1","CELL_CYCLE_ARREST",TRUE,3,0,5,5,0,0,0,0,0,0,0,5,160,0,0,160,160,160,160
"DDR ON","p53 E1 + miR-204-5p E1 + CASP3 KO + p21 E1","PYROPTOSIS",TRUE,2,0,5,5,0,0,0,0,0,0,0,5,160,0,0,160,160,160,160
"DDR ON","p53 E1 + miR-204-5p E1 + CASP3 KO + p21 E1","APOPTOSIS",TRUE,2,0,5,5,0,0,0,0,0,0,0,5,160,0,0,160,160,160,160
"DDR ON","p53 E1 + miR-204-5p E1 + CASP3 KO + p21 E1","RESISTANCE",TRUE,2,0,5,5,0,0,0,0,0,0,0,5,160,0,0,160,160,160,160
"DDR ON","p53 E1 + miR-204-5p E1 + CASP3 KO + p21 E1","PROLIFERATION",TRUE,2,0,5,5,0,0,0,0,0,0,0,5,160,0,0,160,160,160,160
"DDR ON","p53 E1 + miR-204-5p E1 + CASP3 KO + p21 E1","CELL_CYCLE_ARREST",TRUE,2,2,5,5,1,0,0,1,1,1,1,5,160,0,0,160,160,160,160
"DDR ON","MALAT1 E1 + miR-204-5p KO + SIRT1 E1","PYROPTOSIS",TRUE,1,0,5,5,0,0,0,0,0,0,0,5,160,0,0,160,160,160,160
"DDR ON","MALAT1 E1 + miR-204-5p KO + SIRT1 E1","APOPTOSIS",TRUE,1,0,5,5,0,0,0,0,0,0,0,5,160,0,0,160,160,160,160
"DDR ON","MALAT1 E1 + miR-204-5p KO + SIRT1 E1","RESISTANCE",TRUE,1,1,5,5,1,0,0,1,1,1,1,5,160,0,0,160,160,160,160
"DDR ON","MALAT1 E1 + miR-204-5p KO + SIRT1 E1","PROLIFERATION",TRUE,1,0,5,5,0,0,0,0,0,0,0,5,160,0,0,160,160,160,160
"DDR ON","MALAT1 E1 + miR-204-5p KO + SIRT1 E1","CELL_CYCLE_ARREST",TRUE,1,0,5,5,0,0,0,0,0,0,0,5,160,0,0,160,160,160,160
"DDR ON","SIRT1 KO + GSDME KO + CASP3 E1","PYROPTOSIS",TRUE,2,0,5,5,0,0,0,0,0,0,0,5,160,0,0,160,160,160,160
"DDR ON","SIRT1 KO + GSDME KO + CASP3 E1","APOPTOSIS",TRUE,2,2,5,5,1,0,0,1,1,1,1,5,160,0,0,160,160,160,160
"DDR ON","SIRT1 KO + GSDME KO + CASP3 E1","RESISTANCE",TRUE,2,0,5,5,0,0,0,0,0,0,0,5,160,0,0,160,160,160,160
"DDR ON","SIRT1 KO + GSDME KO + CASP3 E1","PROLIFERATION",TRUE,2,0,5,5,0,0,0,0,0,0,0,5,160,0,0,160,160,160,160
"DDR ON","SIRT1 KO + GSDME KO + CASP3 E1","CELL_CYCLE_ARREST",TRUE,2,0,5,5,0,0,0,0,0,0,0,5,160,0,0,160,160,160,160
