"accession","experiment","validation_scope","edge","from","to","expected_sign","spearman_rho","p_value","sign_concordant","n_cells","fdr_bh"
"GSE125449","GSE125449_Set1","tumour-cell-intrinsic observational concordance","CASP9 -> CASP3","CASP9","CASP3",1,,,,500,
"GSE125449","GSE125449_Set1","tumour-cell-intrinsic observational concordance","CyclinD_CDK46 -| RB1","CyclinD_CDK46","RB1",-1,,,,500,
"GSE125449","GSE125449_Set1","tumour-cell-intrinsic observational concordance","SIRT1 -> PGC1A","SIRT1","PGC1A",1,,,,500,
"GSE125449","GSE125449_Set1","tumour-cell-intrinsic observational concordance","SIRT1 -| p53_ACTIVE","SIRT1","p53_ACTIVE",-1,,,,500,
"GSE125449","GSE125449_Set1","tumour-cell-intrinsic observational concordance","p53_ACTIVE -> p21","p53_ACTIVE","p21",1,,,,500,
"GSE125449","GSE125449_Set1","tumour-cell-intrinsic observational concordance","p53_ACTIVE -| lncRNA_MALAT1","p53_ACTIVE","lncRNA_MALAT1",-1,,,,500,
"GSE125449","GSE125449_Set1","tumour-cell-intrinsic observational concordance","p53_ACTIVE -> PUMA","p53_ACTIVE","PUMA",1,,,,500,
"GSE125449","GSE125449_Set1","tumour-cell-intrinsic observational concordance","RB1 -| E2F1","RB1","E2F1",-1,,,,500,
"GSE125449","GSE125449_Set1","tumour-cell-intrinsic observational concordance","PUMA -> BAX","PUMA","BAX",1,,,,500,
"GSE125449","GSE125449_Set1","tumour-cell-intrinsic observational concordance","PUMA -| BCL2","PUMA","BCL2",-1,,,,500,
"GSE125449","GSE125449_Set1","tumour-cell-intrinsic observational concordance","lncRNA_MALAT1 -| miR_204_5p","lncRNA_MALAT1","miR_204_5p",-1,,,,0,
"GSE125449","GSE125449_Set1","tumour-cell-intrinsic observational concordance","BCL2 -| BAX","BCL2","BAX",-1,,,,500,
"GSE125449","GSE125449_Set1","tumour-cell-intrinsic observational concordance","p21 -| CyclinD_CDK46","p21","CyclinD_CDK46",-1,0.164403881777521,0.000222380564953863,FALSE,500,0.000222380564953863
"GSE125449","GSE125449_Set1","tumour-cell-intrinsic observational concordance","CYTOCHROME_C -> CASP9","CYTOCHROME_C","CASP9",1,,,,500,
"GSE125449","GSE125449_Set1","tumour-cell-intrinsic observational concordance","miR_204_5p -| SIRT1","miR_204_5p","SIRT1",-1,,,,0,
"GSE125449","GSE125449_Set2","tumour-cell-intrinsic observational concordance","CASP9 -> CASP3","CASP9","CASP3",1,,,,500,
"GSE125449","GSE125449_Set2","tumour-cell-intrinsic observational concordance","CyclinD_CDK46 -| RB1","CyclinD_CDK46","RB1",-1,,,,500,
"GSE125449","GSE125449_Set2","tumour-cell-intrinsic observational concordance","SIRT1 -> PGC1A","SIRT1","PGC1A",1,,,,500,
"GSE125449","GSE125449_Set2","tumour-cell-intrinsic observational concordance","SIRT1 -| p53_ACTIVE","SIRT1","p53_ACTIVE",-1,,,,500,
"GSE125449","GSE125449_Set2","tumour-cell-intrinsic observational concordance","p53_ACTIVE -> p21","p53_ACTIVE","p21",1,,,,500,
"GSE125449","GSE125449_Set2","tumour-cell-intrinsic observational concordance","p53_ACTIVE -| lncRNA_MALAT1","p53_ACTIVE","lncRNA_MALAT1",-1,,,,500,
"GSE125449","GSE125449_Set2","tumour-cell-intrinsic observational concordance","p53_ACTIVE -> PUMA","p53_ACTIVE","PUMA",1,,,,500,
"GSE125449","GSE125449_Set2","tumour-cell-intrinsic observational concordance","RB1 -| E2F1","RB1","E2F1",-1,,,,500,
"GSE125449","GSE125449_Set2","tumour-cell-intrinsic observational concordance","PUMA -> BAX","PUMA","BAX",1,,,,500,
"GSE125449","GSE125449_Set2","tumour-cell-intrinsic observational concordance","PUMA -| BCL2","PUMA","BCL2",-1,,,,500,
"GSE125449","GSE125449_Set2","tumour-cell-intrinsic observational concordance","lncRNA_MALAT1 -| miR_204_5p","lncRNA_MALAT1","miR_204_5p",-1,,,,0,
"GSE125449","GSE125449_Set2","tumour-cell-intrinsic observational concordance","BCL2 -| BAX","BCL2","BAX",-1,,,,500,
"GSE125449","GSE125449_Set2","tumour-cell-intrinsic observational concordance","p21 -| CyclinD_CDK46","p21","CyclinD_CDK46",-1,0.0795889818966248,0.0753987905795805,FALSE,500,0.0753987905795805
"GSE125449","GSE125449_Set2","tumour-cell-intrinsic observational concordance","CYTOCHROME_C -> CASP9","CYTOCHROME_C","CASP9",1,,,,500,
"GSE125449","GSE125449_Set2","tumour-cell-intrinsic observational concordance","miR_204_5p -| SIRT1","miR_204_5p","SIRT1",-1,,,,0,
"GSE140228","GSE140228_Droplet","CD45+ immune-microenvironment observational support only","CASP9 -> CASP3","CASP9","CASP3",1,,,,500,
"GSE140228","GSE140228_Droplet","CD45+ immune-microenvironment observational support only","CyclinD_CDK46 -| RB1","CyclinD_CDK46","RB1",-1,,,,500,
"GSE140228","GSE140228_Droplet","CD45+ immune-microenvironment observational support only","SIRT1 -> PGC1A","SIRT1","PGC1A",1,,,,500,
"GSE140228","GSE140228_Droplet","CD45+ immune-microenvironment observational support only","SIRT1 -| p53_ACTIVE","SIRT1","p53_ACTIVE",-1,,,,500,
"GSE140228","GSE140228_Droplet","CD45+ immune-microenvironment observational support only","p53_ACTIVE -> p21","p53_ACTIVE","p21",1,,,,500,
"GSE140228","GSE140228_Droplet","CD45+ immune-microenvironment observational support only","p53_ACTIVE -| lncRNA_MALAT1","p53_ACTIVE","lncRNA_MALAT1",-1,,,,500,
"GSE140228","GSE140228_Droplet","CD45+ immune-microenvironment observational support only","p53_ACTIVE -> PUMA","p53_ACTIVE","PUMA",1,,,,500,
"GSE140228","GSE140228_Droplet","CD45+ immune-microenvironment observational support only","RB1 -| E2F1","RB1","E2F1",-1,,,,500,
"GSE140228","GSE140228_Droplet","CD45+ immune-microenvironment observational support only","PUMA -> BAX","PUMA","BAX",1,,,,500,
"GSE140228","GSE140228_Droplet","CD45+ immune-microenvironment observational support only","PUMA -| BCL2","PUMA","BCL2",-1,,,,500,
"GSE140228","GSE140228_Droplet","CD45+ immune-microenvironment observational support only","lncRNA_MALAT1 -| miR_204_5p","lncRNA_MALAT1","miR_204_5p",-1,,,,500,
"GSE140228","GSE140228_Droplet","CD45+ immune-microenvironment observational support only","BCL2 -| BAX","BCL2","BAX",-1,,,,500,
"GSE140228","GSE140228_Droplet","CD45+ immune-microenvironment observational support only","p21 -| CyclinD_CDK46","p21","CyclinD_CDK46",-1,,,,500,
"GSE140228","GSE140228_Droplet","CD45+ immune-microenvironment observational support only","CYTOCHROME_C -> CASP9","CYTOCHROME_C","CASP9",1,,,,500,
"GSE140228","GSE140228_Droplet","CD45+ immune-microenvironment observational support only","miR_204_5p -| SIRT1","miR_204_5p","SIRT1",-1,,,,500,
