"accession","perturbation","mean_concordance","mean_weighted_concordance","mean_node_coverage","validation_role","causal_confirmation"
"GSE125449","BCL2 KO",0.854951107217977,0.803976796120245,0.9375,"tumour-state concordance",FALSE
"GSE140228","BCL2 KO",0.853369141522745,0.803604952726843,1,"immune-context support only",FALSE
"GSE125449","CASP3 KO",0.856695330425311,0.797246108687759,0.9375,"tumour-state concordance",FALSE
"GSE140228","CASP3 KO",0.857134534292879,0.800744870983477,1,"immune-context support only",FALSE
"GSE125449","GSDME KO",0.833778663758645,0.778148886465537,0.9375,"tumour-state concordance",FALSE
"GSE140228","GSDME KO",0.828276172143653,0.776443092331497,1,"immune-context support only",FALSE
"GSE125449","MALAT1 KO",0.470482992132676,0.433716850303426,0.9375,"tumour-state concordance",FALSE
"GSE140228","MALAT1 KO",0.443069785727614,0.370385466296713,1,"immune-context support only",FALSE
"GSE125449","MALAT1 OE",0.529517007867324,0.566283149696574,0.9375,"tumour-state concordance",FALSE
"GSE140228","MALAT1 OE",0.556930214272386,0.629614533703287,1,"immune-context support only",FALSE
"GSE125449","miR-204-5p KO",0.529517007867324,0.527672194875616,0.9375,"tumour-state concordance",FALSE
"GSE140228","miR-204-5p KO",0.556930214272386,0.613044171417908,1,"immune-context support only",FALSE
"GSE125449","miR-204-5p OE",0.470482992132676,0.472327805124384,0.9375,"tumour-state concordance",FALSE
"GSE140228","miR-204-5p OE",0.443069785727614,0.386955828582091,1,"immune-context support only",FALSE
"GSE125449","Reference: DDR ON, GSDME ON",0.858778663758645,0.798982219798871,0.9375,"tumour-state concordance",FALSE
"GSE140228","Reference: DDR ON, GSDME ON",0.855229297143653,0.79914046075255,1,"immune-context support only",FALSE
"GSE125449","SIRT1 KO",0.470482992132676,0.477862244099507,0.9375,"tumour-state concordance",FALSE
"GSE140228","SIRT1 KO",0.443069785727614,0.456624598649611,1,"immune-context support only",FALSE
"GSE125449","SIRT1 OE",0.529517007867324,0.522137755900493,0.9375,"tumour-state concordance",FALSE
"GSE140228","SIRT1 OE",0.556930214272386,0.543375401350389,1,"immune-context support only",FALSE
