"file","generated_at","pipeline_version","seed"
"figures/Figure_01_GSDME_logical_network_600dpi.png","2026-09-06 20:20:07 UTC","1.2.1",204
"figures/Figure_01_GSDME_logical_network.pdf","2026-09-06 20:20:07 UTC","1.2.1",204
"figures/Figure_02_in_silico_perturbation_heatmap_600dpi.png","2026-09-06 20:20:07 UTC","1.2.1",204
"figures/Figure_02_in_silico_perturbation_heatmap.pdf","2026-09-06 20:20:07 UTC","1.2.1",204
"figures/Figure_03_minimum_driver_nodes_600dpi.png","2026-09-06 20:20:07 UTC","1.2.1",204
"figures/Figure_03_minimum_driver_nodes.pdf","2026-09-06 20:20:07 UTC","1.2.1",204
"figures/Figure_04_GEO_node_detection_heatmap_600dpi.png","2026-09-06 20:20:07 UTC","1.2.1",204
"figures/Figure_04_GEO_node_detection_heatmap.pdf","2026-09-06 20:20:07 UTC","1.2.1",204
"figures/Figure_05_GEO_weighted_perturbation_concordance_600dpi.png","2026-09-06 20:20:07 UTC","1.2.1",204
"figures/Figure_05_GEO_weighted_perturbation_concordance.pdf","2026-09-06 20:20:07 UTC","1.2.1",204
"figures/Figure_06_GEO_projected_fate_composition_600dpi.png","2026-09-06 20:20:07 UTC","1.2.1",204
"figures/Figure_06_GEO_projected_fate_composition.pdf","2026-09-06 20:20:07 UTC","1.2.1",204
"figures/Figure_07_pyroptosis_oriented_RL_therapy_600dpi.png","2026-09-06 20:20:07 UTC","1.2.1",204
"figures/Figure_07_pyroptosis_oriented_RL_therapy.pdf","2026-09-06 20:20:07 UTC","1.2.1",204
"logs/pipeline.log","2026-09-06 20:20:07 UTC","1.2.1",204
"logs/sessionInfo.txt","2026-09-06 20:20:07 UTC","1.2.1",204
"tables/01_model_nodes_and_rules.csv","2026-09-06 20:20:07 UTC","1.2.1",204
"tables/02_model_edges.csv","2026-09-06 20:20:07 UTC","1.2.1",204
"tables/03_reference_attractors.csv","2026-09-06 20:20:07 UTC","1.2.1",204
"tables/04_scientific_perturbation_evidence.csv","2026-09-06 20:20:07 UTC","1.2.1",204
"tables/05_perturbation_activation_frequencies.csv","2026-09-06 20:20:07 UTC","1.2.1",204
"tables/06_structural_control_ranking.csv","2026-09-06 20:20:07 UTC","1.2.1",204
"tables/07_minimum_driver_set_search.csv","2026-09-06 20:20:07 UTC","1.2.1",204
"tables/11_reinforcement_learning_sequence.csv","2026-09-06 20:20:07 UTC","1.2.1",204
"tables/13_geo_download_manifest.csv","2026-09-06 20:20:07 UTC","1.2.1",204
"tables/14_geo_dataset_scope_and_claims.csv","2026-09-06 20:20:07 UTC","1.2.1",204
"tables/15_geo_node_coverage.csv","2026-09-06 20:20:07 UTC","1.2.1",204
"tables/16_geo_perturbation_concordance.csv","2026-09-06 20:20:07 UTC","1.2.1",204
"tables/17_geo_group_fate_probabilities.csv","2026-09-06 20:20:07 UTC","1.2.1",204
"tables/18_geo_regulatory_edge_support.csv","2026-09-06 20:20:07 UTC","1.2.1",204
"tables/19_geo_cross_dataset_summary.csv","2026-09-06 20:20:07 UTC","1.2.1",204
"tables/20_RL_pyroptosis_target_summary.csv","2026-09-06 20:20:07 UTC","1.2.1",204
