"accession","experiment","validation_group","validation_scope","perturbation","concordance_score","weighted_concordance_score","spearman_rank_correlation","nodes_compared","node_coverage","direct_target_observed","direct_nodes","observed_direct_nodes","observed_first_order_nodes","compared_nodes","n_cells","evidence_grade","claim_level"
"GSE125449","GSE125449_Set1","Set1","tumour-cell-intrinsic observational concordance","Reference: DDR ON, GSDME ON",0.892152847507584,0.826794039589653,0.343822313708195,15,0.9375,TRUE,"GSDME_availability","GSDME_availability","","GSDME_availability;CASP3;CASP9;CYTOCHROME_C;BAX;BCL2;PUMA;p53_ACTIVE;lncRNA_MALAT1;PGC1A;p21;CyclinD_CDK46;RB1;E2F1;SIRT1",702,"Moderate observational concordance","observational tumour-state concordance; not causal perturbation validation"
"GSE125449","GSE125449_Set1","Set1","tumour-cell-intrinsic observational concordance","GSDME KO",0.894652847507584,0.828877372922987,0.0368271462105177,15,0.9375,TRUE,"GSDME_availability","GSDME_availability","","GSDME_availability;CASP3;CASP9;CYTOCHROME_C;BAX;BCL2;PUMA;p53_ACTIVE;lncRNA_MALAT1;PGC1A;p21;CyclinD_CDK46;RB1;E2F1;SIRT1",702,"Moderate observational concordance","observational tumour-state concordance; not causal perturbation validation"
"GSE125449","GSE125449_Set1","Set1","tumour-cell-intrinsic observational concordance","CASP3 KO",0.842986180840917,0.785821817367431,-0.318299237305896,15,0.9375,TRUE,"CASP3","CASP3","","GSDME_availability;CASP3;CASP9;CYTOCHROME_C;BAX;BCL2;PUMA;p53_ACTIVE;lncRNA_MALAT1;PGC1A;p21;CyclinD_CDK46;RB1;E2F1;SIRT1",702,"Moderate observational concordance","observational tumour-state concordance; not causal perturbation validation"
"GSE125449","GSE125449_Set1","Set1","tumour-cell-intrinsic observational concordance","miR-204-5p OE",0.460559108000041,0.463024163750039,-0.412532230339542,15,0.9375,FALSE,"miR_204_5p","","SIRT1","GSDME_availability;CASP3;CASP9;CYTOCHROME_C;BAX;BCL2;PUMA;p53_ACTIVE;lncRNA_MALAT1;PGC1A;p21;CyclinD_CDK46;RB1;E2F1;SIRT1",702,"Indirect only: perturbed node not measured","observational tumour-state concordance; not causal perturbation validation"
"GSE125449","GSE125449_Set1","Set1","tumour-cell-intrinsic observational concordance","miR-204-5p KO",0.539440891999959,0.536975836249961,0.386685035210436,15,0.9375,FALSE,"miR_204_5p","","SIRT1","GSDME_availability;CASP3;CASP9;CYTOCHROME_C;BAX;BCL2;PUMA;p53_ACTIVE;lncRNA_MALAT1;PGC1A;p21;CyclinD_CDK46;RB1;E2F1;SIRT1",702,"Indirect only: perturbed node not measured","observational tumour-state concordance; not causal perturbation validation"
"GSE125449","GSE125449_Set1","Set1","tumour-cell-intrinsic observational concordance","MALAT1 OE",0.539440891999959,0.599757921547738,0.386685035210436,15,0.9375,TRUE,"lncRNA_MALAT1","lncRNA_MALAT1","","GSDME_availability;CASP3;CASP9;CYTOCHROME_C;BAX;BCL2;PUMA;p53_ACTIVE;lncRNA_MALAT1;PGC1A;p21;CyclinD_CDK46;RB1;E2F1;SIRT1",702,"Limited observational concordance","observational tumour-state concordance; not causal perturbation validation"
"GSE125449","GSE125449_Set1","Set1","tumour-cell-intrinsic observational concordance","MALAT1 KO",0.460559108000041,0.400242078452262,-0.412532230339542,15,0.9375,TRUE,"lncRNA_MALAT1","lncRNA_MALAT1","","GSDME_availability;CASP3;CASP9;CYTOCHROME_C;BAX;BCL2;PUMA;p53_ACTIVE;lncRNA_MALAT1;PGC1A;p21;CyclinD_CDK46;RB1;E2F1;SIRT1",702,"Limited observational concordance","observational tumour-state concordance; not causal perturbation validation"
"GSE125449","GSE125449_Set1","Set1","tumour-cell-intrinsic observational concordance","SIRT1 OE",0.539440891999959,0.529580668999969,0.386685035210436,15,0.9375,TRUE,"SIRT1","SIRT1","PGC1A;p53_ACTIVE","GSDME_availability;CASP3;CASP9;CYTOCHROME_C;BAX;BCL2;PUMA;p53_ACTIVE;lncRNA_MALAT1;PGC1A;p21;CyclinD_CDK46;RB1;E2F1;SIRT1",702,"Limited observational concordance","observational tumour-state concordance; not causal perturbation validation"
"GSE125449","GSE125449_Set1","Set1","tumour-cell-intrinsic observational concordance","SIRT1 KO",0.460559108000041,0.470419331000031,-0.412532230339542,15,0.9375,TRUE,"SIRT1","SIRT1","PGC1A;p53_ACTIVE","GSDME_availability;CASP3;CASP9;CYTOCHROME_C;BAX;BCL2;PUMA;p53_ACTIVE;lncRNA_MALAT1;PGC1A;p21;CyclinD_CDK46;RB1;E2F1;SIRT1",702,"Limited observational concordance","observational tumour-state concordance; not causal perturbation validation"
"GSE125449","GSE125449_Set1","Set1","tumour-cell-intrinsic observational concordance","BCL2 KO",0.844484262047412,0.795282785468415,0.340476293082873,15,0.9375,TRUE,"BCL2","BCL2","BAX","GSDME_availability;CASP3;CASP9;CYTOCHROME_C;BAX;BCL2;PUMA;p53_ACTIVE;lncRNA_MALAT1;PGC1A;p21;CyclinD_CDK46;RB1;E2F1;SIRT1",702,"Moderate observational concordance","observational tumour-state concordance; not causal perturbation validation"
"GSE125449","GSE125449_Set2","Set2","tumour-cell-intrinsic observational concordance","Reference: DDR ON, GSDME ON",0.910001285721876,0.841667738101564,0.276735032984645,15,0.9375,TRUE,"GSDME_availability","GSDME_availability","","GSDME_availability;CASP3;CASP9;CYTOCHROME_C;BAX;BCL2;PUMA;p53_ACTIVE;lncRNA_MALAT1;PGC1A;p21;CyclinD_CDK46;RB1;E2F1;SIRT1",1290,"Moderate observational concordance","observational tumour-state concordance; not causal perturbation validation"
"GSE125449","GSE125449_Set2","Set2","tumour-cell-intrinsic observational concordance","GSDME KO",0.912904480009705,0.844087066674755,0.0368271462105177,15,0.9375,TRUE,"GSDME_availability","GSDME_availability","","GSDME_availability;CASP3;CASP9;CYTOCHROME_C;BAX;BCL2;PUMA;p53_ACTIVE;lncRNA_MALAT1;PGC1A;p21;CyclinD_CDK46;RB1;E2F1;SIRT1",1290,"Moderate observational concordance","observational tumour-state concordance; not causal perturbation validation"
"GSE125449","GSE125449_Set2","Set2","tumour-cell-intrinsic observational concordance","CASP3 KO",0.861237813343039,0.801031511119199,-0.257892082780689,15,0.9375,TRUE,"CASP3","CASP3","","GSDME_availability;CASP3;CASP9;CYTOCHROME_C;BAX;BCL2;PUMA;p53_ACTIVE;lncRNA_MALAT1;PGC1A;p21;CyclinD_CDK46;RB1;E2F1;SIRT1",1290,"Moderate observational concordance","observational tumour-state concordance; not causal perturbation validation"
"GSE125449","GSE125449_Set2","Set2","tumour-cell-intrinsic observational concordance","miR-204-5p OE",0.480406876265311,0.481631446498729,-0.337526370277807,15,0.9375,FALSE,"miR_204_5p","","SIRT1","GSDME_availability;CASP3;CASP9;CYTOCHROME_C;BAX;BCL2;PUMA;p53_ACTIVE;lncRNA_MALAT1;PGC1A;p21;CyclinD_CDK46;RB1;E2F1;SIRT1",1290,"Indirect only: perturbed node not measured","observational tumour-state concordance; not causal perturbation validation"
"GSE125449","GSE125449_Set2","Set2","tumour-cell-intrinsic observational concordance","miR-204-5p KO",0.519593123734689,0.518368553501271,0.313030742789401,15,0.9375,FALSE,"miR_204_5p","","SIRT1","GSDME_availability;CASP3;CASP9;CYTOCHROME_C;BAX;BCL2;PUMA;p53_ACTIVE;lncRNA_MALAT1;PGC1A;p21;CyclinD_CDK46;RB1;E2F1;SIRT1",1290,"Indirect only: perturbed node not measured","observational tumour-state concordance; not causal perturbation validation"
"GSE125449","GSE125449_Set2","Set2","tumour-cell-intrinsic observational concordance","MALAT1 OE",0.519593123734689,0.532808377845409,0.313030742789401,15,0.9375,TRUE,"lncRNA_MALAT1","lncRNA_MALAT1","","GSDME_availability;CASP3;CASP9;CYTOCHROME_C;BAX;BCL2;PUMA;p53_ACTIVE;lncRNA_MALAT1;PGC1A;p21;CyclinD_CDK46;RB1;E2F1;SIRT1",1290,"Limited observational concordance","observational tumour-state concordance; not causal perturbation validation"
"GSE125449","GSE125449_Set2","Set2","tumour-cell-intrinsic observational concordance","MALAT1 KO",0.480406876265311,0.467191622154591,-0.337526370277807,15,0.9375,TRUE,"lncRNA_MALAT1","lncRNA_MALAT1","","GSDME_availability;CASP3;CASP9;CYTOCHROME_C;BAX;BCL2;PUMA;p53_ACTIVE;lncRNA_MALAT1;PGC1A;p21;CyclinD_CDK46;RB1;E2F1;SIRT1",1290,"Limited observational concordance","observational tumour-state concordance; not causal perturbation validation"
"GSE125449","GSE125449_Set2","Set2","tumour-cell-intrinsic observational concordance","SIRT1 OE",0.519593123734689,0.514694842801017,0.313030742789401,15,0.9375,TRUE,"SIRT1","SIRT1","PGC1A;p53_ACTIVE","GSDME_availability;CASP3;CASP9;CYTOCHROME_C;BAX;BCL2;PUMA;p53_ACTIVE;lncRNA_MALAT1;PGC1A;p21;CyclinD_CDK46;RB1;E2F1;SIRT1",1290,"Limited observational concordance","observational tumour-state concordance; not causal perturbation validation"
"GSE125449","GSE125449_Set2","Set2","tumour-cell-intrinsic observational concordance","SIRT1 KO",0.480406876265311,0.485305157198983,-0.337526370277807,15,0.9375,TRUE,"SIRT1","SIRT1","PGC1A;p53_ACTIVE","GSDME_availability;CASP3;CASP9;CYTOCHROME_C;BAX;BCL2;PUMA;p53_ACTIVE;lncRNA_MALAT1;PGC1A;p21;CyclinD_CDK46;RB1;E2F1;SIRT1",1290,"Limited observational concordance","observational tumour-state concordance; not causal perturbation validation"
"GSE125449","GSE125449_Set2","Set2","tumour-cell-intrinsic observational concordance","BCL2 KO",0.85958461905521,0.80806554361418,0.27921412270118,15,0.9375,TRUE,"BCL2","BCL2","BAX","GSDME_availability;CASP3;CASP9;CYTOCHROME_C;BAX;BCL2;PUMA;p53_ACTIVE;lncRNA_MALAT1;PGC1A;p21;CyclinD_CDK46;RB1;E2F1;SIRT1",1290,"Moderate observational concordance","observational tumour-state concordance; not causal perturbation validation"
"GSE140228","GSE140228_Droplet","Ascites","CD45+ immune-microenvironment observational support only","Reference: DDR ON, GSDME ON",0.906029986896695,0.841919988965638,0.247357315981149,16,1,TRUE,"GSDME_availability","GSDME_availability","","GSDME_availability;CASP3;CASP9;CYTOCHROME_C;BAX;BCL2;PUMA;p53_ACTIVE;miR_204_5p;lncRNA_MALAT1;PGC1A;p21;CyclinD_CDK46;RB1;E2F1;SIRT1",394,"Moderate observational concordance","immune-context support only; not tumour-cell perturbation validation"
"GSE140228","GSE140228_Droplet","Ascites","CD45+ immune-microenvironment observational support only","GSDME KO",0.909545611896695,0.844880515281428,0,16,1,TRUE,"GSDME_availability","GSDME_availability","","GSDME_availability;CASP3;CASP9;CYTOCHROME_C;BAX;BCL2;PUMA;p53_ACTIVE;miR_204_5p;lncRNA_MALAT1;PGC1A;p21;CyclinD_CDK46;RB1;E2F1;SIRT1",394,"Moderate observational concordance","immune-context support only; not tumour-cell perturbation validation"
"GSE140228","GSE140228_Droplet","Ascites","CD45+ immune-microenvironment observational support only","CASP3 KO",0.859545611896695,0.802775252123533,-0.223336526578941,16,1,TRUE,"CASP3","CASP3","","GSDME_availability;CASP3;CASP9;CYTOCHROME_C;BAX;BCL2;PUMA;p53_ACTIVE;miR_204_5p;lncRNA_MALAT1;PGC1A;p21;CyclinD_CDK46;RB1;E2F1;SIRT1",394,"Moderate observational concordance","immune-context support only; not tumour-cell perturbation validation"
"GSE140228","GSE140228_Droplet","Ascites","CD45+ immune-microenvironment observational support only","miR-204-5p OE",0.447556031798451,0.390544825438761,-0.275938638069581,16,1,TRUE,"miR_204_5p","miR_204_5p","SIRT1","GSDME_availability;CASP3;CASP9;CYTOCHROME_C;BAX;BCL2;PUMA;p53_ACTIVE;miR_204_5p;lncRNA_MALAT1;PGC1A;p21;CyclinD_CDK46;RB1;E2F1;SIRT1",394,"Limited observational concordance","immune-context support only; not tumour-cell perturbation validation"
"GSE140228","GSE140228_Droplet","Ascites","CD45+ immune-microenvironment observational support only","miR-204-5p KO",0.552443968201549,0.609455174561239,0.269288537021423,16,1,TRUE,"miR_204_5p","miR_204_5p","SIRT1","GSDME_availability;CASP3;CASP9;CYTOCHROME_C;BAX;BCL2;PUMA;p53_ACTIVE;miR_204_5p;lncRNA_MALAT1;PGC1A;p21;CyclinD_CDK46;RB1;E2F1;SIRT1",394,"Limited observational concordance","immune-context support only; not tumour-cell perturbation validation"
"GSE140228","GSE140228_Droplet","Ascites","CD45+ immune-microenvironment observational support only","MALAT1 OE",0.552443968201549,0.625033368631264,0.269288537021423,16,1,TRUE,"lncRNA_MALAT1","lncRNA_MALAT1","miR_204_5p","GSDME_availability;CASP3;CASP9;CYTOCHROME_C;BAX;BCL2;PUMA;p53_ACTIVE;miR_204_5p;lncRNA_MALAT1;PGC1A;p21;CyclinD_CDK46;RB1;E2F1;SIRT1",394,"Limited observational concordance","immune-context support only; not tumour-cell perturbation validation"
"GSE140228","GSE140228_Droplet","Ascites","CD45+ immune-microenvironment observational support only","MALAT1 KO",0.447556031798451,0.374966631368736,-0.275938638069581,16,1,TRUE,"lncRNA_MALAT1","lncRNA_MALAT1","miR_204_5p","GSDME_availability;CASP3;CASP9;CYTOCHROME_C;BAX;BCL2;PUMA;p53_ACTIVE;miR_204_5p;lncRNA_MALAT1;PGC1A;p21;CyclinD_CDK46;RB1;E2F1;SIRT1",394,"Limited observational concordance","immune-context support only; not tumour-cell perturbation validation"
"GSE140228","GSE140228_Droplet","Ascites","CD45+ immune-microenvironment observational support only","SIRT1 OE",0.552443968201549,0.539957309105942,0.269288537021423,16,1,TRUE,"SIRT1","SIRT1","PGC1A;p53_ACTIVE","GSDME_availability;CASP3;CASP9;CYTOCHROME_C;BAX;BCL2;PUMA;p53_ACTIVE;miR_204_5p;lncRNA_MALAT1;PGC1A;p21;CyclinD_CDK46;RB1;E2F1;SIRT1",394,"Limited observational concordance","immune-context support only; not tumour-cell perturbation validation"
"GSE140228","GSE140228_Droplet","Ascites","CD45+ immune-microenvironment observational support only","SIRT1 KO",0.447556031798451,0.460042690894058,-0.275938638069581,16,1,TRUE,"SIRT1","SIRT1","PGC1A;p53_ACTIVE","GSDME_availability;CASP3;CASP9;CYTOCHROME_C;BAX;BCL2;PUMA;p53_ACTIVE;miR_204_5p;lncRNA_MALAT1;PGC1A;p21;CyclinD_CDK46;RB1;E2F1;SIRT1",394,"Limited observational concordance","immune-context support only; not tumour-cell perturbation validation"
"GSE140228","GSE140228_Droplet","Ascites","CD45+ immune-microenvironment observational support only","BCL2 KO",0.855868389809861,0.809473823013155,0.227637762532112,16,1,TRUE,"BCL2","BCL2","BAX","GSDME_availability;CASP3;CASP9;CYTOCHROME_C;BAX;BCL2;PUMA;p53_ACTIVE;miR_204_5p;lncRNA_MALAT1;PGC1A;p21;CyclinD_CDK46;RB1;E2F1;SIRT1",394,"Moderate observational concordance","immune-context support only; not tumour-cell perturbation validation"
"GSE140228","GSE140228_Droplet","Blood","CD45+ immune-microenvironment observational support only","Reference: DDR ON, GSDME ON",0.901537137406963,0.838136536763759,0.46063429064934,16,1,TRUE,"GSDME_availability","GSDME_availability","","GSDME_availability;CASP3;CASP9;CYTOCHROME_C;BAX;BCL2;PUMA;p53_ACTIVE;miR_204_5p;lncRNA_MALAT1;PGC1A;p21;CyclinD_CDK46;RB1;E2F1;SIRT1",307,"Moderate observational concordance","immune-context support only; not tumour-cell perturbation validation"
"GSE140228","GSE140228_Droplet","Blood","CD45+ immune-microenvironment observational support only","GSDME KO",0.904271512406963,0.840439168342706,-0.073583636818555,16,1,TRUE,"GSDME_availability","GSDME_availability","","GSDME_availability;CASP3;CASP9;CYTOCHROME_C;BAX;BCL2;PUMA;p53_ACTIVE;miR_204_5p;lncRNA_MALAT1;PGC1A;p21;CyclinD_CDK46;RB1;E2F1;SIRT1",307,"Moderate observational concordance","immune-context support only; not tumour-cell perturbation validation"
"GSE140228","GSE140228_Droplet","Blood","CD45+ immune-microenvironment observational support only","CASP3 KO",0.851146512406963,0.795702326237443,-0.397751718764399,16,1,TRUE,"CASP3","CASP3","","GSDME_availability;CASP3;CASP9;CYTOCHROME_C;BAX;BCL2;PUMA;p53_ACTIVE;miR_204_5p;lncRNA_MALAT1;PGC1A;p21;CyclinD_CDK46;RB1;E2F1;SIRT1",307,"Moderate observational concordance","immune-context support only; not tumour-cell perturbation validation"
"GSE140228","GSE140228_Droplet","Blood","CD45+ immune-microenvironment observational support only","miR-204-5p OE",0.435521512406963,0.380917209925571,-0.459897730115969,16,1,TRUE,"miR_204_5p","miR_204_5p","SIRT1","GSDME_availability;CASP3;CASP9;CYTOCHROME_C;BAX;BCL2;PUMA;p53_ACTIVE;miR_204_5p;lncRNA_MALAT1;PGC1A;p21;CyclinD_CDK46;RB1;E2F1;SIRT1",307,"Limited observational concordance","immune-context support only; not tumour-cell perturbation validation"
"GSE140228","GSE140228_Droplet","Blood","CD45+ immune-microenvironment observational support only","miR-204-5p KO",0.564478487593037,0.619082790074429,0.484719366638562,16,1,TRUE,"miR_204_5p","miR_204_5p","SIRT1","GSDME_availability;CASP3;CASP9;CYTOCHROME_C;BAX;BCL2;PUMA;p53_ACTIVE;miR_204_5p;lncRNA_MALAT1;PGC1A;p21;CyclinD_CDK46;RB1;E2F1;SIRT1",307,"Limited observational concordance","immune-context support only; not tumour-cell perturbation validation"
"GSE140228","GSE140228_Droplet","Blood","CD45+ immune-microenvironment observational support only","MALAT1 OE",0.564478487593037,0.634885327274213,0.484719366638562,16,1,TRUE,"lncRNA_MALAT1","lncRNA_MALAT1","miR_204_5p","GSDME_availability;CASP3;CASP9;CYTOCHROME_C;BAX;BCL2;PUMA;p53_ACTIVE;miR_204_5p;lncRNA_MALAT1;PGC1A;p21;CyclinD_CDK46;RB1;E2F1;SIRT1",307,"Limited observational concordance","immune-context support only; not tumour-cell perturbation validation"
"GSE140228","GSE140228_Droplet","Blood","CD45+ immune-microenvironment observational support only","MALAT1 KO",0.435521512406963,0.365114672725787,-0.459897730115969,16,1,TRUE,"lncRNA_MALAT1","lncRNA_MALAT1","miR_204_5p","GSDME_availability;CASP3;CASP9;CYTOCHROME_C;BAX;BCL2;PUMA;p53_ACTIVE;miR_204_5p;lncRNA_MALAT1;PGC1A;p21;CyclinD_CDK46;RB1;E2F1;SIRT1",307,"Limited observational concordance","immune-context support only; not tumour-cell perturbation validation"
"GSE140228","GSE140228_Droplet","Blood","CD45+ immune-microenvironment observational support only","SIRT1 OE",0.564478487593037,0.549126466737552,0.484719366638562,16,1,TRUE,"SIRT1","SIRT1","PGC1A;p53_ACTIVE","GSDME_availability;CASP3;CASP9;CYTOCHROME_C;BAX;BCL2;PUMA;p53_ACTIVE;miR_204_5p;lncRNA_MALAT1;PGC1A;p21;CyclinD_CDK46;RB1;E2F1;SIRT1",307,"Limited observational concordance","immune-context support only; not tumour-cell perturbation validation"
"GSE140228","GSE140228_Droplet","Blood","CD45+ immune-microenvironment observational support only","SIRT1 KO",0.435521512406963,0.450873533262448,-0.459897730115969,16,1,TRUE,"SIRT1","SIRT1","PGC1A;p53_ACTIVE","GSDME_availability;CASP3;CASP9;CYTOCHROME_C;BAX;BCL2;PUMA;p53_ACTIVE;miR_204_5p;lncRNA_MALAT1;PGC1A;p21;CyclinD_CDK46;RB1;E2F1;SIRT1",307,"Limited observational concordance","immune-context support only; not tumour-cell perturbation validation"
"GSE140228","GSE140228_Droplet","Blood","CD45+ immune-microenvironment observational support only","BCL2 KO",0.856496714903711,0.805709675247166,0.370724356123725,16,1,TRUE,"BCL2","BCL2","BAX","GSDME_availability;CASP3;CASP9;CYTOCHROME_C;BAX;BCL2;PUMA;p53_ACTIVE;miR_204_5p;lncRNA_MALAT1;PGC1A;p21;CyclinD_CDK46;RB1;E2F1;SIRT1",307,"Moderate observational concordance","immune-context support only; not tumour-cell perturbation validation"
"GSE140228","GSE140228_Droplet","Lymphnode","CD45+ immune-microenvironment observational support only","Reference: DDR ON, GSDME ON",0.895948645202097,0.833430438064924,0.247357315981149,16,1,TRUE,"GSDME_availability","GSDME_availability","","GSDME_availability;CASP3;CASP9;CYTOCHROME_C;BAX;BCL2;PUMA;p53_ACTIVE;miR_204_5p;lncRNA_MALAT1;PGC1A;p21;CyclinD_CDK46;RB1;E2F1;SIRT1",396,"Moderate observational concordance","immune-context support only; not tumour-cell perturbation validation"
"GSE140228","GSE140228_Droplet","Lymphnode","CD45+ immune-microenvironment observational support only","GSDME KO",0.899464270202097,0.836390964380713,0,16,1,TRUE,"GSDME_availability","GSDME_availability","","GSDME_availability;CASP3;CASP9;CYTOCHROME_C;BAX;BCL2;PUMA;p53_ACTIVE;miR_204_5p;lncRNA_MALAT1;PGC1A;p21;CyclinD_CDK46;RB1;E2F1;SIRT1",396,"Moderate observational concordance","immune-context support only; not tumour-cell perturbation validation"
"GSE140228","GSE140228_Droplet","Lymphnode","CD45+ immune-microenvironment observational support only","CASP3 KO",0.849464270202097,0.794285701222819,-0.223336526578941,16,1,TRUE,"CASP3","CASP3","","GSDME_availability;CASP3;CASP9;CYTOCHROME_C;BAX;BCL2;PUMA;p53_ACTIVE;miR_204_5p;lncRNA_MALAT1;PGC1A;p21;CyclinD_CDK46;RB1;E2F1;SIRT1",396,"Moderate observational concordance","immune-context support only; not tumour-cell perturbation validation"
"GSE140228","GSE140228_Droplet","Lymphnode","CD45+ immune-microenvironment observational support only","miR-204-5p OE",0.440270739929729,0.384716591943783,-0.275938638069581,16,1,TRUE,"miR_204_5p","miR_204_5p","SIRT1","GSDME_availability;CASP3;CASP9;CYTOCHROME_C;BAX;BCL2;PUMA;p53_ACTIVE;miR_204_5p;lncRNA_MALAT1;PGC1A;p21;CyclinD_CDK46;RB1;E2F1;SIRT1",396,"Limited observational concordance","immune-context support only; not tumour-cell perturbation validation"
"GSE140228","GSE140228_Droplet","Lymphnode","CD45+ immune-microenvironment observational support only","miR-204-5p KO",0.559729260070271,0.615283408056217,0.269288537021423,16,1,TRUE,"miR_204_5p","miR_204_5p","SIRT1","GSDME_availability;CASP3;CASP9;CYTOCHROME_C;BAX;BCL2;PUMA;p53_ACTIVE;miR_204_5p;lncRNA_MALAT1;PGC1A;p21;CyclinD_CDK46;RB1;E2F1;SIRT1",396,"Limited observational concordance","immune-context support only; not tumour-cell perturbation validation"
"GSE140228","GSE140228_Droplet","Lymphnode","CD45+ immune-microenvironment observational support only","MALAT1 OE",0.559729260070271,0.632495378976506,0.269288537021423,16,1,TRUE,"lncRNA_MALAT1","lncRNA_MALAT1","miR_204_5p","GSDME_availability;CASP3;CASP9;CYTOCHROME_C;BAX;BCL2;PUMA;p53_ACTIVE;miR_204_5p;lncRNA_MALAT1;PGC1A;p21;CyclinD_CDK46;RB1;E2F1;SIRT1",396,"Limited observational concordance","immune-context support only; not tumour-cell perturbation validation"
"GSE140228","GSE140228_Droplet","Lymphnode","CD45+ immune-microenvironment observational support only","MALAT1 KO",0.440270739929729,0.367504621023494,-0.275938638069581,16,1,TRUE,"lncRNA_MALAT1","lncRNA_MALAT1","miR_204_5p","GSDME_availability;CASP3;CASP9;CYTOCHROME_C;BAX;BCL2;PUMA;p53_ACTIVE;miR_204_5p;lncRNA_MALAT1;PGC1A;p21;CyclinD_CDK46;RB1;E2F1;SIRT1",396,"Limited observational concordance","immune-context support only; not tumour-cell perturbation validation"
"GSE140228","GSE140228_Droplet","Lymphnode","CD45+ immune-microenvironment observational support only","SIRT1 OE",0.559729260070271,0.545508007672588,0.269288537021423,16,1,TRUE,"SIRT1","SIRT1","PGC1A;p53_ACTIVE","GSDME_availability;CASP3;CASP9;CYTOCHROME_C;BAX;BCL2;PUMA;p53_ACTIVE;miR_204_5p;lncRNA_MALAT1;PGC1A;p21;CyclinD_CDK46;RB1;E2F1;SIRT1",396,"Limited observational concordance","immune-context support only; not tumour-cell perturbation validation"
"GSE140228","GSE140228_Droplet","Lymphnode","CD45+ immune-microenvironment observational support only","SIRT1 KO",0.440270739929729,0.454491992327412,-0.275938638069581,16,1,TRUE,"SIRT1","SIRT1","PGC1A;p53_ACTIVE","GSDME_availability;CASP3;CASP9;CYTOCHROME_C;BAX;BCL2;PUMA;p53_ACTIVE;miR_204_5p;lncRNA_MALAT1;PGC1A;p21;CyclinD_CDK46;RB1;E2F1;SIRT1",396,"Limited observational concordance","immune-context support only; not tumour-cell perturbation validation"
"GSE140228","GSE140228_Droplet","Lymphnode","CD45+ immune-microenvironment observational support only","BCL2 KO",0.846339270202097,0.795890243854504,0.227637762532112,16,1,TRUE,"BCL2","BCL2","BAX","GSDME_availability;CASP3;CASP9;CYTOCHROME_C;BAX;BCL2;PUMA;p53_ACTIVE;miR_204_5p;lncRNA_MALAT1;PGC1A;p21;CyclinD_CDK46;RB1;E2F1;SIRT1",396,"Moderate observational concordance","immune-context support only; not tumour-cell perturbation validation"
"GSE140228","GSE140228_Droplet","Normal","CD45+ immune-microenvironment observational support only","Reference: DDR ON, GSDME ON",0.897780799810641,0.834973305103697,0.247357315981149,16,1,TRUE,"GSDME_availability","GSDME_availability","","GSDME_availability;CASP3;CASP9;CYTOCHROME_C;BAX;BCL2;PUMA;p53_ACTIVE;miR_204_5p;lncRNA_MALAT1;PGC1A;p21;CyclinD_CDK46;RB1;E2F1;SIRT1",440,"Moderate observational concordance","immune-context support only; not tumour-cell perturbation validation"
"GSE140228","GSE140228_Droplet","Normal","CD45+ immune-microenvironment observational support only","GSDME KO",0.901296424810641,0.837933831419487,0,16,1,TRUE,"GSDME_availability","GSDME_availability","","GSDME_availability;CASP3;CASP9;CYTOCHROME_C;BAX;BCL2;PUMA;p53_ACTIVE;miR_204_5p;lncRNA_MALAT1;PGC1A;p21;CyclinD_CDK46;RB1;E2F1;SIRT1",440,"Moderate observational concordance","immune-context support only; not tumour-cell perturbation validation"
"GSE140228","GSE140228_Droplet","Normal","CD45+ immune-microenvironment observational support only","CASP3 KO",0.851296424810641,0.795828568261592,-0.223336526578941,16,1,TRUE,"CASP3","CASP3","","GSDME_availability;CASP3;CASP9;CYTOCHROME_C;BAX;BCL2;PUMA;p53_ACTIVE;miR_204_5p;lncRNA_MALAT1;PGC1A;p21;CyclinD_CDK46;RB1;E2F1;SIRT1",440,"Moderate observational concordance","immune-context support only; not tumour-cell perturbation validation"
"GSE140228","GSE140228_Droplet","Normal","CD45+ immune-microenvironment observational support only","miR-204-5p OE",0.443989270619428,0.387691416495543,-0.275938638069581,16,1,TRUE,"miR_204_5p","miR_204_5p","SIRT1","GSDME_availability;CASP3;CASP9;CYTOCHROME_C;BAX;BCL2;PUMA;p53_ACTIVE;miR_204_5p;lncRNA_MALAT1;PGC1A;p21;CyclinD_CDK46;RB1;E2F1;SIRT1",440,"Limited observational concordance","immune-context support only; not tumour-cell perturbation validation"
"GSE140228","GSE140228_Droplet","Normal","CD45+ immune-microenvironment observational support only","miR-204-5p KO",0.556010729380572,0.612308583504457,0.269288537021423,16,1,TRUE,"miR_204_5p","miR_204_5p","SIRT1","GSDME_availability;CASP3;CASP9;CYTOCHROME_C;BAX;BCL2;PUMA;p53_ACTIVE;miR_204_5p;lncRNA_MALAT1;PGC1A;p21;CyclinD_CDK46;RB1;E2F1;SIRT1",440,"Limited observational concordance","immune-context support only; not tumour-cell perturbation validation"
"GSE140228","GSE140228_Droplet","Normal","CD45+ immune-microenvironment observational support only","MALAT1 OE",0.556010729380572,0.628781654578809,0.269288537021423,16,1,TRUE,"lncRNA_MALAT1","lncRNA_MALAT1","miR_204_5p","GSDME_availability;CASP3;CASP9;CYTOCHROME_C;BAX;BCL2;PUMA;p53_ACTIVE;miR_204_5p;lncRNA_MALAT1;PGC1A;p21;CyclinD_CDK46;RB1;E2F1;SIRT1",440,"Limited observational concordance","immune-context support only; not tumour-cell perturbation validation"
"GSE140228","GSE140228_Droplet","Normal","CD45+ immune-microenvironment observational support only","MALAT1 KO",0.443989270619428,0.371218345421191,-0.275938638069581,16,1,TRUE,"lncRNA_MALAT1","lncRNA_MALAT1","miR_204_5p","GSDME_availability;CASP3;CASP9;CYTOCHROME_C;BAX;BCL2;PUMA;p53_ACTIVE;miR_204_5p;lncRNA_MALAT1;PGC1A;p21;CyclinD_CDK46;RB1;E2F1;SIRT1",440,"Limited observational concordance","immune-context support only; not tumour-cell perturbation validation"
"GSE140228","GSE140228_Droplet","Normal","CD45+ immune-microenvironment observational support only","SIRT1 OE",0.556010729380572,0.542674841432816,0.269288537021423,16,1,TRUE,"SIRT1","SIRT1","PGC1A;p53_ACTIVE","GSDME_availability;CASP3;CASP9;CYTOCHROME_C;BAX;BCL2;PUMA;p53_ACTIVE;miR_204_5p;lncRNA_MALAT1;PGC1A;p21;CyclinD_CDK46;RB1;E2F1;SIRT1",440,"Limited observational concordance","immune-context support only; not tumour-cell perturbation validation"
"GSE140228","GSE140228_Droplet","Normal","CD45+ immune-microenvironment observational support only","SIRT1 KO",0.443989270619428,0.457325158567184,-0.275938638069581,16,1,TRUE,"SIRT1","SIRT1","PGC1A;p53_ACTIVE","GSDME_availability;CASP3;CASP9;CYTOCHROME_C;BAX;BCL2;PUMA;p53_ACTIVE;miR_204_5p;lncRNA_MALAT1;PGC1A;p21;CyclinD_CDK46;RB1;E2F1;SIRT1",440,"Limited observational concordance","immune-context support only; not tumour-cell perturbation validation"
"GSE140228","GSE140228_Droplet","Normal","CD45+ immune-microenvironment observational support only","BCL2 KO",0.848171424810641,0.799329941711991,0.227637762532112,16,1,TRUE,"BCL2","BCL2","BAX","GSDME_availability;CASP3;CASP9;CYTOCHROME_C;BAX;BCL2;PUMA;p53_ACTIVE;miR_204_5p;lncRNA_MALAT1;PGC1A;p21;CyclinD_CDK46;RB1;E2F1;SIRT1",440,"Moderate observational concordance","immune-context support only; not tumour-cell perturbation validation"
"GSE140228","GSE140228_Droplet","Tumor","CD45+ immune-microenvironment observational support only","Reference: DDR ON, GSDME ON",0.903435033580437,0.839734765120368,0.247357315981149,16,1,TRUE,"GSDME_availability","GSDME_availability","","GSDME_availability;CASP3;CASP9;CYTOCHROME_C;BAX;BCL2;PUMA;p53_ACTIVE;miR_204_5p;lncRNA_MALAT1;PGC1A;p21;CyclinD_CDK46;RB1;E2F1;SIRT1",463,"Moderate observational concordance","immune-context support only; not tumour-cell perturbation validation"
"GSE140228","GSE140228_Droplet","Tumor","CD45+ immune-microenvironment observational support only","GSDME KO",0.906950658580437,0.842695291436157,0,16,1,TRUE,"GSDME_availability","GSDME_availability","","GSDME_availability;CASP3;CASP9;CYTOCHROME_C;BAX;BCL2;PUMA;p53_ACTIVE;miR_204_5p;lncRNA_MALAT1;PGC1A;p21;CyclinD_CDK46;RB1;E2F1;SIRT1",463,"Moderate observational concordance","immune-context support only; not tumour-cell perturbation validation"
"GSE140228","GSE140228_Droplet","Tumor","CD45+ immune-microenvironment observational support only","CASP3 KO",0.856950658580437,0.800590028278263,-0.223336526578941,16,1,TRUE,"CASP3","CASP3","","GSDME_availability;CASP3;CASP9;CYTOCHROME_C;BAX;BCL2;PUMA;p53_ACTIVE;miR_204_5p;lncRNA_MALAT1;PGC1A;p21;CyclinD_CDK46;RB1;E2F1;SIRT1",463,"Moderate observational concordance","immune-context support only; not tumour-cell perturbation validation"
"GSE140228","GSE140228_Droplet","Tumor","CD45+ immune-microenvironment observational support only","miR-204-5p OE",0.448140107469253,0.391012085975403,-0.275938638069581,16,1,TRUE,"miR_204_5p","miR_204_5p","SIRT1","GSDME_availability;CASP3;CASP9;CYTOCHROME_C;BAX;BCL2;PUMA;p53_ACTIVE;miR_204_5p;lncRNA_MALAT1;PGC1A;p21;CyclinD_CDK46;RB1;E2F1;SIRT1",463,"Limited observational concordance","immune-context support only; not tumour-cell perturbation validation"
"GSE140228","GSE140228_Droplet","Tumor","CD45+ immune-microenvironment observational support only","miR-204-5p KO",0.551859892530747,0.608987914024597,0.269288537021423,16,1,TRUE,"miR_204_5p","miR_204_5p","SIRT1","GSDME_availability;CASP3;CASP9;CYTOCHROME_C;BAX;BCL2;PUMA;p53_ACTIVE;miR_204_5p;lncRNA_MALAT1;PGC1A;p21;CyclinD_CDK46;RB1;E2F1;SIRT1",463,"Limited observational concordance","immune-context support only; not tumour-cell perturbation validation"
"GSE140228","GSE140228_Droplet","Tumor","CD45+ immune-microenvironment observational support only","MALAT1 OE",0.551859892530747,0.621777260391883,0.269288537021423,16,1,TRUE,"lncRNA_MALAT1","lncRNA_MALAT1","miR_204_5p","GSDME_availability;CASP3;CASP9;CYTOCHROME_C;BAX;BCL2;PUMA;p53_ACTIVE;miR_204_5p;lncRNA_MALAT1;PGC1A;p21;CyclinD_CDK46;RB1;E2F1;SIRT1",463,"Limited observational concordance","immune-context support only; not tumour-cell perturbation validation"
"GSE140228","GSE140228_Droplet","Tumor","CD45+ immune-microenvironment observational support only","MALAT1 KO",0.448140107469253,0.378222739608117,-0.275938638069581,16,1,TRUE,"lncRNA_MALAT1","lncRNA_MALAT1","miR_204_5p","GSDME_availability;CASP3;CASP9;CYTOCHROME_C;BAX;BCL2;PUMA;p53_ACTIVE;miR_204_5p;lncRNA_MALAT1;PGC1A;p21;CyclinD_CDK46;RB1;E2F1;SIRT1",463,"Limited observational concordance","immune-context support only; not tumour-cell perturbation validation"
"GSE140228","GSE140228_Droplet","Tumor","CD45+ immune-microenvironment observational support only","SIRT1 OE",0.551859892530747,0.539512299071045,0.269288537021423,16,1,TRUE,"SIRT1","SIRT1","PGC1A;p53_ACTIVE","GSDME_availability;CASP3;CASP9;CYTOCHROME_C;BAX;BCL2;PUMA;p53_ACTIVE;miR_204_5p;lncRNA_MALAT1;PGC1A;p21;CyclinD_CDK46;RB1;E2F1;SIRT1",463,"Limited observational concordance","immune-context support only; not tumour-cell perturbation validation"
"GSE140228","GSE140228_Droplet","Tumor","CD45+ immune-microenvironment observational support only","SIRT1 KO",0.448140107469253,0.460487700928955,-0.275938638069581,16,1,TRUE,"SIRT1","SIRT1","PGC1A;p53_ACTIVE","GSDME_availability;CASP3;CASP9;CYTOCHROME_C;BAX;BCL2;PUMA;p53_ACTIVE;miR_204_5p;lncRNA_MALAT1;PGC1A;p21;CyclinD_CDK46;RB1;E2F1;SIRT1",463,"Limited observational concordance","immune-context support only; not tumour-cell perturbation validation"
"GSE140228","GSE140228_Droplet","Tumor","CD45+ immune-microenvironment observational support only","BCL2 KO",0.853825658580437,0.806547448739987,0.227637762532112,16,1,TRUE,"BCL2","BCL2","BAX","GSDME_availability;CASP3;CASP9;CYTOCHROME_C;BAX;BCL2;PUMA;p53_ACTIVE;miR_204_5p;lncRNA_MALAT1;PGC1A;p21;CyclinD_CDK46;RB1;E2F1;SIRT1",463,"Moderate observational concordance","immune-context support only; not tumour-cell perturbation validation"
