"file","generated_at","pipeline_version","seed","quick","geo_max_cells_requested"
"figures/Figure_01_GSDME_logical_network_600dpi.png","2026-09-27 04:02:57 UTC","1.6.1-HCC-GSDME-switch-DDR-ON",101,FALSE,2000
"figures/Figure_01_GSDME_logical_network.pdf","2026-09-27 04:02:57 UTC","1.6.1-HCC-GSDME-switch-DDR-ON",101,FALSE,2000
"figures/Figure_02_in_silico_perturbation_heatmap_600dpi.png","2026-09-27 04:02:57 UTC","1.6.1-HCC-GSDME-switch-DDR-ON",101,FALSE,2000
"figures/Figure_02_in_silico_perturbation_heatmap.pdf","2026-09-27 04:02:57 UTC","1.6.1-HCC-GSDME-switch-DDR-ON",101,FALSE,2000
"figures/Figure_02b_GSDME_CASP3_OE_KO_comparison_600dpi.png","2026-09-27 04:02:57 UTC","1.6.1-HCC-GSDME-switch-DDR-ON",101,FALSE,2000
"figures/Figure_02b_GSDME_CASP3_OE_KO_comparison.pdf","2026-09-27 04:02:57 UTC","1.6.1-HCC-GSDME-switch-DDR-ON",101,FALSE,2000
"figures/Figure_02c_GSDME_dependency_DDR_ON_600dpi.png","2026-09-27 04:02:57 UTC","1.6.1-HCC-GSDME-switch-DDR-ON",101,FALSE,2000
"figures/Figure_02c_GSDME_dependency_DDR_ON.pdf","2026-09-27 04:02:57 UTC","1.6.1-HCC-GSDME-switch-DDR-ON",101,FALSE,2000
"figures/Figure_02e_feedback_loop_outcomes_DDR_ON_600dpi.png","2026-09-27 04:02:57 UTC","1.6.1-HCC-GSDME-switch-DDR-ON",101,FALSE,2000
"figures/Figure_02e_feedback_loop_outcomes_DDR_ON.pdf","2026-09-27 04:02:57 UTC","1.6.1-HCC-GSDME-switch-DDR-ON",101,FALSE,2000
"figures/Figure_03_minimum_driver_nodes_600dpi.png","2026-09-27 04:02:57 UTC","1.6.1-HCC-GSDME-switch-DDR-ON",101,FALSE,2000
"figures/Figure_03_minimum_driver_nodes.pdf","2026-09-27 04:02:57 UTC","1.6.1-HCC-GSDME-switch-DDR-ON",101,FALSE,2000
"figures/Figure_04_GEO_node_detection_heatmap_600dpi.png","2026-09-27 04:02:57 UTC","1.6.1-HCC-GSDME-switch-DDR-ON",101,FALSE,2000
"figures/Figure_04_GEO_node_detection_heatmap.pdf","2026-09-27 04:02:57 UTC","1.6.1-HCC-GSDME-switch-DDR-ON",101,FALSE,2000
"figures/Figure_05_GEO_weighted_perturbation_concordance_600dpi.png","2026-09-27 04:02:57 UTC","1.6.1-HCC-GSDME-switch-DDR-ON",101,FALSE,2000
"figures/Figure_05_GEO_weighted_perturbation_concordance.pdf","2026-09-27 04:02:57 UTC","1.6.1-HCC-GSDME-switch-DDR-ON",101,FALSE,2000
"figures/Figure_06_GEO_projected_fate_composition_600dpi.png","2026-09-27 04:02:57 UTC","1.6.1-HCC-GSDME-switch-DDR-ON",101,FALSE,2000
"figures/Figure_06_GEO_projected_fate_composition.pdf","2026-09-27 04:02:57 UTC","1.6.1-HCC-GSDME-switch-DDR-ON",101,FALSE,2000
"figures/Figure_06b_seven_priority_nodes_RNA_detection_600dpi.png","2026-09-27 04:02:57 UTC","1.6.1-HCC-GSDME-switch-DDR-ON",101,FALSE,2000
"figures/Figure_06b_seven_priority_nodes_RNA_detection.pdf","2026-09-27 04:02:57 UTC","1.6.1-HCC-GSDME-switch-DDR-ON",101,FALSE,2000
"figures/Figure_07_pyroptosis_oriented_RL_therapy_600dpi.png","2026-09-27 04:02:57 UTC","1.6.1-HCC-GSDME-switch-DDR-ON",101,FALSE,2000
"figures/Figure_07_pyroptosis_oriented_RL_therapy.pdf","2026-09-27 04:02:57 UTC","1.6.1-HCC-GSDME-switch-DDR-ON",101,FALSE,2000
"figures/Figure_08_exact_stable_states_DDR_ON_600dpi.png","2026-09-27 04:02:57 UTC","1.6.1-HCC-GSDME-switch-DDR-ON",101,FALSE,2000
"figures/Figure_08_exact_stable_states_DDR_ON.pdf","2026-09-27 04:02:57 UTC","1.6.1-HCC-GSDME-switch-DDR-ON",101,FALSE,2000
"figures/Figure_08b_exact_stable_states_by_condition_DDR_ON_600dpi.png","2026-09-27 04:02:57 UTC","1.6.1-HCC-GSDME-switch-DDR-ON",101,FALSE,2000
"figures/Figure_08b_exact_stable_states_by_condition_DDR_ON.pdf","2026-09-27 04:02:57 UTC","1.6.1-HCC-GSDME-switch-DDR-ON",101,FALSE,2000
"figures/Figure_08c_GSDME_dependency_exact_DDR_ON_600dpi.png","2026-09-27 04:02:57 UTC","1.6.1-HCC-GSDME-switch-DDR-ON",101,FALSE,2000
"figures/Figure_08c_GSDME_dependency_exact_DDR_ON.pdf","2026-09-27 04:02:57 UTC","1.6.1-HCC-GSDME-switch-DDR-ON",101,FALSE,2000
"figures/Figure_09_unperturbed_five_phenotypes_600dpi.png","2026-09-27 04:02:57 UTC","1.6.1-HCC-GSDME-switch-DDR-ON",101,FALSE,2000
"figures/Figure_09_unperturbed_five_phenotypes.pdf","2026-09-27 04:02:57 UTC","1.6.1-HCC-GSDME-switch-DDR-ON",101,FALSE,2000
"figures/Figure_10_phenotype_reachability_DDR_ON_600dpi.png","2026-09-27 04:02:57 UTC","1.6.1-HCC-GSDME-switch-DDR-ON",101,FALSE,2000
"figures/Figure_10_phenotype_reachability_DDR_ON.pdf","2026-09-27 04:02:57 UTC","1.6.1-HCC-GSDME-switch-DDR-ON",101,FALSE,2000
"figures/Figure_11_perturbed_vs_unperturbed_DDR_ON_600dpi.png","2026-09-27 04:02:57 UTC","1.6.1-HCC-GSDME-switch-DDR-ON",101,FALSE,2000
"figures/Figure_11_perturbed_vs_unperturbed_DDR_ON.pdf","2026-09-27 04:02:57 UTC","1.6.1-HCC-GSDME-switch-DDR-ON",101,FALSE,2000
"logs/pipeline.log","2026-09-27 04:02:57 UTC","1.6.1-HCC-GSDME-switch-DDR-ON",101,FALSE,2000
"logs/sessionInfo.txt","2026-09-27 04:02:57 UTC","1.6.1-HCC-GSDME-switch-DDR-ON",101,FALSE,2000
"tables/01_model_nodes_and_rules.csv","2026-09-27 04:02:57 UTC","1.6.1-HCC-GSDME-switch-DDR-ON",101,FALSE,2000
"tables/02_model_edges.csv","2026-09-27 04:02:57 UTC","1.6.1-HCC-GSDME-switch-DDR-ON",101,FALSE,2000
"tables/03_reference_attractors.csv","2026-09-27 04:02:57 UTC","1.6.1-HCC-GSDME-switch-DDR-ON",101,FALSE,2000
"tables/04_scientific_perturbation_evidence.csv","2026-09-27 04:02:57 UTC","1.6.1-HCC-GSDME-switch-DDR-ON",101,FALSE,2000
"tables/05_perturbation_activation_frequencies.csv","2026-09-27 04:02:57 UTC","1.6.1-HCC-GSDME-switch-DDR-ON",101,FALSE,2000
"tables/06_structural_control_ranking.csv","2026-09-27 04:02:57 UTC","1.6.1-HCC-GSDME-switch-DDR-ON",101,FALSE,2000
"tables/07_minimum_driver_set_search.csv","2026-09-27 04:02:57 UTC","1.6.1-HCC-GSDME-switch-DDR-ON",101,FALSE,2000
"tables/11_reinforcement_learning_sequence.csv","2026-09-27 04:02:57 UTC","1.6.1-HCC-GSDME-switch-DDR-ON",101,FALSE,2000
"tables/13_geo_download_manifest.csv","2026-09-27 04:02:57 UTC","1.6.1-HCC-GSDME-switch-DDR-ON",101,FALSE,2000
"tables/14_geo_dataset_scope_and_claims.csv","2026-09-27 04:02:57 UTC","1.6.1-HCC-GSDME-switch-DDR-ON",101,FALSE,2000
"tables/15_geo_node_coverage.csv","2026-09-27 04:02:57 UTC","1.6.1-HCC-GSDME-switch-DDR-ON",101,FALSE,2000
"tables/16_geo_perturbation_concordance.csv","2026-09-27 04:02:57 UTC","1.6.1-HCC-GSDME-switch-DDR-ON",101,FALSE,2000
"tables/17_geo_group_fate_probabilities.csv","2026-09-27 04:02:57 UTC","1.6.1-HCC-GSDME-switch-DDR-ON",101,FALSE,2000
"tables/18_geo_regulatory_edge_support.csv","2026-09-27 04:02:57 UTC","1.6.1-HCC-GSDME-switch-DDR-ON",101,FALSE,2000
"tables/19_geo_cross_dataset_summary.csv","2026-09-27 04:02:57 UTC","1.6.1-HCC-GSDME-switch-DDR-ON",101,FALSE,2000
"tables/20_RL_pyroptosis_target_summary.csv","2026-09-27 04:02:57 UTC","1.6.1-HCC-GSDME-switch-DDR-ON",101,FALSE,2000
"tables/21_exact_stable_states_DDR_ON.csv","2026-09-27 04:02:57 UTC","1.6.1-HCC-GSDME-switch-DDR-ON",101,FALSE,2000
"tables/22_exact_stable_state_phenotypes_DDR_ON.csv","2026-09-27 04:02:57 UTC","1.6.1-HCC-GSDME-switch-DDR-ON",101,FALSE,2000
"tables/23_phenotype_reachability_DDR_ON.csv","2026-09-27 04:02:57 UTC","1.6.1-HCC-GSDME-switch-DDR-ON",101,FALSE,2000
"tables/24_perturbed_minus_unperturbed_DDR_ON.csv","2026-09-27 04:02:57 UTC","1.6.1-HCC-GSDME-switch-DDR-ON",101,FALSE,2000
"tables/25_primary_literature_context.csv","2026-09-27 04:02:57 UTC","1.6.1-HCC-GSDME-switch-DDR-ON",101,FALSE,2000
"tables/26_GEO_fixed_perturbation_independent_phenotypes.csv","2026-09-27 04:02:57 UTC","1.6.1-HCC-GSDME-switch-DDR-ON",101,FALSE,2000
"tables/27_GSDME_dependency_exact_stable_states_DDR_ON.csv","2026-09-27 04:02:57 UTC","1.6.1-HCC-GSDME-switch-DDR-ON",101,FALSE,2000
"tables/28_feedback_loop_perturbation_outcomes_DDR_ON.csv","2026-09-27 04:02:57 UTC","1.6.1-HCC-GSDME-switch-DDR-ON",101,FALSE,2000
