"accession","file","local_path","size_bytes","source"
"GSE125449","GSE125449_Set1_barcodes.tsv.gz","/home/usuario/Downloads/GSDME_Pyroptosis/GEO_scRNA_data/GSE125449/GSE125449_Set1_barcodes.tsv.gz",26016,"cache"
"GSE125449","GSE125449_Set1_genes.tsv.gz","/home/usuario/Downloads/GSDME_Pyroptosis/GEO_scRNA_data/GSE125449/GSE125449_Set1_genes.tsv.gz",158399,"cache"
"GSE125449","GSE125449_Set1_matrix.mtx.gz","/home/usuario/Downloads/GSDME_Pyroptosis/GEO_scRNA_data/GSE125449/GSE125449_Set1_matrix.mtx.gz",26707779,"cache"
"GSE125449","GSE125449_Set1_samples.txt.gz","/home/usuario/Downloads/GSDME_Pyroptosis/GEO_scRNA_data/GSE125449/GSE125449_Set1_samples.txt.gz",33526,"cache"
"GSE125449","GSE125449_Set2_barcodes.tsv.gz","/home/usuario/Downloads/GSDME_Pyroptosis/GEO_scRNA_data/GSE125449/GSE125449_Set2_barcodes.tsv.gz",23861,"cache"
"GSE125449","GSE125449_Set2_genes.tsv.gz","/home/usuario/Downloads/GSDME_Pyroptosis/GEO_scRNA_data/GSE125449/GSE125449_Set2_genes.tsv.gz",153470,"cache"
"GSE125449","GSE125449_Set2_matrix.mtx.gz","/home/usuario/Downloads/GSDME_Pyroptosis/GEO_scRNA_data/GSE125449/GSE125449_Set2_matrix.mtx.gz",19204961,"cache"
"GSE125449","GSE125449_Set2_samples.txt.gz","/home/usuario/Downloads/GSDME_Pyroptosis/GEO_scRNA_data/GSE125449/GSE125449_Set2_samples.txt.gz",31132,"cache"
"GSE189903","GSE189903_barcodes.tsv.gz","/home/usuario/Downloads/GSDME_Pyroptosis/GEO_scRNA_data/GSE189903/GSE189903_barcodes.tsv.gz",472062,"cache"
"GSE189903","GSE189903_genes.tsv.gz","/home/usuario/Downloads/GSDME_Pyroptosis/GEO_scRNA_data/GSE189903/GSE189903_genes.tsv.gz",199423,"cache"
"GSE189903","GSE189903_matrix.mtx.gz","/home/usuario/Downloads/GSDME_Pyroptosis/GEO_scRNA_data/GSE189903/GSE189903_matrix.mtx.gz",390953978,"cache"
"GSE189903","GSE189903_Info.txt.gz","/home/usuario/Downloads/GSDME_Pyroptosis/GEO_scRNA_data/GSE189903/GSE189903_Info.txt.gz",571931,"cache"
