"DDR_setting","condition","stable_state","DDR","ATM","PRKAA1","PPM1D","Mdm2","TP53","p53-Arrest","TP53INP1","p53-Killer","CDKN1A","MYC","MALAT1","MIR204","SIRT1","DFNA5","E2F1","AKT1","(CCND1 ou CCND2 ou CCND3) E (CDK4 ou CDK6)","RB1","CDC25A","BBC3","BCL2","BAX","CASP3","PROLIFERATION","RESISTANCE","PYROPTOSIS","APOPTOSIS","CELL_CYCLE_ARREST","MOMP","CASP9"
"DDR ON","Unperturbed","SS1",1,1,1,0,0,1,1,1,0,1,0,0,1,0,0,0,0,0,1,0,0,0,0,0,0,0,0,0,1,0,0
"DDR ON","Unperturbed","SS2",1,1,1,1,0,0,0,0,0,0,1,1,0,1,0,1,0,1,0,1,0,1,0,0,0,1,0,0,0,0,0
"DDR ON","Unperturbed","SS3",1,1,1,0,0,1,0,1,1,0,0,0,1,0,1,0,0,0,1,0,1,0,1,1,0,0,1,0,0,1,1
"DDR ON","CASP3 OE + GSDME KO","SS1",1,1,1,0,0,1,0,1,1,0,0,0,1,0,0,0,0,0,1,0,1,0,1,1,0,0,0,1,0,1,1
"DDR ON","CASP3 OE + GSDME KO","SS2",1,1,1,0,0,1,1,1,0,0,0,0,1,0,0,0,0,0,1,0,0,0,0,1,0,0,0,1,0,0,0
"DDR ON","CASP3 OE + GSDME KO","SS3",1,1,1,1,0,0,0,0,0,0,1,1,0,1,0,1,0,1,0,1,0,1,0,1,0,1,0,1,0,0,0
"DDR ON","miR-204-5p OE + GSDME KO","SS1",1,1,1,0,0,1,1,1,0,1,0,0,1,0,0,0,0,0,1,0,0,0,0,0,0,0,0,0,1,0,0
"DDR ON","miR-204-5p OE + GSDME KO","SS2",1,1,1,0,0,1,0,1,1,0,0,0,1,0,0,0,0,0,1,0,1,0,1,1,0,0,0,1,0,1,1
"DDR ON","miR-204-5p OE + CASP3 KO","SS1",1,1,1,0,0,1,0,1,1,0,0,0,1,0,0,0,0,0,1,0,1,0,1,0,0,0,0,0,0,1,0
"DDR ON","miR-204-5p OE + CASP3 KO","SS2",1,1,1,0,0,1,1,1,0,1,0,0,1,0,0,0,0,0,1,0,0,0,0,0,0,0,0,0,1,0,0
"DDR ON","SIRT1 KO + GSDME KO","SS1",1,1,1,0,0,1,1,1,0,1,0,0,1,0,0,0,0,0,1,0,0,0,0,0,0,0,0,0,1,0,0
"DDR ON","SIRT1 KO + GSDME KO","SS2",1,1,1,0,0,1,0,1,1,0,0,0,1,0,0,0,0,0,1,0,1,0,1,1,0,0,0,1,0,1,1
"DDR ON","MALAT1 KO + GSDME KO","SS1",1,1,1,0,0,1,1,1,0,1,0,0,1,0,0,0,0,0,1,0,0,0,0,0,0,0,0,0,1,0,0
"DDR ON","MALAT1 KO + GSDME KO","SS2",1,1,1,1,0,0,0,0,0,0,1,0,0,1,0,1,0,1,0,1,0,1,0,0,0,1,0,0,0,0,0
"DDR ON","MALAT1 KO + GSDME KO","SS3",1,1,1,0,0,1,0,1,1,0,0,0,1,0,0,0,0,0,1,0,1,0,1,1,0,0,0,1,0,1,1
"DDR ON","GSDME OE","SS1",1,1,1,0,0,1,1,1,0,1,0,0,1,0,1,0,0,0,1,0,0,0,0,0,0,0,1,0,1,0,0
"DDR ON","GSDME OE","SS2",1,1,1,1,0,0,0,0,0,0,1,1,0,1,1,1,0,1,0,1,0,1,0,0,0,1,1,0,0,0,0
"DDR ON","GSDME OE","SS3",1,1,1,0,0,1,0,1,1,0,0,0,1,0,1,0,0,0,1,0,1,0,1,1,0,0,1,0,0,1,1
"DDR ON","GSDME KO","SS1",1,1,1,0,0,1,1,1,0,1,0,0,1,0,0,0,0,0,1,0,0,0,0,0,0,0,0,0,1,0,0
"DDR ON","GSDME KO","SS2",1,1,1,1,0,0,0,0,0,0,1,1,0,1,0,1,0,1,0,1,0,1,0,0,0,1,0,0,0,0,0
"DDR ON","GSDME KO","SS3",1,1,1,0,0,1,0,1,1,0,0,0,1,0,0,0,0,0,1,0,1,0,1,1,0,0,0,1,0,1,1
"DDR ON","CASP3 OE","SS1",1,1,1,0,0,1,0,1,1,0,0,0,1,0,1,0,0,0,1,0,1,0,1,1,0,0,1,0,0,1,1
"DDR ON","CASP3 OE","SS2",1,1,1,0,0,1,1,1,0,0,0,0,1,0,1,0,0,0,1,0,0,0,0,1,0,0,1,0,0,0,0
"DDR ON","CASP3 OE","SS3",1,1,1,1,0,0,0,0,0,0,1,1,0,1,1,1,0,1,0,1,0,1,0,1,0,1,1,0,0,0,0
"DDR ON","CASP3 KO","SS1",1,1,1,0,0,1,0,1,1,0,0,0,1,0,0,0,0,0,1,0,1,0,1,0,0,0,0,0,0,1,0
"DDR ON","CASP3 KO","SS2",1,1,1,0,0,1,1,1,0,1,0,0,1,0,0,0,0,0,1,0,0,0,0,0,0,0,0,0,1,0,0
"DDR ON","CASP3 KO","SS3",1,1,1,1,0,0,0,0,0,0,1,1,0,1,0,1,0,1,0,1,0,1,0,0,0,1,0,0,0,0,0
"DDR ON","SIRT1 OE","SS1",1,1,1,1,0,0,0,0,0,0,1,1,0,1,0,1,0,1,0,1,0,1,0,0,0,1,0,0,0,0,0
"DDR ON","SIRT1 KO","SS1",1,1,1,0,0,1,1,1,0,1,0,0,1,0,0,0,0,0,1,0,0,0,0,0,0,0,0,0,1,0,0
"DDR ON","SIRT1 KO","SS2",1,1,1,0,0,1,0,1,1,0,0,0,1,0,1,0,0,0,1,0,1,0,1,1,0,0,1,0,0,1,1
"DDR ON","MALAT1 OE","SS1",1,1,1,1,0,0,0,0,0,0,1,1,0,1,0,1,0,1,0,1,0,1,0,0,0,1,0,0,0,0,0
"DDR ON","MALAT1 KO","SS1",1,1,1,0,0,1,1,1,0,1,0,0,1,0,0,0,0,0,1,0,0,0,0,0,0,0,0,0,1,0,0
"DDR ON","MALAT1 KO","SS2",1,1,1,1,0,0,0,0,0,0,1,0,0,1,0,1,0,1,0,1,0,1,0,0,0,1,0,0,0,0,0
"DDR ON","MALAT1 KO","SS3",1,1,1,0,0,1,0,1,1,0,0,0,1,0,1,0,0,0,1,0,1,0,1,1,0,0,1,0,0,1,1
"DDR ON","miR-204-5p OE","SS1",1,1,1,0,0,1,1,1,0,1,0,0,1,0,0,0,0,0,1,0,0,0,0,0,0,0,0,0,1,0,0
"DDR ON","miR-204-5p OE","SS2",1,1,1,0,0,1,0,1,1,0,0,0,1,0,1,0,0,0,1,0,1,0,1,1,0,0,1,0,0,1,1
"DDR ON","miR-204-5p KO","SS1",1,1,1,1,0,0,0,0,0,0,1,1,0,1,0,1,0,1,0,1,0,1,0,0,0,1,0,0,0,0,0
"DDR ON","GSDME E1 + CASP3 E1","SS1",1,1,1,0,0,1,0,1,1,0,0,0,1,0,1,0,0,0,1,0,1,0,1,1,0,0,1,0,0,1,1
"DDR ON","GSDME E1 + CASP3 E1","SS2",1,1,1,0,0,1,1,1,0,0,0,0,1,0,1,0,0,0,1,0,0,0,0,1,0,0,1,0,0,0,0
"DDR ON","GSDME E1 + CASP3 E1","SS3",1,1,1,1,0,0,0,0,0,0,1,1,0,1,1,1,0,1,0,1,0,1,0,1,0,1,1,0,0,0,0
"DDR ON","p53 E1 + miR-204-5p E1 + CASP3 KO + p21 E1","SS1",1,1,1,0,0,1,0,1,1,1,0,0,1,0,0,0,0,0,1,0,1,0,1,0,0,0,0,0,1,1,0
"DDR ON","p53 E1 + miR-204-5p E1 + CASP3 KO + p21 E1","SS2",1,1,1,0,0,1,1,1,0,1,0,0,1,0,0,0,0,0,1,0,0,0,0,0,0,0,0,0,1,0,0
"DDR ON","MALAT1 E1 + miR-204-5p KO + SIRT1 E1","SS1",1,1,1,1,0,0,0,0,0,0,1,1,0,1,0,1,0,1,0,1,0,1,0,0,0,1,0,0,0,0,0
"DDR ON","SIRT1 KO + GSDME KO + CASP3 E1","SS1",1,1,1,0,0,1,0,1,1,0,0,0,1,0,0,0,0,0,1,0,1,0,1,1,0,0,0,1,0,1,1
"DDR ON","SIRT1 KO + GSDME KO + CASP3 E1","SS2",1,1,1,0,0,1,1,1,0,0,0,0,1,0,0,0,0,0,1,0,0,0,0,1,0,0,0,1,0,0,0
"DDR ON","BAX E1","SS1",1,1,1,0,0,1,1,1,0,1,0,0,1,0,0,0,0,0,1,0,0,0,1,0,0,0,0,0,1,1,0
"DDR ON","BAX E1","SS2",1,1,1,1,0,0,0,0,0,0,1,1,0,1,0,1,0,1,0,1,0,1,1,0,0,1,0,0,0,0,0
"DDR ON","BAX E1","SS3",1,1,1,0,0,1,0,1,1,0,0,0,1,0,1,0,0,0,1,0,1,0,1,1,0,0,1,0,0,1,1
"DDR ON","BAX E1","SS4",1,1,1,0,0,1,1,1,0,0,0,0,1,0,1,0,0,0,1,0,0,0,1,1,0,0,1,0,0,1,1
"DDR ON","BAX E1 + GSDME KO","SS1",1,1,1,0,0,1,1,1,0,1,0,0,1,0,0,0,0,0,1,0,0,0,1,0,0,0,0,0,1,1,0
"DDR ON","BAX E1 + GSDME KO","SS2",1,1,1,1,0,0,0,0,0,0,1,1,0,1,0,1,0,1,0,1,0,1,1,0,0,1,0,0,0,0,0
"DDR ON","BAX E1 + GSDME KO","SS3",1,1,1,0,0,1,0,1,1,0,0,0,1,0,0,0,0,0,1,0,1,0,1,1,0,0,0,1,0,1,1
"DDR ON","BAX E1 + GSDME KO","SS4",1,1,1,0,0,1,1,1,0,0,0,0,1,0,0,0,0,0,1,0,0,0,1,1,0,0,0,1,0,1,1
"DDR ON","p53 E1","SS1",1,1,1,0,0,1,1,1,0,1,0,0,1,0,0,0,0,0,1,0,0,0,0,0,0,0,0,0,1,0,0
"DDR ON","p53 E1","SS2",1,1,1,1,0,1,0,0,0,0,1,1,0,1,0,1,0,1,0,1,0,1,0,0,0,1,0,0,0,0,0
"DDR ON","p53 E1","SS3",1,1,1,0,0,1,0,1,1,0,0,0,1,0,1,0,0,0,1,0,1,0,1,1,0,0,1,0,0,1,1
"DDR ON","p53 KO","SS1",1,1,1,1,0,0,0,0,0,0,1,1,0,1,0,1,0,1,0,1,0,1,0,0,0,1,0,0,0,0,0
"DDR ON","p21 E1","SS1",1,1,1,0,0,1,0,1,1,1,0,0,1,0,0,0,0,0,1,0,1,0,1,0,0,0,0,0,1,1,0
"DDR ON","p21 E1","SS2",1,1,1,0,0,1,1,1,0,1,0,0,1,0,0,0,0,0,1,0,0,0,0,0,0,0,0,0,1,0,0
"DDR ON","p21 E1","SS3",1,1,1,1,0,0,0,0,0,1,1,1,0,1,0,1,0,1,0,1,0,1,0,0,0,1,0,0,0,0,0
"DDR ON","p21 E1","SS4",1,1,1,0,0,1,0,1,1,1,0,0,1,0,1,0,0,0,1,0,1,0,1,1,0,0,1,0,0,1,1
