"DDR","phenotype","condition","reached_stable_state_with_phenotype","n_stable_trajectories","n_trajectories","reachability","ci95_low","ci95_high","max_steps","seed","condition_label","phenotype_label","unperturbed_reachability","delta"
"DDR ON","PYROPTOSIS","CASP3 OE + GSDME KO",0,160,160,0,1.73472347597681e-18,0.0234461951715052,350,101,"GSDME KO + CASP3 E1","GSDME-dependent pyroptosis",0.03125,-0.03125
"DDR ON","PYROPTOSIS","CASP3 KO",0,160,160,0,1.73472347597681e-18,0.0234461951715052,350,101,"CASP3 KO","GSDME-dependent pyroptosis",0.03125,-0.03125
"DDR ON","PYROPTOSIS","SIRT1 KO + GSDME KO",0,160,160,0,1.73472347597681e-18,0.0234461951715052,350,101,"SIRT1 KO + GSDME KO","GSDME-dependent pyroptosis",0.03125,-0.03125
"DDR ON","PYROPTOSIS","MALAT1 OE",0,160,160,0,1.73472347597681e-18,0.0234461951715052,350,101,"MALAT1 E1","GSDME-dependent pyroptosis",0.03125,-0.03125
"DDR ON","PYROPTOSIS","GSDME KO",0,160,160,0,1.73472347597681e-18,0.0234461951715052,350,101,"GSDME KO","GSDME-dependent pyroptosis",0.03125,-0.03125
"DDR ON","PYROPTOSIS","miR-204-5p OE + GSDME KO",0,160,160,0,1.73472347597681e-18,0.0234461951715052,350,101,"miR-204-5p E1 + GSDME KO","GSDME-dependent pyroptosis",0.03125,-0.03125
"DDR ON","PYROPTOSIS","SIRT1 OE",0,160,160,0,1.73472347597681e-18,0.0234461951715052,350,101,"SIRT1 E1","GSDME-dependent pyroptosis",0.03125,-0.03125
"DDR ON","PYROPTOSIS","MALAT1 KO + GSDME KO",0,160,160,0,1.73472347597681e-18,0.0234461951715052,350,101,"MALAT1 KO + GSDME KO","GSDME-dependent pyroptosis",0.03125,-0.03125
"DDR ON","PYROPTOSIS","MALAT1 KO",18,160,160,0.1125,0.0723563385442136,0.170814462713703,350,101,"MALAT1 KO","GSDME-dependent pyroptosis",0.03125,0.08125
"DDR ON","PYROPTOSIS","CASP3 OE",160,160,160,1,0.976553804828495,1,350,101,"CASP3 E1","GSDME-dependent pyroptosis",0.03125,0.96875
"DDR ON","PYROPTOSIS","miR-204-5p OE + CASP3 KO",0,160,160,0,1.73472347597681e-18,0.0234461951715052,350,101,"miR-204-5p E1 + CASP3 KO","GSDME-dependent pyroptosis",0.03125,-0.03125
"DDR ON","PYROPTOSIS","SIRT1 KO",146,160,160,0.9125,0.858493682378104,0.947163206605404,350,101,"SIRT1 KO","GSDME-dependent pyroptosis",0.03125,0.88125
"DDR ON","PYROPTOSIS","GSDME OE",160,160,160,1,0.976553804828495,1,350,101,"GSDME E1","GSDME-dependent pyroptosis",0.03125,0.96875
"DDR ON","PYROPTOSIS","miR-204-5p OE",82,160,160,0.5125,0.435669538105004,0.588744307015708,350,101,"miR-204-5p E1","GSDME-dependent pyroptosis",0.03125,0.48125
"DDR ON","PYROPTOSIS","p53 E1",45,160,160,0.28125,0.217343234860214,0.35541447552732,350,101,"p53 E1","GSDME-dependent pyroptosis",0.03125,0.25
"DDR ON","PYROPTOSIS","p53 E1 + miR-204-5p E1 + CASP3 KO + p21 E1",0,160,160,0,1.73472347597681e-18,0.0234461951715052,350,101,"p53 E1 + miR-204-5p E1 + CASP3 KO + p21 E1","GSDME-dependent pyroptosis",0.03125,-0.03125
"DDR ON","PYROPTOSIS","MALAT1 E1 + miR-204-5p KO + SIRT1 E1",0,160,160,0,1.73472347597681e-18,0.0234461951715052,350,101,"MALAT1 E1 + miR-204-5p KO + SIRT1 E1","GSDME-dependent pyroptosis",0.03125,-0.03125
"DDR ON","PYROPTOSIS","BAX E1",11,160,160,0.06875,0.0388194209109128,0.11890292242451,350,101,"BAX E1","GSDME-dependent pyroptosis",0.03125,0.0375
"DDR ON","PYROPTOSIS","miR-204-5p KO",0,160,160,0,1.73472347597681e-18,0.0234461951715052,350,101,"miR-204-5p KO","GSDME-dependent pyroptosis",0.03125,-0.03125
"DDR ON","PYROPTOSIS","p53 KO",0,160,160,0,1.73472347597681e-18,0.0234461951715052,350,101,"p53 KO","GSDME-dependent pyroptosis",0.03125,-0.03125
"DDR ON","PYROPTOSIS","p21 E1",3,160,160,0.01875,0.00639685075325945,0.0536701120993143,350,101,"p21 E1","GSDME-dependent pyroptosis",0.03125,-0.0125
"DDR ON","PYROPTOSIS","SIRT1 KO + GSDME KO + CASP3 E1",0,160,160,0,1.73472347597681e-18,0.0234461951715052,350,101,"SIRT1 KO + GSDME KO + CASP3 E1","GSDME-dependent pyroptosis",0.03125,-0.03125
"DDR ON","PYROPTOSIS","BAX E1 + GSDME KO",0,160,160,0,1.73472347597681e-18,0.0234461951715052,350,101,"BAX E1 + GSDME KO","GSDME-dependent pyroptosis",0.03125,-0.03125
"DDR ON","PYROPTOSIS","GSDME E1 + CASP3 E1",160,160,160,1,0.976553804828495,1,350,101,"GSDME E1 + CASP3 E1","GSDME-dependent pyroptosis",0.03125,0.96875
"DDR ON","APOPTOSIS","SIRT1 KO + GSDME KO",144,160,160,0.9,0.843737479696127,0.937505564166669,350,101,"SIRT1 KO + GSDME KO","Apoptosis",0,0.9
"DDR ON","APOPTOSIS","MALAT1 KO + GSDME KO",10,160,160,0.0625,0.0342996667461196,0.111215754028947,350,101,"MALAT1 KO + GSDME KO","Apoptosis",0,0.0625
"DDR ON","APOPTOSIS","GSDME OE",0,160,160,0,1.73472347597681e-18,0.0234461951715052,350,101,"GSDME E1","Apoptosis",0,0
"DDR ON","APOPTOSIS","CASP3 OE + GSDME KO",160,160,160,1,0.976553804828495,1,350,101,"GSDME KO + CASP3 E1","Apoptosis",0,1
"DDR ON","APOPTOSIS","CASP3 KO",0,160,160,0,1.73472347597681e-18,0.0234461951715052,350,101,"CASP3 KO","Apoptosis",0,0
"DDR ON","APOPTOSIS","p53 E1 + miR-204-5p E1 + CASP3 KO + p21 E1",0,160,160,0,1.73472347597681e-18,0.0234461951715052,350,101,"p53 E1 + miR-204-5p E1 + CASP3 KO + p21 E1","Apoptosis",0,0
"DDR ON","APOPTOSIS","MALAT1 OE",0,160,160,0,1.73472347597681e-18,0.0234461951715052,350,101,"MALAT1 E1","Apoptosis",0,0
"DDR ON","APOPTOSIS","GSDME KO",6,160,160,0.0375,0.0172979231665001,0.0793898073671422,350,101,"GSDME KO","Apoptosis",0,0.0375
"DDR ON","APOPTOSIS","miR-204-5p OE + GSDME KO",73,160,160,0.45625,0.381001768153401,0.533549773924106,350,101,"miR-204-5p E1 + GSDME KO","Apoptosis",0,0.45625
"DDR ON","APOPTOSIS","SIRT1 OE",0,160,160,0,1.73472347597681e-18,0.0234461951715052,350,101,"SIRT1 E1","Apoptosis",0,0
"DDR ON","APOPTOSIS","MALAT1 E1 + miR-204-5p KO + SIRT1 E1",0,160,160,0,1.73472347597681e-18,0.0234461951715052,350,101,"MALAT1 E1 + miR-204-5p KO + SIRT1 E1","Apoptosis",0,0
"DDR ON","APOPTOSIS","MALAT1 KO",0,160,160,0,1.73472347597681e-18,0.0234461951715052,350,101,"MALAT1 KO","Apoptosis",0,0
"DDR ON","APOPTOSIS","CASP3 OE",0,160,160,0,1.73472347597681e-18,0.0234461951715052,350,101,"CASP3 E1","Apoptosis",0,0
"DDR ON","APOPTOSIS","miR-204-5p OE + CASP3 KO",0,160,160,0,1.73472347597681e-18,0.0234461951715052,350,101,"miR-204-5p E1 + CASP3 KO","Apoptosis",0,0
"DDR ON","APOPTOSIS","SIRT1 KO",0,160,160,0,1.73472347597681e-18,0.0234461951715052,350,101,"SIRT1 KO","Apoptosis",0,0
"DDR ON","APOPTOSIS","SIRT1 KO + GSDME KO + CASP3 E1",160,160,160,1,0.976553804828495,1,350,101,"SIRT1 KO + GSDME KO + CASP3 E1","Apoptosis",0,1
"DDR ON","APOPTOSIS","miR-204-5p OE",0,160,160,0,1.73472347597681e-18,0.0234461951715052,350,101,"miR-204-5p E1","Apoptosis",0,0
"DDR ON","APOPTOSIS","p53 E1",0,160,160,0,1.73472347597681e-18,0.0234461951715052,350,101,"p53 E1","Apoptosis",0,0
"DDR ON","APOPTOSIS","p53 KO",0,160,160,0,1.73472347597681e-18,0.0234461951715052,350,101,"p53 KO","Apoptosis",0,0
"DDR ON","APOPTOSIS","p21 E1",0,160,160,0,1.73472347597681e-18,0.0234461951715052,350,101,"p21 E1","Apoptosis",0,0
"DDR ON","APOPTOSIS","BAX E1",0,160,160,0,1.73472347597681e-18,0.0234461951715052,350,101,"BAX E1","Apoptosis",0,0
"DDR ON","APOPTOSIS","miR-204-5p KO",0,160,160,0,1.73472347597681e-18,0.0234461951715052,350,101,"miR-204-5p KO","Apoptosis",0,0
"DDR ON","APOPTOSIS","GSDME E1 + CASP3 E1",0,160,160,0,1.73472347597681e-18,0.0234461951715052,350,101,"GSDME E1 + CASP3 E1","Apoptosis",0,0
"DDR ON","APOPTOSIS","BAX E1 + GSDME KO",12,160,160,0.075,0.0434209968551096,0.12650826904067,350,101,"BAX E1 + GSDME KO","Apoptosis",0,0.075
"DDR ON","RESISTANCE","SIRT1 KO + GSDME KO",0,160,160,0,1.73472347597681e-18,0.0234461951715052,350,101,"SIRT1 KO + GSDME KO","Resistance",0.93125,-0.93125
"DDR ON","RESISTANCE","MALAT1 KO + GSDME KO",135,160,160,0.84375,0.7795120049087,0.891868735910891,350,101,"MALAT1 KO + GSDME KO","Resistance",0.93125,-0.0875
"DDR ON","RESISTANCE","CASP3 KO",148,160,160,0.925,0.87349173095933,0.956579003144891,350,101,"CASP3 KO","Resistance",0.93125,-0.00624999999999998
"DDR ON","RESISTANCE","SIRT1 OE",160,160,160,1,0.976553804828495,1,350,101,"SIRT1 E1","Resistance",0.93125,0.06875
"DDR ON","RESISTANCE","SIRT1 KO",0,160,160,0,1.73472347597681e-18,0.0234461951715052,350,101,"SIRT1 KO","Resistance",0.93125,-0.93125
"DDR ON","RESISTANCE","GSDME OE",145,160,160,0.90625,0.851087973368699,0.942361993054453,350,101,"GSDME E1","Resistance",0.93125,-0.025
"DDR ON","RESISTANCE","CASP3 OE + GSDME KO",143,160,160,0.89375,0.836437904885731,0.932598216416709,350,101,"GSDME KO + CASP3 E1","Resistance",0.93125,-0.0375
"DDR ON","RESISTANCE","p53 E1",97,160,160,0.60625,0.528905190552418,0.678612492973637,350,101,"p53 E1","Resistance",0.93125,-0.325
"DDR ON","RESISTANCE","p53 E1 + miR-204-5p E1 + CASP3 KO + p21 E1",0,160,160,0,1.73472347597681e-18,0.0234461951715052,350,101,"p53 E1 + miR-204-5p E1 + CASP3 KO + p21 E1","Resistance",0.93125,-0.93125
"DDR ON","RESISTANCE","MALAT1 OE",160,160,160,1,0.976553804828495,1,350,101,"MALAT1 E1","Resistance",0.93125,0.06875
"DDR ON","RESISTANCE","GSDME KO",148,160,160,0.925,0.87349173095933,0.956579003144891,350,101,"GSDME KO","Resistance",0.93125,-0.00624999999999998
"DDR ON","RESISTANCE","miR-204-5p OE + GSDME KO",0,160,160,0,1.73472347597681e-18,0.0234461951715052,350,101,"miR-204-5p E1 + GSDME KO","Resistance",0.93125,-0.93125
"DDR ON","RESISTANCE","p53 KO",160,160,160,1,0.976553804828495,1,350,101,"p53 KO","Resistance",0.93125,0.06875
"DDR ON","RESISTANCE","MALAT1 E1 + miR-204-5p KO + SIRT1 E1",160,160,160,1,0.976553804828495,1,350,101,"MALAT1 E1 + miR-204-5p KO + SIRT1 E1","Resistance",0.93125,0.06875
"DDR ON","RESISTANCE","MALAT1 KO",131,160,160,0.81875,0.751818712068059,0.870734338510106,350,101,"MALAT1 KO","Resistance",0.93125,-0.1125
"DDR ON","RESISTANCE","CASP3 OE",147,160,160,0.91875,0.865959626228672,0.951904185315193,350,101,"CASP3 E1","Resistance",0.93125,-0.0125000000000001
"DDR ON","RESISTANCE","miR-204-5p OE + CASP3 KO",0,160,160,0,1.73472347597681e-18,0.0234461951715052,350,101,"miR-204-5p E1 + CASP3 KO","Resistance",0.93125,-0.93125
"DDR ON","RESISTANCE","p21 E1",146,160,160,0.9125,0.858493682378104,0.947163206605404,350,101,"p21 E1","Resistance",0.93125,-0.01875
"DDR ON","RESISTANCE","SIRT1 KO + GSDME KO + CASP3 E1",0,160,160,0,1.73472347597681e-18,0.0234461951715052,350,101,"SIRT1 KO + GSDME KO + CASP3 E1","Resistance",0.93125,-0.93125
"DDR ON","RESISTANCE","miR-204-5p OE",0,160,160,0,1.73472347597681e-18,0.0234461951715052,350,101,"miR-204-5p E1","Resistance",0.93125,-0.93125
"DDR ON","RESISTANCE","miR-204-5p KO",160,160,160,1,0.976553804828495,1,350,101,"miR-204-5p KO","Resistance",0.93125,0.06875
"DDR ON","RESISTANCE","GSDME E1 + CASP3 E1",144,160,160,0.9,0.843737479696127,0.937505564166669,350,101,"GSDME E1 + CASP3 E1","Resistance",0.93125,-0.03125
"DDR ON","RESISTANCE","BAX E1",148,160,160,0.925,0.87349173095933,0.956579003144891,350,101,"BAX E1","Resistance",0.93125,-0.00624999999999998
"DDR ON","RESISTANCE","BAX E1 + GSDME KO",147,160,160,0.91875,0.865959626228672,0.951904185315193,350,101,"BAX E1 + GSDME KO","Resistance",0.93125,-0.0125000000000001
"DDR ON","PROLIFERATION","SIRT1 KO + GSDME KO",0,160,160,0,1.73472347597681e-18,0.0234461951715052,350,101,"SIRT1 KO + GSDME KO","Proliferation",0,0
"DDR ON","PROLIFERATION","CASP3 KO",0,160,160,0,1.73472347597681e-18,0.0234461951715052,350,101,"CASP3 KO","Proliferation",0,0
"DDR ON","PROLIFERATION","SIRT1 OE",0,160,160,0,1.73472347597681e-18,0.0234461951715052,350,101,"SIRT1 E1","Proliferation",0,0
"DDR ON","PROLIFERATION","MALAT1 KO + GSDME KO",0,160,160,0,1.73472347597681e-18,0.0234461951715052,350,101,"MALAT1 KO + GSDME KO","Proliferation",0,0
"DDR ON","PROLIFERATION","CASP3 OE + GSDME KO",0,160,160,0,1.73472347597681e-18,0.0234461951715052,350,101,"GSDME KO + CASP3 E1","Proliferation",0,0
"DDR ON","PROLIFERATION","miR-204-5p OE + GSDME KO",0,160,160,0,1.73472347597681e-18,0.0234461951715052,350,101,"miR-204-5p E1 + GSDME KO","Proliferation",0,0
"DDR ON","PROLIFERATION","miR-204-5p OE + CASP3 KO",0,160,160,0,1.73472347597681e-18,0.0234461951715052,350,101,"miR-204-5p E1 + CASP3 KO","Proliferation",0,0
"DDR ON","PROLIFERATION","SIRT1 KO",0,160,160,0,1.73472347597681e-18,0.0234461951715052,350,101,"SIRT1 KO","Proliferation",0,0
"DDR ON","PROLIFERATION","GSDME OE",0,160,160,0,1.73472347597681e-18,0.0234461951715052,350,101,"GSDME E1","Proliferation",0,0
"DDR ON","PROLIFERATION","miR-204-5p OE",0,160,160,0,1.73472347597681e-18,0.0234461951715052,350,101,"miR-204-5p E1","Proliferation",0,0
"DDR ON","PROLIFERATION","p53 E1",0,160,160,0,1.73472347597681e-18,0.0234461951715052,350,101,"p53 E1","Proliferation",0,0
"DDR ON","PROLIFERATION","p53 E1 + miR-204-5p E1 + CASP3 KO + p21 E1",0,160,160,0,1.73472347597681e-18,0.0234461951715052,350,101,"p53 E1 + miR-204-5p E1 + CASP3 KO + p21 E1","Proliferation",0,0
"DDR ON","PROLIFERATION","MALAT1 OE",0,160,160,0,1.73472347597681e-18,0.0234461951715052,350,101,"MALAT1 E1","Proliferation",0,0
"DDR ON","PROLIFERATION","GSDME KO",0,160,160,0,1.73472347597681e-18,0.0234461951715052,350,101,"GSDME KO","Proliferation",0,0
"DDR ON","PROLIFERATION","miR-204-5p KO",0,160,160,0,1.73472347597681e-18,0.0234461951715052,350,101,"miR-204-5p KO","Proliferation",0,0
"DDR ON","PROLIFERATION","p53 KO",0,160,160,0,1.73472347597681e-18,0.0234461951715052,350,101,"p53 KO","Proliferation",0,0
"DDR ON","PROLIFERATION","MALAT1 E1 + miR-204-5p KO + SIRT1 E1",0,160,160,0,1.73472347597681e-18,0.0234461951715052,350,101,"MALAT1 E1 + miR-204-5p KO + SIRT1 E1","Proliferation",0,0
"DDR ON","PROLIFERATION","MALAT1 KO",0,160,160,0,1.73472347597681e-18,0.0234461951715052,350,101,"MALAT1 KO","Proliferation",0,0
"DDR ON","PROLIFERATION","CASP3 OE",0,160,160,0,1.73472347597681e-18,0.0234461951715052,350,101,"CASP3 E1","Proliferation",0,0
"DDR ON","PROLIFERATION","GSDME E1 + CASP3 E1",0,160,160,0,1.73472347597681e-18,0.0234461951715052,350,101,"GSDME E1 + CASP3 E1","Proliferation",0,0
"DDR ON","PROLIFERATION","p21 E1",0,160,160,0,1.73472347597681e-18,0.0234461951715052,350,101,"p21 E1","Proliferation",0,0
"DDR ON","PROLIFERATION","SIRT1 KO + GSDME KO + CASP3 E1",0,160,160,0,1.73472347597681e-18,0.0234461951715052,350,101,"SIRT1 KO + GSDME KO + CASP3 E1","Proliferation",0,0
"DDR ON","PROLIFERATION","BAX E1",0,160,160,0,1.73472347597681e-18,0.0234461951715052,350,101,"BAX E1","Proliferation",0,0
"DDR ON","PROLIFERATION","BAX E1 + GSDME KO",0,160,160,0,1.73472347597681e-18,0.0234461951715052,350,101,"BAX E1 + GSDME KO","Proliferation",0,0
"DDR ON","CELL_CYCLE_ARREST","CASP3 KO",6,160,160,0.0375,0.0172979231665001,0.0793898073671422,350,101,"CASP3 KO","Cell-cycle arrest",0.0375,0
"DDR ON","CELL_CYCLE_ARREST","SIRT1 KO + GSDME KO",16,160,160,0.1,0.0624944358333306,0.156262520303874,350,101,"SIRT1 KO + GSDME KO","Cell-cycle arrest",0.0375,0.0625
"DDR ON","CELL_CYCLE_ARREST","GSDME OE",7,160,160,0.04375,0.0213516115515345,0.087543041542464,350,101,"GSDME E1","Cell-cycle arrest",0.0375,0.00625
"DDR ON","CELL_CYCLE_ARREST","CASP3 OE + GSDME KO",0,160,160,0,1.73472347597681e-18,0.0234461951715052,350,101,"GSDME KO + CASP3 E1","Cell-cycle arrest",0.0375,-0.0375
"DDR ON","CELL_CYCLE_ARREST","miR-204-5p OE + GSDME KO",87,160,160,0.54375,0.466450226075894,0.618998231846599,350,101,"miR-204-5p E1 + GSDME KO","Cell-cycle arrest",0.0375,0.50625
"DDR ON","CELL_CYCLE_ARREST","SIRT1 OE",0,160,160,0,1.73472347597681e-18,0.0234461951715052,350,101,"SIRT1 E1","Cell-cycle arrest",0.0375,-0.0375
"DDR ON","CELL_CYCLE_ARREST","MALAT1 KO + GSDME KO",15,160,160,0.09375,0.0576380069455474,0.148912026631301,350,101,"MALAT1 KO + GSDME KO","Cell-cycle arrest",0.0375,0.05625
"DDR ON","CELL_CYCLE_ARREST","GSDME KO",6,160,160,0.0375,0.0172979231665001,0.0793898073671422,350,101,"GSDME KO","Cell-cycle arrest",0.0375,0
"DDR ON","CELL_CYCLE_ARREST","CASP3 OE",0,160,160,0,1.73472347597681e-18,0.0234461951715052,350,101,"CASP3 E1","Cell-cycle arrest",0.0375,-0.0375
"DDR ON","CELL_CYCLE_ARREST","miR-204-5p OE + CASP3 KO",90,160,160,0.5625,0.485060212819759,0.637009012783803,350,101,"miR-204-5p E1 + CASP3 KO","Cell-cycle arrest",0.0375,0.525
"DDR ON","CELL_CYCLE_ARREST","SIRT1 KO",14,160,160,0.0875,0.0528367933945957,0.141506317621896,350,101,"SIRT1 KO","Cell-cycle arrest",0.0375,0.05
"DDR ON","CELL_CYCLE_ARREST","SIRT1 KO + GSDME KO + CASP3 E1",0,160,160,0,1.73472347597681e-18,0.0234461951715052,350,101,"SIRT1 KO + GSDME KO + CASP3 E1","Cell-cycle arrest",0.0375,-0.0375
"DDR ON","CELL_CYCLE_ARREST","miR-204-5p OE",78,160,160,0.4875,0.411255692984292,0.564330461894996,350,101,"miR-204-5p E1","Cell-cycle arrest",0.0375,0.45
"DDR ON","CELL_CYCLE_ARREST","p53 E1",18,160,160,0.1125,0.0723563385442136,0.170814462713703,350,101,"p53 E1","Cell-cycle arrest",0.0375,0.075
"DDR ON","CELL_CYCLE_ARREST","p53 E1 + miR-204-5p E1 + CASP3 KO + p21 E1",160,160,160,1,0.976553804828495,1,350,101,"p53 E1 + miR-204-5p E1 + CASP3 KO + p21 E1","Cell-cycle arrest",0.0375,0.9625
"DDR ON","CELL_CYCLE_ARREST","MALAT1 OE",0,160,160,0,1.73472347597681e-18,0.0234461951715052,350,101,"MALAT1 E1","Cell-cycle arrest",0.0375,-0.0375
"DDR ON","CELL_CYCLE_ARREST","BAX E1",1,160,160,0.00625,0.00110413176938221,0.0345489859624792,350,101,"BAX E1","Cell-cycle arrest",0.0375,-0.03125
"DDR ON","CELL_CYCLE_ARREST","miR-204-5p KO",0,160,160,0,1.73472347597681e-18,0.0234461951715052,350,101,"miR-204-5p KO","Cell-cycle arrest",0.0375,-0.0375
"DDR ON","CELL_CYCLE_ARREST","p53 KO",0,160,160,0,1.73472347597681e-18,0.0234461951715052,350,101,"p53 KO","Cell-cycle arrest",0.0375,-0.0375
"DDR ON","CELL_CYCLE_ARREST","MALAT1 E1 + miR-204-5p KO + SIRT1 E1",0,160,160,0,1.73472347597681e-18,0.0234461951715052,350,101,"MALAT1 E1 + miR-204-5p KO + SIRT1 E1","Cell-cycle arrest",0.0375,-0.0375
"DDR ON","CELL_CYCLE_ARREST","MALAT1 KO",11,160,160,0.06875,0.0388194209109128,0.11890292242451,350,101,"MALAT1 KO","Cell-cycle arrest",0.0375,0.03125
"DDR ON","CELL_CYCLE_ARREST","BAX E1 + GSDME KO",1,160,160,0.00625,0.00110413176938221,0.0345489859624792,350,101,"BAX E1 + GSDME KO","Cell-cycle arrest",0.0375,-0.03125
"DDR ON","CELL_CYCLE_ARREST","GSDME E1 + CASP3 E1",0,160,160,0,1.73472347597681e-18,0.0234461951715052,350,101,"GSDME E1 + CASP3 E1","Cell-cycle arrest",0.0375,-0.0375
"DDR ON","CELL_CYCLE_ARREST","p21 E1",11,160,160,0.06875,0.0388194209109128,0.11890292242451,350,101,"p21 E1","Cell-cycle arrest",0.0375,0.03125
