"size","intervention","success_rate","robust"
1,"SIRT1=0",0.930555555555556,FALSE
1,"MIR204=1",0.506944444444444,FALSE
1,"TP53=1",0.00694444444444444,FALSE
1,"BAX=1",0,FALSE
1,"BCL2=0",0,FALSE
1,"CASP3=1",0,FALSE
1,"MALAT1=0",0,FALSE
2,"MIR204=1 + CASP3=1",1,TRUE
2,"SIRT1=0 + BAX=1",1,TRUE
2,"SIRT1=0 + CASP3=1",1,TRUE
2,"SIRT1=0 + TP53=1",1,TRUE
2,"MIR204=1 + BAX=1",0.979166666666667,TRUE
2,"SIRT1=0 + BCL2=0",0.958333333333333,TRUE
2,"MALAT1=0 + SIRT1=0",0.729166666666667,FALSE
2,"MALAT1=0 + TP53=1",0.555555555555556,FALSE
2,"MIR204=1 + SIRT1=0",0.548611111111111,FALSE
2,"MIR204=1 + TP53=1",0.506944444444444,FALSE
2,"MIR204=1 + BCL2=0",0.5,FALSE
2,"MALAT1=0 + MIR204=1",0.4375,FALSE
2,"MALAT1=0 + CASP3=1",0.0208333333333333,FALSE
2,"TP53=1 + CASP3=1",0.0138888888888889,FALSE
2,"BAX=1 + TP53=1",0.00694444444444444,FALSE
2,"BCL2=0 + BAX=1",0.00694444444444444,FALSE
2,"BCL2=0 + CASP3=1",0.00694444444444444,FALSE
2,"MALAT1=0 + BAX=1",0.00694444444444444,FALSE
2,"MALAT1=0 + BCL2=0",0.00694444444444444,FALSE
2,"BAX=1 + CASP3=1",0,FALSE
2,"BCL2=0 + TP53=1",0,FALSE
