"accession","experiment","validation_group","validation_scope","condition","phenotype","mean_probability","n_stable_trajectories","n_trajectories","n_cells"
"GSE125449","GSE125449_Set1","S10_P05_LCP23","tumour-cell-intrinsic observational concordance","Unperturbed","PYROPTOSIS",0.0434782608695652,138,138,46
"GSE125449","GSE125449_Set1","S10_P05_LCP23","tumour-cell-intrinsic observational concordance","Unperturbed","APOPTOSIS",0,138,138,46
"GSE125449","GSE125449_Set1","S10_P05_LCP23","tumour-cell-intrinsic observational concordance","Unperturbed","RESISTANCE",0.91304347826087,138,138,46
"GSE125449","GSE125449_Set1","S10_P05_LCP23","tumour-cell-intrinsic observational concordance","Unperturbed","PROLIFERATION",0,138,138,46
"GSE125449","GSE125449_Set1","S10_P05_LCP23","tumour-cell-intrinsic observational concordance","Unperturbed","CELL_CYCLE_ARREST",0.0434782608695652,138,138,46
"GSE125449","GSE125449_Set1","S10_P05_LCP23","tumour-cell-intrinsic observational concordance","miR-204-5p OE + GSDME KO","PYROPTOSIS",0,138,138,46
"GSE125449","GSE125449_Set1","S10_P05_LCP23","tumour-cell-intrinsic observational concordance","miR-204-5p OE + GSDME KO","APOPTOSIS",0.543478260869565,138,138,46
"GSE125449","GSE125449_Set1","S10_P05_LCP23","tumour-cell-intrinsic observational concordance","miR-204-5p OE + GSDME KO","RESISTANCE",0,138,138,46
"GSE125449","GSE125449_Set1","S10_P05_LCP23","tumour-cell-intrinsic observational concordance","miR-204-5p OE + GSDME KO","PROLIFERATION",0,138,138,46
"GSE125449","GSE125449_Set1","S10_P05_LCP23","tumour-cell-intrinsic observational concordance","miR-204-5p OE + GSDME KO","CELL_CYCLE_ARREST",0.456521739130435,138,138,46
"GSE125449","GSE125449_Set1","S12_P07_LCP30","tumour-cell-intrinsic observational concordance","Unperturbed","PYROPTOSIS",0.0533333333333333,75,75,25
"GSE125449","GSE125449_Set1","S12_P07_LCP30","tumour-cell-intrinsic observational concordance","Unperturbed","APOPTOSIS",0,75,75,25
"GSE125449","GSE125449_Set1","S12_P07_LCP30","tumour-cell-intrinsic observational concordance","Unperturbed","RESISTANCE",0.933333333333333,75,75,25
"GSE125449","GSE125449_Set1","S12_P07_LCP30","tumour-cell-intrinsic observational concordance","Unperturbed","PROLIFERATION",0,75,75,25
"GSE125449","GSE125449_Set1","S12_P07_LCP30","tumour-cell-intrinsic observational concordance","Unperturbed","CELL_CYCLE_ARREST",0.0133333333333333,75,75,25
"GSE125449","GSE125449_Set1","S12_P07_LCP30","tumour-cell-intrinsic observational concordance","miR-204-5p OE + GSDME KO","PYROPTOSIS",0,75,75,25
"GSE125449","GSE125449_Set1","S12_P07_LCP30","tumour-cell-intrinsic observational concordance","miR-204-5p OE + GSDME KO","APOPTOSIS",0.546666666666667,75,75,25
"GSE125449","GSE125449_Set1","S12_P07_LCP30","tumour-cell-intrinsic observational concordance","miR-204-5p OE + GSDME KO","RESISTANCE",0,75,75,25
"GSE125449","GSE125449_Set1","S12_P07_LCP30","tumour-cell-intrinsic observational concordance","miR-204-5p OE + GSDME KO","PROLIFERATION",0,75,75,25
"GSE125449","GSE125449_Set1","S12_P07_LCP30","tumour-cell-intrinsic observational concordance","miR-204-5p OE + GSDME KO","CELL_CYCLE_ARREST",0.453333333333333,75,75,25
"GSE125449","GSE125449_Set1","S15_P09_LCP38","tumour-cell-intrinsic observational concordance","Unperturbed","PYROPTOSIS",0.0555555555555556,684,684,228
"GSE125449","GSE125449_Set1","S15_P09_LCP38","tumour-cell-intrinsic observational concordance","Unperturbed","APOPTOSIS",0,684,684,228
"GSE125449","GSE125449_Set1","S15_P09_LCP38","tumour-cell-intrinsic observational concordance","Unperturbed","RESISTANCE",0.910818713450292,684,684,228
"GSE125449","GSE125449_Set1","S15_P09_LCP38","tumour-cell-intrinsic observational concordance","Unperturbed","PROLIFERATION",0,684,684,228
"GSE125449","GSE125449_Set1","S15_P09_LCP38","tumour-cell-intrinsic observational concordance","Unperturbed","CELL_CYCLE_ARREST",0.033625730994152,684,684,228
"GSE125449","GSE125449_Set1","S15_P09_LCP38","tumour-cell-intrinsic observational concordance","miR-204-5p OE + GSDME KO","PYROPTOSIS",0,684,684,228
"GSE125449","GSE125449_Set1","S15_P09_LCP38","tumour-cell-intrinsic observational concordance","miR-204-5p OE + GSDME KO","APOPTOSIS",0.489766081871345,684,684,228
"GSE125449","GSE125449_Set1","S15_P09_LCP38","tumour-cell-intrinsic observational concordance","miR-204-5p OE + GSDME KO","RESISTANCE",0,684,684,228
"GSE125449","GSE125449_Set1","S15_P09_LCP38","tumour-cell-intrinsic observational concordance","miR-204-5p OE + GSDME KO","PROLIFERATION",0,684,684,228
"GSE125449","GSE125449_Set1","S15_P09_LCP38","tumour-cell-intrinsic observational concordance","miR-204-5p OE + GSDME KO","CELL_CYCLE_ARREST",0.510233918128655,684,684,228
"GSE125449","GSE125449_Set1","S21_P13_LCP37","tumour-cell-intrinsic observational concordance","Unperturbed","PYROPTOSIS",0.0277777777777778,180,180,60
"GSE125449","GSE125449_Set1","S21_P13_LCP37","tumour-cell-intrinsic observational concordance","Unperturbed","APOPTOSIS",0,180,180,60
"GSE125449","GSE125449_Set1","S21_P13_LCP37","tumour-cell-intrinsic observational concordance","Unperturbed","RESISTANCE",0.905555555555556,180,180,60
"GSE125449","GSE125449_Set1","S21_P13_LCP37","tumour-cell-intrinsic observational concordance","Unperturbed","PROLIFERATION",0,180,180,60
"GSE125449","GSE125449_Set1","S21_P13_LCP37","tumour-cell-intrinsic observational concordance","Unperturbed","CELL_CYCLE_ARREST",0.0666666666666667,180,180,60
"GSE125449","GSE125449_Set1","S21_P13_LCP37","tumour-cell-intrinsic observational concordance","miR-204-5p OE + GSDME KO","PYROPTOSIS",0,180,180,60
"GSE125449","GSE125449_Set1","S21_P13_LCP37","tumour-cell-intrinsic observational concordance","miR-204-5p OE + GSDME KO","APOPTOSIS",0.466666666666667,180,180,60
"GSE125449","GSE125449_Set1","S21_P13_LCP37","tumour-cell-intrinsic observational concordance","miR-204-5p OE + GSDME KO","RESISTANCE",0,180,180,60
"GSE125449","GSE125449_Set1","S21_P13_LCP37","tumour-cell-intrinsic observational concordance","miR-204-5p OE + GSDME KO","PROLIFERATION",0,180,180,60
"GSE125449","GSE125449_Set1","S21_P13_LCP37","tumour-cell-intrinsic observational concordance","miR-204-5p OE + GSDME KO","CELL_CYCLE_ARREST",0.533333333333333,180,180,60
"GSE125449","GSE125449_Set2","S351_P10_LCP34","tumour-cell-intrinsic observational concordance","Unperturbed","PYROPTOSIS",0.00775193798449612,129,129,43
"GSE125449","GSE125449_Set2","S351_P10_LCP34","tumour-cell-intrinsic observational concordance","Unperturbed","APOPTOSIS",0,129,129,43
"GSE125449","GSE125449_Set2","S351_P10_LCP34","tumour-cell-intrinsic observational concordance","Unperturbed","RESISTANCE",0.976744186046512,129,129,43
"GSE125449","GSE125449_Set2","S351_P10_LCP34","tumour-cell-intrinsic observational concordance","Unperturbed","PROLIFERATION",0,129,129,43
"GSE125449","GSE125449_Set2","S351_P10_LCP34","tumour-cell-intrinsic observational concordance","Unperturbed","CELL_CYCLE_ARREST",0.0155038759689922,129,129,43
"GSE125449","GSE125449_Set2","S351_P10_LCP34","tumour-cell-intrinsic observational concordance","miR-204-5p OE + GSDME KO","PYROPTOSIS",0,129,129,43
"GSE125449","GSE125449_Set2","S351_P10_LCP34","tumour-cell-intrinsic observational concordance","miR-204-5p OE + GSDME KO","APOPTOSIS",0.534883720930233,129,129,43
"GSE125449","GSE125449_Set2","S351_P10_LCP34","tumour-cell-intrinsic observational concordance","miR-204-5p OE + GSDME KO","RESISTANCE",0,129,129,43
"GSE125449","GSE125449_Set2","S351_P10_LCP34","tumour-cell-intrinsic observational concordance","miR-204-5p OE + GSDME KO","PROLIFERATION",0,129,129,43
"GSE125449","GSE125449_Set2","S351_P10_LCP34","tumour-cell-intrinsic observational concordance","miR-204-5p OE + GSDME KO","CELL_CYCLE_ARREST",0.465116279069767,129,129,43
"GSE125449","GSE125449_Set2","S364_P21_LCP65","tumour-cell-intrinsic observational concordance","Unperturbed","PYROPTOSIS",0.0420711974110032,1236,1236,412
"GSE125449","GSE125449_Set2","S364_P21_LCP65","tumour-cell-intrinsic observational concordance","Unperturbed","APOPTOSIS",0,1236,1236,412
"GSE125449","GSE125449_Set2","S364_P21_LCP65","tumour-cell-intrinsic observational concordance","Unperturbed","RESISTANCE",0.919093851132686,1236,1236,412
"GSE125449","GSE125449_Set2","S364_P21_LCP65","tumour-cell-intrinsic observational concordance","Unperturbed","PROLIFERATION",0,1236,1236,412
"GSE125449","GSE125449_Set2","S364_P21_LCP65","tumour-cell-intrinsic observational concordance","Unperturbed","CELL_CYCLE_ARREST",0.0388349514563107,1236,1236,412
"GSE125449","GSE125449_Set2","S364_P21_LCP65","tumour-cell-intrinsic observational concordance","miR-204-5p OE + GSDME KO","PYROPTOSIS",0,1236,1236,412
"GSE125449","GSE125449_Set2","S364_P21_LCP65","tumour-cell-intrinsic observational concordance","miR-204-5p OE + GSDME KO","APOPTOSIS",0.512135922330097,1236,1236,412
"GSE125449","GSE125449_Set2","S364_P21_LCP65","tumour-cell-intrinsic observational concordance","miR-204-5p OE + GSDME KO","RESISTANCE",0,1236,1236,412
"GSE125449","GSE125449_Set2","S364_P21_LCP65","tumour-cell-intrinsic observational concordance","miR-204-5p OE + GSDME KO","PROLIFERATION",0,1236,1236,412
"GSE125449","GSE125449_Set2","S364_P21_LCP65","tumour-cell-intrinsic observational concordance","miR-204-5p OE + GSDME KO","CELL_CYCLE_ARREST",0.487864077669903,1236,1236,412
"GSE189903","GSE189903_HCC","1HT1","HCC tumour-region observational concordance; malignant status annotated separately","Unperturbed","PYROPTOSIS",0.0380517503805175,657,657,219
"GSE189903","GSE189903_HCC","1HT1","HCC tumour-region observational concordance; malignant status annotated separately","Unperturbed","APOPTOSIS",0,657,657,219
"GSE189903","GSE189903_HCC","1HT1","HCC tumour-region observational concordance; malignant status annotated separately","Unperturbed","RESISTANCE",0.925418569254186,657,657,219
"GSE189903","GSE189903_HCC","1HT1","HCC tumour-region observational concordance; malignant status annotated separately","Unperturbed","PROLIFERATION",0,657,657,219
"GSE189903","GSE189903_HCC","1HT1","HCC tumour-region observational concordance; malignant status annotated separately","Unperturbed","CELL_CYCLE_ARREST",0.0365296803652968,657,657,219
"GSE189903","GSE189903_HCC","1HT1","HCC tumour-region observational concordance; malignant status annotated separately","miR-204-5p OE + GSDME KO","PYROPTOSIS",0,657,657,219
"GSE189903","GSE189903_HCC","1HT1","HCC tumour-region observational concordance; malignant status annotated separately","miR-204-5p OE + GSDME KO","APOPTOSIS",0.509893455098935,657,657,219
"GSE189903","GSE189903_HCC","1HT1","HCC tumour-region observational concordance; malignant status annotated separately","miR-204-5p OE + GSDME KO","RESISTANCE",0,657,657,219
"GSE189903","GSE189903_HCC","1HT1","HCC tumour-region observational concordance; malignant status annotated separately","miR-204-5p OE + GSDME KO","PROLIFERATION",0,657,657,219
"GSE189903","GSE189903_HCC","1HT1","HCC tumour-region observational concordance; malignant status annotated separately","miR-204-5p OE + GSDME KO","CELL_CYCLE_ARREST",0.490106544901065,657,657,219
"GSE189903","GSE189903_HCC","1HT2","HCC tumour-region observational concordance; malignant status annotated separately","Unperturbed","PYROPTOSIS",0.0591016548463357,423,423,141
"GSE189903","GSE189903_HCC","1HT2","HCC tumour-region observational concordance; malignant status annotated separately","Unperturbed","APOPTOSIS",0,423,423,141
"GSE189903","GSE189903_HCC","1HT2","HCC tumour-region observational concordance; malignant status annotated separately","Unperturbed","RESISTANCE",0.903073286052009,423,423,141
"GSE189903","GSE189903_HCC","1HT2","HCC tumour-region observational concordance; malignant status annotated separately","Unperturbed","PROLIFERATION",0,423,423,141
"GSE189903","GSE189903_HCC","1HT2","HCC tumour-region observational concordance; malignant status annotated separately","Unperturbed","CELL_CYCLE_ARREST",0.0378250591016548,423,423,141
"GSE189903","GSE189903_HCC","1HT2","HCC tumour-region observational concordance; malignant status annotated separately","miR-204-5p OE + GSDME KO","PYROPTOSIS",0,423,423,141
"GSE189903","GSE189903_HCC","1HT2","HCC tumour-region observational concordance; malignant status annotated separately","miR-204-5p OE + GSDME KO","APOPTOSIS",0.468085106382979,423,423,141
"GSE189903","GSE189903_HCC","1HT2","HCC tumour-region observational concordance; malignant status annotated separately","miR-204-5p OE + GSDME KO","RESISTANCE",0,423,423,141
"GSE189903","GSE189903_HCC","1HT2","HCC tumour-region observational concordance; malignant status annotated separately","miR-204-5p OE + GSDME KO","PROLIFERATION",0,423,423,141
"GSE189903","GSE189903_HCC","1HT2","HCC tumour-region observational concordance; malignant status annotated separately","miR-204-5p OE + GSDME KO","CELL_CYCLE_ARREST",0.531914893617021,423,423,141
"GSE189903","GSE189903_HCC","1HT3","HCC tumour-region observational concordance; malignant status annotated separately","Unperturbed","PYROPTOSIS",0.0543478260869565,828,828,276
"GSE189903","GSE189903_HCC","1HT3","HCC tumour-region observational concordance; malignant status annotated separately","Unperturbed","APOPTOSIS",0,828,828,276
"GSE189903","GSE189903_HCC","1HT3","HCC tumour-region observational concordance; malignant status annotated separately","Unperturbed","RESISTANCE",0.891304347826087,828,828,276
"GSE189903","GSE189903_HCC","1HT3","HCC tumour-region observational concordance; malignant status annotated separately","Unperturbed","PROLIFERATION",0,828,828,276
"GSE189903","GSE189903_HCC","1HT3","HCC tumour-region observational concordance; malignant status annotated separately","Unperturbed","CELL_CYCLE_ARREST",0.0543478260869565,828,828,276
"GSE189903","GSE189903_HCC","1HT3","HCC tumour-region observational concordance; malignant status annotated separately","miR-204-5p OE + GSDME KO","PYROPTOSIS",0,828,828,276
"GSE189903","GSE189903_HCC","1HT3","HCC tumour-region observational concordance; malignant status annotated separately","miR-204-5p OE + GSDME KO","APOPTOSIS",0.486714975845411,828,828,276
"GSE189903","GSE189903_HCC","1HT3","HCC tumour-region observational concordance; malignant status annotated separately","miR-204-5p OE + GSDME KO","RESISTANCE",0,828,828,276
"GSE189903","GSE189903_HCC","1HT3","HCC tumour-region observational concordance; malignant status annotated separately","miR-204-5p OE + GSDME KO","PROLIFERATION",0,828,828,276
"GSE189903","GSE189903_HCC","1HT3","HCC tumour-region observational concordance; malignant status annotated separately","miR-204-5p OE + GSDME KO","CELL_CYCLE_ARREST",0.513285024154589,828,828,276
"GSE189903","GSE189903_HCC","2HT2","HCC tumour-region observational concordance; malignant status annotated separately","Unperturbed","PYROPTOSIS",0.0555555555555556,72,72,24
"GSE189903","GSE189903_HCC","2HT2","HCC tumour-region observational concordance; malignant status annotated separately","Unperturbed","APOPTOSIS",0,72,72,24
"GSE189903","GSE189903_HCC","2HT2","HCC tumour-region observational concordance; malignant status annotated separately","Unperturbed","RESISTANCE",0.888888888888889,72,72,24
"GSE189903","GSE189903_HCC","2HT2","HCC tumour-region observational concordance; malignant status annotated separately","Unperturbed","PROLIFERATION",0,72,72,24
"GSE189903","GSE189903_HCC","2HT2","HCC tumour-region observational concordance; malignant status annotated separately","Unperturbed","CELL_CYCLE_ARREST",0.0555555555555556,72,72,24
"GSE189903","GSE189903_HCC","2HT2","HCC tumour-region observational concordance; malignant status annotated separately","miR-204-5p OE + GSDME KO","PYROPTOSIS",0,72,72,24
"GSE189903","GSE189903_HCC","2HT2","HCC tumour-region observational concordance; malignant status annotated separately","miR-204-5p OE + GSDME KO","APOPTOSIS",0.472222222222222,72,72,24
"GSE189903","GSE189903_HCC","2HT2","HCC tumour-region observational concordance; malignant status annotated separately","miR-204-5p OE + GSDME KO","RESISTANCE",0,72,72,24
"GSE189903","GSE189903_HCC","2HT2","HCC tumour-region observational concordance; malignant status annotated separately","miR-204-5p OE + GSDME KO","PROLIFERATION",0,72,72,24
"GSE189903","GSE189903_HCC","2HT2","HCC tumour-region observational concordance; malignant status annotated separately","miR-204-5p OE + GSDME KO","CELL_CYCLE_ARREST",0.527777777777778,72,72,24
"GSE189903","GSE189903_HCC","3HT2","HCC tumour-region observational concordance; malignant status annotated separately","Unperturbed","PYROPTOSIS",0.0144927536231884,69,69,23
"GSE189903","GSE189903_HCC","3HT2","HCC tumour-region observational concordance; malignant status annotated separately","Unperturbed","APOPTOSIS",0,69,69,23
"GSE189903","GSE189903_HCC","3HT2","HCC tumour-region observational concordance; malignant status annotated separately","Unperturbed","RESISTANCE",0.971014492753623,69,69,23
"GSE189903","GSE189903_HCC","3HT2","HCC tumour-region observational concordance; malignant status annotated separately","Unperturbed","PROLIFERATION",0,69,69,23
"GSE189903","GSE189903_HCC","3HT2","HCC tumour-region observational concordance; malignant status annotated separately","Unperturbed","CELL_CYCLE_ARREST",0.0144927536231884,69,69,23
"GSE189903","GSE189903_HCC","3HT2","HCC tumour-region observational concordance; malignant status annotated separately","miR-204-5p OE + GSDME KO","PYROPTOSIS",0,69,69,23
"GSE189903","GSE189903_HCC","3HT2","HCC tumour-region observational concordance; malignant status annotated separately","miR-204-5p OE + GSDME KO","APOPTOSIS",0.492753623188406,69,69,23
"GSE189903","GSE189903_HCC","3HT2","HCC tumour-region observational concordance; malignant status annotated separately","miR-204-5p OE + GSDME KO","RESISTANCE",0,69,69,23
"GSE189903","GSE189903_HCC","3HT2","HCC tumour-region observational concordance; malignant status annotated separately","miR-204-5p OE + GSDME KO","PROLIFERATION",0,69,69,23
"GSE189903","GSE189903_HCC","3HT2","HCC tumour-region observational concordance; malignant status annotated separately","miR-204-5p OE + GSDME KO","CELL_CYCLE_ARREST",0.507246376811594,69,69,23
"GSE189903","GSE189903_HCC","3HT3","HCC tumour-region observational concordance; malignant status annotated separately","Unperturbed","PYROPTOSIS",0.0434782608695652,69,69,23
"GSE189903","GSE189903_HCC","3HT3","HCC tumour-region observational concordance; malignant status annotated separately","Unperturbed","APOPTOSIS",0,69,69,23
"GSE189903","GSE189903_HCC","3HT3","HCC tumour-region observational concordance; malignant status annotated separately","Unperturbed","RESISTANCE",0.91304347826087,69,69,23
"GSE189903","GSE189903_HCC","3HT3","HCC tumour-region observational concordance; malignant status annotated separately","Unperturbed","PROLIFERATION",0,69,69,23
"GSE189903","GSE189903_HCC","3HT3","HCC tumour-region observational concordance; malignant status annotated separately","Unperturbed","CELL_CYCLE_ARREST",0.0434782608695652,69,69,23
"GSE189903","GSE189903_HCC","3HT3","HCC tumour-region observational concordance; malignant status annotated separately","miR-204-5p OE + GSDME KO","PYROPTOSIS",0,69,69,23
"GSE189903","GSE189903_HCC","3HT3","HCC tumour-region observational concordance; malignant status annotated separately","miR-204-5p OE + GSDME KO","APOPTOSIS",0.565217391304348,69,69,23
"GSE189903","GSE189903_HCC","3HT3","HCC tumour-region observational concordance; malignant status annotated separately","miR-204-5p OE + GSDME KO","RESISTANCE",0,69,69,23
"GSE189903","GSE189903_HCC","3HT3","HCC tumour-region observational concordance; malignant status annotated separately","miR-204-5p OE + GSDME KO","PROLIFERATION",0,69,69,23
"GSE189903","GSE189903_HCC","3HT3","HCC tumour-region observational concordance; malignant status annotated separately","miR-204-5p OE + GSDME KO","CELL_CYCLE_ARREST",0.434782608695652,69,69,23
"GSE189903","GSE189903_HCC","4HB","HCC tumour-region observational concordance; malignant status annotated separately","Unperturbed","PYROPTOSIS",0.0555555555555556,36,36,12
"GSE189903","GSE189903_HCC","4HB","HCC tumour-region observational concordance; malignant status annotated separately","Unperturbed","APOPTOSIS",0,36,36,12
"GSE189903","GSE189903_HCC","4HB","HCC tumour-region observational concordance; malignant status annotated separately","Unperturbed","RESISTANCE",0.888888888888889,36,36,12
"GSE189903","GSE189903_HCC","4HB","HCC tumour-region observational concordance; malignant status annotated separately","Unperturbed","PROLIFERATION",0,36,36,12
"GSE189903","GSE189903_HCC","4HB","HCC tumour-region observational concordance; malignant status annotated separately","Unperturbed","CELL_CYCLE_ARREST",0.0555555555555556,36,36,12
"GSE189903","GSE189903_HCC","4HB","HCC tumour-region observational concordance; malignant status annotated separately","miR-204-5p OE + GSDME KO","PYROPTOSIS",0,36,36,12
"GSE189903","GSE189903_HCC","4HB","HCC tumour-region observational concordance; malignant status annotated separately","miR-204-5p OE + GSDME KO","APOPTOSIS",0.666666666666667,36,36,12
"GSE189903","GSE189903_HCC","4HB","HCC tumour-region observational concordance; malignant status annotated separately","miR-204-5p OE + GSDME KO","RESISTANCE",0,36,36,12
"GSE189903","GSE189903_HCC","4HB","HCC tumour-region observational concordance; malignant status annotated separately","miR-204-5p OE + GSDME KO","PROLIFERATION",0,36,36,12
"GSE189903","GSE189903_HCC","4HB","HCC tumour-region observational concordance; malignant status annotated separately","miR-204-5p OE + GSDME KO","CELL_CYCLE_ARREST",0.333333333333333,36,36,12
"GSE189903","GSE189903_HCC","4HT1","HCC tumour-region observational concordance; malignant status annotated separately","Unperturbed","PYROPTOSIS",0.0353535353535354,198,198,66
"GSE189903","GSE189903_HCC","4HT1","HCC tumour-region observational concordance; malignant status annotated separately","Unperturbed","APOPTOSIS",0,198,198,66
"GSE189903","GSE189903_HCC","4HT1","HCC tumour-region observational concordance; malignant status annotated separately","Unperturbed","RESISTANCE",0.929292929292929,198,198,66
"GSE189903","GSE189903_HCC","4HT1","HCC tumour-region observational concordance; malignant status annotated separately","Unperturbed","PROLIFERATION",0,198,198,66
"GSE189903","GSE189903_HCC","4HT1","HCC tumour-region observational concordance; malignant status annotated separately","Unperturbed","CELL_CYCLE_ARREST",0.0353535353535354,198,198,66
"GSE189903","GSE189903_HCC","4HT1","HCC tumour-region observational concordance; malignant status annotated separately","miR-204-5p OE + GSDME KO","PYROPTOSIS",0,198,198,66
"GSE189903","GSE189903_HCC","4HT1","HCC tumour-region observational concordance; malignant status annotated separately","miR-204-5p OE + GSDME KO","APOPTOSIS",0.444444444444444,198,198,66
"GSE189903","GSE189903_HCC","4HT1","HCC tumour-region observational concordance; malignant status annotated separately","miR-204-5p OE + GSDME KO","RESISTANCE",0,198,198,66
"GSE189903","GSE189903_HCC","4HT1","HCC tumour-region observational concordance; malignant status annotated separately","miR-204-5p OE + GSDME KO","PROLIFERATION",0,198,198,66
"GSE189903","GSE189903_HCC","4HT1","HCC tumour-region observational concordance; malignant status annotated separately","miR-204-5p OE + GSDME KO","CELL_CYCLE_ARREST",0.555555555555556,198,198,66
"GSE189903","GSE189903_HCC","4HT3","HCC tumour-region observational concordance; malignant status annotated separately","Unperturbed","PYROPTOSIS",0.0511363636363636,528,528,176
"GSE189903","GSE189903_HCC","4HT3","HCC tumour-region observational concordance; malignant status annotated separately","Unperturbed","APOPTOSIS",0,528,528,176
"GSE189903","GSE189903_HCC","4HT3","HCC tumour-region observational concordance; malignant status annotated separately","Unperturbed","RESISTANCE",0.90719696969697,528,528,176
"GSE189903","GSE189903_HCC","4HT3","HCC tumour-region observational concordance; malignant status annotated separately","Unperturbed","PROLIFERATION",0,528,528,176
"GSE189903","GSE189903_HCC","4HT3","HCC tumour-region observational concordance; malignant status annotated separately","Unperturbed","CELL_CYCLE_ARREST",0.0416666666666667,528,528,176
"GSE189903","GSE189903_HCC","4HT3","HCC tumour-region observational concordance; malignant status annotated separately","miR-204-5p OE + GSDME KO","PYROPTOSIS",0,528,528,176
"GSE189903","GSE189903_HCC","4HT3","HCC tumour-region observational concordance; malignant status annotated separately","miR-204-5p OE + GSDME KO","APOPTOSIS",0.505681818181818,528,528,176
"GSE189903","GSE189903_HCC","4HT3","HCC tumour-region observational concordance; malignant status annotated separately","miR-204-5p OE + GSDME KO","RESISTANCE",0,528,528,176
"GSE189903","GSE189903_HCC","4HT3","HCC tumour-region observational concordance; malignant status annotated separately","miR-204-5p OE + GSDME KO","PROLIFERATION",0,528,528,176
"GSE189903","GSE189903_HCC","4HT3","HCC tumour-region observational concordance; malignant status annotated separately","miR-204-5p OE + GSDME KO","CELL_CYCLE_ARREST",0.494318181818182,528,528,176
"GSE189903","GSE189903_HCC","4HT2","HCC tumour-region observational concordance; malignant status annotated separately","Unperturbed","PYROPTOSIS",0.0392156862745098,459,459,153
"GSE189903","GSE189903_HCC","4HT2","HCC tumour-region observational concordance; malignant status annotated separately","Unperturbed","APOPTOSIS",0,459,459,153
"GSE189903","GSE189903_HCC","4HT2","HCC tumour-region observational concordance; malignant status annotated separately","Unperturbed","RESISTANCE",0.923747276688453,459,459,153
"GSE189903","GSE189903_HCC","4HT2","HCC tumour-region observational concordance; malignant status annotated separately","Unperturbed","PROLIFERATION",0,459,459,153
"GSE189903","GSE189903_HCC","4HT2","HCC tumour-region observational concordance; malignant status annotated separately","Unperturbed","CELL_CYCLE_ARREST",0.037037037037037,459,459,153
"GSE189903","GSE189903_HCC","4HT2","HCC tumour-region observational concordance; malignant status annotated separately","miR-204-5p OE + GSDME KO","PYROPTOSIS",0,459,459,153
"GSE189903","GSE189903_HCC","4HT2","HCC tumour-region observational concordance; malignant status annotated separately","miR-204-5p OE + GSDME KO","APOPTOSIS",0.516339869281046,459,459,153
"GSE189903","GSE189903_HCC","4HT2","HCC tumour-region observational concordance; malignant status annotated separately","miR-204-5p OE + GSDME KO","RESISTANCE",0,459,459,153
"GSE189903","GSE189903_HCC","4HT2","HCC tumour-region observational concordance; malignant status annotated separately","miR-204-5p OE + GSDME KO","PROLIFERATION",0,459,459,153
"GSE189903","GSE189903_HCC","4HT2","HCC tumour-region observational concordance; malignant status annotated separately","miR-204-5p OE + GSDME KO","CELL_CYCLE_ARREST",0.483660130718954,459,459,153
"GSE189903","GSE189903_HCC","2HT3","HCC tumour-region observational concordance; malignant status annotated separately","Unperturbed","PYROPTOSIS",0.0317460317460317,63,63,21
"GSE189903","GSE189903_HCC","2HT3","HCC tumour-region observational concordance; malignant status annotated separately","Unperturbed","APOPTOSIS",0,63,63,21
"GSE189903","GSE189903_HCC","2HT3","HCC tumour-region observational concordance; malignant status annotated separately","Unperturbed","RESISTANCE",0.952380952380952,63,63,21
"GSE189903","GSE189903_HCC","2HT3","HCC tumour-region observational concordance; malignant status annotated separately","Unperturbed","PROLIFERATION",0,63,63,21
"GSE189903","GSE189903_HCC","2HT3","HCC tumour-region observational concordance; malignant status annotated separately","Unperturbed","CELL_CYCLE_ARREST",0.0158730158730159,63,63,21
"GSE189903","GSE189903_HCC","2HT3","HCC tumour-region observational concordance; malignant status annotated separately","miR-204-5p OE + GSDME KO","PYROPTOSIS",0,63,63,21
"GSE189903","GSE189903_HCC","2HT3","HCC tumour-region observational concordance; malignant status annotated separately","miR-204-5p OE + GSDME KO","APOPTOSIS",0.444444444444444,63,63,21
"GSE189903","GSE189903_HCC","2HT3","HCC tumour-region observational concordance; malignant status annotated separately","miR-204-5p OE + GSDME KO","RESISTANCE",0,63,63,21
"GSE189903","GSE189903_HCC","2HT3","HCC tumour-region observational concordance; malignant status annotated separately","miR-204-5p OE + GSDME KO","PROLIFERATION",0,63,63,21
"GSE189903","GSE189903_HCC","2HT3","HCC tumour-region observational concordance; malignant status annotated separately","miR-204-5p OE + GSDME KO","CELL_CYCLE_ARREST",0.555555555555556,63,63,21
