"condition","label","clamp","interpretation_scope"
"Reference","Reference: DDR ON + GSDME available","DDR_fixed_ON=1; GSDME_availability=1","Model-based intervention; not experimental validation"
"MALAT1_OFF","MALAT1 inhibition","DDR_fixed_ON=1; GSDME_availability=1; lncRNA_MALAT1=0","Model-based intervention; not experimental validation"
"miR204_OFF","miR-204-5p inhibition","DDR_fixed_ON=1; GSDME_availability=1; miR_204_5p=0","Model-based intervention; not experimental validation"
"MALAT1_OFF__miR204_OFF","MALAT1 inhibition + miR-204-5p inhibition","DDR_fixed_ON=1; GSDME_availability=1; lncRNA_MALAT1=0; miR_204_5p=0","Model-based intervention; not experimental validation"
"SIRT1_ON","SIRT1 activation","DDR_fixed_ON=1; GSDME_availability=1; SIRT1=1","Model-based intervention; not experimental validation"
"MALAT1_OFF__SIRT1_ON","MALAT1 inhibition + SIRT1 rescue","DDR_fixed_ON=1; GSDME_availability=1; lncRNA_MALAT1=0; SIRT1=1","Model-based intervention; not experimental validation"
"miR204_ON","miR-204-5p activation","DDR_fixed_ON=1; GSDME_availability=1; miR_204_5p=1","Model-based intervention; not experimental validation"
"miR204_ON__SIRT1_ON","miR-204-5p activation + SIRT1 rescue","DDR_fixed_ON=1; GSDME_availability=1; miR_204_5p=1; SIRT1=1","Model-based intervention; not experimental validation"
"SIRT1_OFF","SIRT1 inhibition","DDR_fixed_ON=1; GSDME_availability=1; SIRT1=0","Model-based intervention; not experimental validation"
"p53_OFF","Active p53 inhibition","DDR_fixed_ON=1; GSDME_availability=1; p53_ACTIVE=0","Model-based intervention; not experimental validation"
"SIRT1_OFF__p53_OFF","SIRT1 inhibition + active p53 inhibition","DDR_fixed_ON=1; GSDME_availability=1; SIRT1=0; p53_ACTIVE=0","Model-based intervention; not experimental validation"
"p53_ON","Active p53 activation","DDR_fixed_ON=1; GSDME_availability=1; p53_ACTIVE=1","Model-based intervention; not experimental validation"
"CASP3_OFF","CASP3 inhibition","DDR_fixed_ON=1; GSDME_availability=1; CASP3=0","Model-based intervention; not experimental validation"
"p53_ON__CASP3_OFF","Active p53 activation + CASP3 inhibition","DDR_fixed_ON=1; GSDME_availability=1; p53_ACTIVE=1; CASP3=0","Model-based intervention; not experimental validation"
"CASP3_ON","CASP3 activation","DDR_fixed_ON=1; GSDME_availability=1; CASP3=1","Model-based intervention; not experimental validation"
"GSDME_OFF","GSDME unavailable","DDR_fixed_ON=1; GSDME_availability=0","Model-based intervention; not experimental validation"
"CASP3_ON__GSDME_OFF","CASP3 activation + GSDME unavailable","DDR_fixed_ON=1; CASP3=1; GSDME_availability=0","Model-based intervention; not experimental validation"
"MALAT1_OFF__GSDME_OFF","MALAT1 inhibition + GSDME unavailable","DDR_fixed_ON=1; lncRNA_MALAT1=0; GSDME_availability=0","Model-based intervention; not experimental validation"
"SIRT1_OFF__GSDME_OFF","SIRT1 inhibition + GSDME unavailable","DDR_fixed_ON=1; SIRT1=0; GSDME_availability=0","Model-based intervention; not experimental validation"
