"seed","initialisation","condition","activation_frequency","node","condition_label"
101,"Global random","CASP3_OFF",0,"PYROPTOSIS_GSDME","CASP3 inhibition"
204,"Global random","CASP3_OFF",0,"PYROPTOSIS_GSDME","CASP3 inhibition"
307,"Global random","CASP3_OFF",0,"PYROPTOSIS_GSDME","CASP3 inhibition"
509,"Global random","CASP3_OFF",0,"PYROPTOSIS_GSDME","CASP3 inhibition"
811,"Global random","CASP3_OFF",0,"PYROPTOSIS_GSDME","CASP3 inhibition"
101,"Resistant-local","CASP3_OFF",0,"PYROPTOSIS_GSDME","CASP3 inhibition"
204,"Resistant-local","CASP3_OFF",0,"PYROPTOSIS_GSDME","CASP3 inhibition"
307,"Resistant-local","CASP3_OFF",0,"PYROPTOSIS_GSDME","CASP3 inhibition"
509,"Resistant-local","CASP3_OFF",0,"PYROPTOSIS_GSDME","CASP3 inhibition"
811,"Resistant-local","CASP3_OFF",0,"PYROPTOSIS_GSDME","CASP3 inhibition"
101,"Global random","CASP3_ON",1,"PYROPTOSIS_GSDME","CASP3 activation"
204,"Global random","CASP3_ON",1,"PYROPTOSIS_GSDME","CASP3 activation"
307,"Global random","CASP3_ON",1,"PYROPTOSIS_GSDME","CASP3 activation"
509,"Global random","CASP3_ON",1,"PYROPTOSIS_GSDME","CASP3 activation"
811,"Global random","CASP3_ON",1,"PYROPTOSIS_GSDME","CASP3 activation"
101,"Resistant-local","CASP3_ON",1,"PYROPTOSIS_GSDME","CASP3 activation"
204,"Resistant-local","CASP3_ON",1,"PYROPTOSIS_GSDME","CASP3 activation"
307,"Resistant-local","CASP3_ON",1,"PYROPTOSIS_GSDME","CASP3 activation"
509,"Resistant-local","CASP3_ON",1,"PYROPTOSIS_GSDME","CASP3 activation"
811,"Resistant-local","CASP3_ON",1,"PYROPTOSIS_GSDME","CASP3 activation"
101,"Global random","CASP3_ON__GSDME_OFF",0,"PYROPTOSIS_GSDME","CASP3 activation + GSDME unavailable"
204,"Global random","CASP3_ON__GSDME_OFF",0,"PYROPTOSIS_GSDME","CASP3 activation + GSDME unavailable"
307,"Global random","CASP3_ON__GSDME_OFF",0,"PYROPTOSIS_GSDME","CASP3 activation + GSDME unavailable"
509,"Global random","CASP3_ON__GSDME_OFF",0,"PYROPTOSIS_GSDME","CASP3 activation + GSDME unavailable"
811,"Global random","CASP3_ON__GSDME_OFF",0,"PYROPTOSIS_GSDME","CASP3 activation + GSDME unavailable"
101,"Resistant-local","CASP3_ON__GSDME_OFF",0,"PYROPTOSIS_GSDME","CASP3 activation + GSDME unavailable"
204,"Resistant-local","CASP3_ON__GSDME_OFF",0,"PYROPTOSIS_GSDME","CASP3 activation + GSDME unavailable"
307,"Resistant-local","CASP3_ON__GSDME_OFF",0,"PYROPTOSIS_GSDME","CASP3 activation + GSDME unavailable"
509,"Resistant-local","CASP3_ON__GSDME_OFF",0,"PYROPTOSIS_GSDME","CASP3 activation + GSDME unavailable"
811,"Resistant-local","CASP3_ON__GSDME_OFF",0,"PYROPTOSIS_GSDME","CASP3 activation + GSDME unavailable"
101,"Global random","GSDME_OFF",0,"PYROPTOSIS_GSDME","GSDME unavailable"
204,"Global random","GSDME_OFF",0,"PYROPTOSIS_GSDME","GSDME unavailable"
307,"Global random","GSDME_OFF",0,"PYROPTOSIS_GSDME","GSDME unavailable"
509,"Global random","GSDME_OFF",0,"PYROPTOSIS_GSDME","GSDME unavailable"
811,"Global random","GSDME_OFF",0,"PYROPTOSIS_GSDME","GSDME unavailable"
101,"Resistant-local","GSDME_OFF",0,"PYROPTOSIS_GSDME","GSDME unavailable"
204,"Resistant-local","GSDME_OFF",0,"PYROPTOSIS_GSDME","GSDME unavailable"
307,"Resistant-local","GSDME_OFF",0,"PYROPTOSIS_GSDME","GSDME unavailable"
509,"Resistant-local","GSDME_OFF",0,"PYROPTOSIS_GSDME","GSDME unavailable"
811,"Resistant-local","GSDME_OFF",0,"PYROPTOSIS_GSDME","GSDME unavailable"
101,"Global random","MALAT1_OFF",1,"PYROPTOSIS_GSDME","MALAT1 inhibition"
204,"Global random","MALAT1_OFF",1,"PYROPTOSIS_GSDME","MALAT1 inhibition"
307,"Global random","MALAT1_OFF",1,"PYROPTOSIS_GSDME","MALAT1 inhibition"
509,"Global random","MALAT1_OFF",1,"PYROPTOSIS_GSDME","MALAT1 inhibition"
811,"Global random","MALAT1_OFF",1,"PYROPTOSIS_GSDME","MALAT1 inhibition"
101,"Resistant-local","MALAT1_OFF",1,"PYROPTOSIS_GSDME","MALAT1 inhibition"
204,"Resistant-local","MALAT1_OFF",1,"PYROPTOSIS_GSDME","MALAT1 inhibition"
307,"Resistant-local","MALAT1_OFF",1,"PYROPTOSIS_GSDME","MALAT1 inhibition"
509,"Resistant-local","MALAT1_OFF",1,"PYROPTOSIS_GSDME","MALAT1 inhibition"
811,"Resistant-local","MALAT1_OFF",1,"PYROPTOSIS_GSDME","MALAT1 inhibition"
101,"Global random","MALAT1_OFF__GSDME_OFF",0,"PYROPTOSIS_GSDME","MALAT1 inhibition + GSDME unavailable"
204,"Global random","MALAT1_OFF__GSDME_OFF",0,"PYROPTOSIS_GSDME","MALAT1 inhibition + GSDME unavailable"
307,"Global random","MALAT1_OFF__GSDME_OFF",0,"PYROPTOSIS_GSDME","MALAT1 inhibition + GSDME unavailable"
509,"Global random","MALAT1_OFF__GSDME_OFF",0,"PYROPTOSIS_GSDME","MALAT1 inhibition + GSDME unavailable"
811,"Global random","MALAT1_OFF__GSDME_OFF",0,"PYROPTOSIS_GSDME","MALAT1 inhibition + GSDME unavailable"
101,"Resistant-local","MALAT1_OFF__GSDME_OFF",0,"PYROPTOSIS_GSDME","MALAT1 inhibition + GSDME unavailable"
204,"Resistant-local","MALAT1_OFF__GSDME_OFF",0,"PYROPTOSIS_GSDME","MALAT1 inhibition + GSDME unavailable"
307,"Resistant-local","MALAT1_OFF__GSDME_OFF",0,"PYROPTOSIS_GSDME","MALAT1 inhibition + GSDME unavailable"
509,"Resistant-local","MALAT1_OFF__GSDME_OFF",0,"PYROPTOSIS_GSDME","MALAT1 inhibition + GSDME unavailable"
811,"Resistant-local","MALAT1_OFF__GSDME_OFF",0,"PYROPTOSIS_GSDME","MALAT1 inhibition + GSDME unavailable"
101,"Global random","MALAT1_OFF__miR204_OFF",0,"PYROPTOSIS_GSDME","MALAT1 inhibition + miR-204-5p inhibition"
204,"Global random","MALAT1_OFF__miR204_OFF",0,"PYROPTOSIS_GSDME","MALAT1 inhibition + miR-204-5p inhibition"
307,"Global random","MALAT1_OFF__miR204_OFF",0,"PYROPTOSIS_GSDME","MALAT1 inhibition + miR-204-5p inhibition"
509,"Global random","MALAT1_OFF__miR204_OFF",0,"PYROPTOSIS_GSDME","MALAT1 inhibition + miR-204-5p inhibition"
811,"Global random","MALAT1_OFF__miR204_OFF",0,"PYROPTOSIS_GSDME","MALAT1 inhibition + miR-204-5p inhibition"
101,"Resistant-local","MALAT1_OFF__miR204_OFF",0,"PYROPTOSIS_GSDME","MALAT1 inhibition + miR-204-5p inhibition"
204,"Resistant-local","MALAT1_OFF__miR204_OFF",0,"PYROPTOSIS_GSDME","MALAT1 inhibition + miR-204-5p inhibition"
307,"Resistant-local","MALAT1_OFF__miR204_OFF",0,"PYROPTOSIS_GSDME","MALAT1 inhibition + miR-204-5p inhibition"
509,"Resistant-local","MALAT1_OFF__miR204_OFF",0,"PYROPTOSIS_GSDME","MALAT1 inhibition + miR-204-5p inhibition"
811,"Resistant-local","MALAT1_OFF__miR204_OFF",0,"PYROPTOSIS_GSDME","MALAT1 inhibition + miR-204-5p inhibition"
101,"Global random","MALAT1_OFF__SIRT1_ON",0,"PYROPTOSIS_GSDME","MALAT1 inhibition + SIRT1 rescue"
204,"Global random","MALAT1_OFF__SIRT1_ON",0,"PYROPTOSIS_GSDME","MALAT1 inhibition + SIRT1 rescue"
307,"Global random","MALAT1_OFF__SIRT1_ON",0,"PYROPTOSIS_GSDME","MALAT1 inhibition + SIRT1 rescue"
509,"Global random","MALAT1_OFF__SIRT1_ON",0,"PYROPTOSIS_GSDME","MALAT1 inhibition + SIRT1 rescue"
811,"Global random","MALAT1_OFF__SIRT1_ON",0,"PYROPTOSIS_GSDME","MALAT1 inhibition + SIRT1 rescue"
101,"Resistant-local","MALAT1_OFF__SIRT1_ON",0,"PYROPTOSIS_GSDME","MALAT1 inhibition + SIRT1 rescue"
204,"Resistant-local","MALAT1_OFF__SIRT1_ON",0,"PYROPTOSIS_GSDME","MALAT1 inhibition + SIRT1 rescue"
307,"Resistant-local","MALAT1_OFF__SIRT1_ON",0,"PYROPTOSIS_GSDME","MALAT1 inhibition + SIRT1 rescue"
509,"Resistant-local","MALAT1_OFF__SIRT1_ON",0,"PYROPTOSIS_GSDME","MALAT1 inhibition + SIRT1 rescue"
811,"Resistant-local","MALAT1_OFF__SIRT1_ON",0,"PYROPTOSIS_GSDME","MALAT1 inhibition + SIRT1 rescue"
101,"Global random","miR204_OFF",0,"PYROPTOSIS_GSDME","miR-204-5p inhibition"
204,"Global random","miR204_OFF",0,"PYROPTOSIS_GSDME","miR-204-5p inhibition"
307,"Global random","miR204_OFF",0,"PYROPTOSIS_GSDME","miR-204-5p inhibition"
509,"Global random","miR204_OFF",0,"PYROPTOSIS_GSDME","miR-204-5p inhibition"
811,"Global random","miR204_OFF",0,"PYROPTOSIS_GSDME","miR-204-5p inhibition"
101,"Resistant-local","miR204_OFF",0,"PYROPTOSIS_GSDME","miR-204-5p inhibition"
204,"Resistant-local","miR204_OFF",0,"PYROPTOSIS_GSDME","miR-204-5p inhibition"
307,"Resistant-local","miR204_OFF",0,"PYROPTOSIS_GSDME","miR-204-5p inhibition"
509,"Resistant-local","miR204_OFF",0,"PYROPTOSIS_GSDME","miR-204-5p inhibition"
811,"Resistant-local","miR204_OFF",0,"PYROPTOSIS_GSDME","miR-204-5p inhibition"
101,"Global random","miR204_ON",1,"PYROPTOSIS_GSDME","miR-204-5p activation"
204,"Global random","miR204_ON",1,"PYROPTOSIS_GSDME","miR-204-5p activation"
307,"Global random","miR204_ON",1,"PYROPTOSIS_GSDME","miR-204-5p activation"
509,"Global random","miR204_ON",1,"PYROPTOSIS_GSDME","miR-204-5p activation"
811,"Global random","miR204_ON",1,"PYROPTOSIS_GSDME","miR-204-5p activation"
101,"Resistant-local","miR204_ON",1,"PYROPTOSIS_GSDME","miR-204-5p activation"
204,"Resistant-local","miR204_ON",1,"PYROPTOSIS_GSDME","miR-204-5p activation"
307,"Resistant-local","miR204_ON",1,"PYROPTOSIS_GSDME","miR-204-5p activation"
509,"Resistant-local","miR204_ON",1,"PYROPTOSIS_GSDME","miR-204-5p activation"
811,"Resistant-local","miR204_ON",1,"PYROPTOSIS_GSDME","miR-204-5p activation"
101,"Global random","miR204_ON__SIRT1_ON",0,"PYROPTOSIS_GSDME","miR-204-5p activation + SIRT1 rescue"
204,"Global random","miR204_ON__SIRT1_ON",0,"PYROPTOSIS_GSDME","miR-204-5p activation + SIRT1 rescue"
307,"Global random","miR204_ON__SIRT1_ON",0,"PYROPTOSIS_GSDME","miR-204-5p activation + SIRT1 rescue"
509,"Global random","miR204_ON__SIRT1_ON",0,"PYROPTOSIS_GSDME","miR-204-5p activation + SIRT1 rescue"
811,"Global random","miR204_ON__SIRT1_ON",0,"PYROPTOSIS_GSDME","miR-204-5p activation + SIRT1 rescue"
101,"Resistant-local","miR204_ON__SIRT1_ON",0,"PYROPTOSIS_GSDME","miR-204-5p activation + SIRT1 rescue"
204,"Resistant-local","miR204_ON__SIRT1_ON",0,"PYROPTOSIS_GSDME","miR-204-5p activation + SIRT1 rescue"
307,"Resistant-local","miR204_ON__SIRT1_ON",0,"PYROPTOSIS_GSDME","miR-204-5p activation + SIRT1 rescue"
509,"Resistant-local","miR204_ON__SIRT1_ON",0,"PYROPTOSIS_GSDME","miR-204-5p activation + SIRT1 rescue"
811,"Resistant-local","miR204_ON__SIRT1_ON",0,"PYROPTOSIS_GSDME","miR-204-5p activation + SIRT1 rescue"
101,"Global random","p53_OFF",0,"PYROPTOSIS_GSDME","Active p53 inhibition"
204,"Global random","p53_OFF",0,"PYROPTOSIS_GSDME","Active p53 inhibition"
307,"Global random","p53_OFF",0,"PYROPTOSIS_GSDME","Active p53 inhibition"
509,"Global random","p53_OFF",0,"PYROPTOSIS_GSDME","Active p53 inhibition"
811,"Global random","p53_OFF",0,"PYROPTOSIS_GSDME","Active p53 inhibition"
101,"Resistant-local","p53_OFF",0,"PYROPTOSIS_GSDME","Active p53 inhibition"
204,"Resistant-local","p53_OFF",0,"PYROPTOSIS_GSDME","Active p53 inhibition"
307,"Resistant-local","p53_OFF",0,"PYROPTOSIS_GSDME","Active p53 inhibition"
509,"Resistant-local","p53_OFF",0,"PYROPTOSIS_GSDME","Active p53 inhibition"
811,"Resistant-local","p53_OFF",0,"PYROPTOSIS_GSDME","Active p53 inhibition"
101,"Global random","p53_ON",1,"PYROPTOSIS_GSDME","Active p53 activation"
204,"Global random","p53_ON",1,"PYROPTOSIS_GSDME","Active p53 activation"
307,"Global random","p53_ON",1,"PYROPTOSIS_GSDME","Active p53 activation"
509,"Global random","p53_ON",1,"PYROPTOSIS_GSDME","Active p53 activation"
811,"Global random","p53_ON",1,"PYROPTOSIS_GSDME","Active p53 activation"
101,"Resistant-local","p53_ON",1,"PYROPTOSIS_GSDME","Active p53 activation"
204,"Resistant-local","p53_ON",1,"PYROPTOSIS_GSDME","Active p53 activation"
307,"Resistant-local","p53_ON",1,"PYROPTOSIS_GSDME","Active p53 activation"
509,"Resistant-local","p53_ON",1,"PYROPTOSIS_GSDME","Active p53 activation"
811,"Resistant-local","p53_ON",1,"PYROPTOSIS_GSDME","Active p53 activation"
101,"Global random","p53_ON__CASP3_OFF",0,"PYROPTOSIS_GSDME","Active p53 activation + CASP3 inhibition"
204,"Global random","p53_ON__CASP3_OFF",0,"PYROPTOSIS_GSDME","Active p53 activation + CASP3 inhibition"
307,"Global random","p53_ON__CASP3_OFF",0,"PYROPTOSIS_GSDME","Active p53 activation + CASP3 inhibition"
509,"Global random","p53_ON__CASP3_OFF",0,"PYROPTOSIS_GSDME","Active p53 activation + CASP3 inhibition"
811,"Global random","p53_ON__CASP3_OFF",0,"PYROPTOSIS_GSDME","Active p53 activation + CASP3 inhibition"
101,"Resistant-local","p53_ON__CASP3_OFF",0,"PYROPTOSIS_GSDME","Active p53 activation + CASP3 inhibition"
204,"Resistant-local","p53_ON__CASP3_OFF",0,"PYROPTOSIS_GSDME","Active p53 activation + CASP3 inhibition"
307,"Resistant-local","p53_ON__CASP3_OFF",0,"PYROPTOSIS_GSDME","Active p53 activation + CASP3 inhibition"
509,"Resistant-local","p53_ON__CASP3_OFF",0,"PYROPTOSIS_GSDME","Active p53 activation + CASP3 inhibition"
811,"Resistant-local","p53_ON__CASP3_OFF",0,"PYROPTOSIS_GSDME","Active p53 activation + CASP3 inhibition"
101,"Global random","Reference",0.49,"PYROPTOSIS_GSDME","Reference: DDR ON + GSDME available"
204,"Global random","Reference",0.498,"PYROPTOSIS_GSDME","Reference: DDR ON + GSDME available"
307,"Global random","Reference",0.512,"PYROPTOSIS_GSDME","Reference: DDR ON + GSDME available"
509,"Global random","Reference",0.46,"PYROPTOSIS_GSDME","Reference: DDR ON + GSDME available"
811,"Global random","Reference",0.504,"PYROPTOSIS_GSDME","Reference: DDR ON + GSDME available"
101,"Resistant-local","Reference",0.07,"PYROPTOSIS_GSDME","Reference: DDR ON + GSDME available"
204,"Resistant-local","Reference",0.066,"PYROPTOSIS_GSDME","Reference: DDR ON + GSDME available"
307,"Resistant-local","Reference",0.096,"PYROPTOSIS_GSDME","Reference: DDR ON + GSDME available"
509,"Resistant-local","Reference",0.08,"PYROPTOSIS_GSDME","Reference: DDR ON + GSDME available"
811,"Resistant-local","Reference",0.086,"PYROPTOSIS_GSDME","Reference: DDR ON + GSDME available"
101,"Global random","SIRT1_OFF",1,"PYROPTOSIS_GSDME","SIRT1 inhibition"
204,"Global random","SIRT1_OFF",1,"PYROPTOSIS_GSDME","SIRT1 inhibition"
307,"Global random","SIRT1_OFF",1,"PYROPTOSIS_GSDME","SIRT1 inhibition"
509,"Global random","SIRT1_OFF",1,"PYROPTOSIS_GSDME","SIRT1 inhibition"
811,"Global random","SIRT1_OFF",1,"PYROPTOSIS_GSDME","SIRT1 inhibition"
101,"Resistant-local","SIRT1_OFF",1,"PYROPTOSIS_GSDME","SIRT1 inhibition"
204,"Resistant-local","SIRT1_OFF",1,"PYROPTOSIS_GSDME","SIRT1 inhibition"
307,"Resistant-local","SIRT1_OFF",1,"PYROPTOSIS_GSDME","SIRT1 inhibition"
509,"Resistant-local","SIRT1_OFF",1,"PYROPTOSIS_GSDME","SIRT1 inhibition"
811,"Resistant-local","SIRT1_OFF",1,"PYROPTOSIS_GSDME","SIRT1 inhibition"
101,"Global random","SIRT1_OFF__GSDME_OFF",0,"PYROPTOSIS_GSDME","SIRT1 inhibition + GSDME unavailable"
204,"Global random","SIRT1_OFF__GSDME_OFF",0,"PYROPTOSIS_GSDME","SIRT1 inhibition + GSDME unavailable"
307,"Global random","SIRT1_OFF__GSDME_OFF",0,"PYROPTOSIS_GSDME","SIRT1 inhibition + GSDME unavailable"
509,"Global random","SIRT1_OFF__GSDME_OFF",0,"PYROPTOSIS_GSDME","SIRT1 inhibition + GSDME unavailable"
811,"Global random","SIRT1_OFF__GSDME_OFF",0,"PYROPTOSIS_GSDME","SIRT1 inhibition + GSDME unavailable"
101,"Resistant-local","SIRT1_OFF__GSDME_OFF",0,"PYROPTOSIS_GSDME","SIRT1 inhibition + GSDME unavailable"
204,"Resistant-local","SIRT1_OFF__GSDME_OFF",0,"PYROPTOSIS_GSDME","SIRT1 inhibition + GSDME unavailable"
307,"Resistant-local","SIRT1_OFF__GSDME_OFF",0,"PYROPTOSIS_GSDME","SIRT1 inhibition + GSDME unavailable"
509,"Resistant-local","SIRT1_OFF__GSDME_OFF",0,"PYROPTOSIS_GSDME","SIRT1 inhibition + GSDME unavailable"
811,"Resistant-local","SIRT1_OFF__GSDME_OFF",0,"PYROPTOSIS_GSDME","SIRT1 inhibition + GSDME unavailable"
101,"Global random","SIRT1_OFF__p53_OFF",0,"PYROPTOSIS_GSDME","SIRT1 inhibition + active p53 inhibition"
204,"Global random","SIRT1_OFF__p53_OFF",0,"PYROPTOSIS_GSDME","SIRT1 inhibition + active p53 inhibition"
307,"Global random","SIRT1_OFF__p53_OFF",0,"PYROPTOSIS_GSDME","SIRT1 inhibition + active p53 inhibition"
509,"Global random","SIRT1_OFF__p53_OFF",0,"PYROPTOSIS_GSDME","SIRT1 inhibition + active p53 inhibition"
811,"Global random","SIRT1_OFF__p53_OFF",0,"PYROPTOSIS_GSDME","SIRT1 inhibition + active p53 inhibition"
101,"Resistant-local","SIRT1_OFF__p53_OFF",0,"PYROPTOSIS_GSDME","SIRT1 inhibition + active p53 inhibition"
204,"Resistant-local","SIRT1_OFF__p53_OFF",0,"PYROPTOSIS_GSDME","SIRT1 inhibition + active p53 inhibition"
307,"Resistant-local","SIRT1_OFF__p53_OFF",0,"PYROPTOSIS_GSDME","SIRT1 inhibition + active p53 inhibition"
509,"Resistant-local","SIRT1_OFF__p53_OFF",0,"PYROPTOSIS_GSDME","SIRT1 inhibition + active p53 inhibition"
811,"Resistant-local","SIRT1_OFF__p53_OFF",0,"PYROPTOSIS_GSDME","SIRT1 inhibition + active p53 inhibition"
101,"Global random","SIRT1_ON",0,"PYROPTOSIS_GSDME","SIRT1 activation"
204,"Global random","SIRT1_ON",0,"PYROPTOSIS_GSDME","SIRT1 activation"
307,"Global random","SIRT1_ON",0,"PYROPTOSIS_GSDME","SIRT1 activation"
509,"Global random","SIRT1_ON",0,"PYROPTOSIS_GSDME","SIRT1 activation"
811,"Global random","SIRT1_ON",0,"PYROPTOSIS_GSDME","SIRT1 activation"
101,"Resistant-local","SIRT1_ON",0,"PYROPTOSIS_GSDME","SIRT1 activation"
204,"Resistant-local","SIRT1_ON",0,"PYROPTOSIS_GSDME","SIRT1 activation"
307,"Resistant-local","SIRT1_ON",0,"PYROPTOSIS_GSDME","SIRT1 activation"
509,"Resistant-local","SIRT1_ON",0,"PYROPTOSIS_GSDME","SIRT1 activation"
811,"Resistant-local","SIRT1_ON",0,"PYROPTOSIS_GSDME","SIRT1 activation"
101,"Global random","CASP3_OFF",0,"APOPTOSIS","CASP3 inhibition"
204,"Global random","CASP3_OFF",0,"APOPTOSIS","CASP3 inhibition"
307,"Global random","CASP3_OFF",0,"APOPTOSIS","CASP3 inhibition"
509,"Global random","CASP3_OFF",0,"APOPTOSIS","CASP3 inhibition"
811,"Global random","CASP3_OFF",0,"APOPTOSIS","CASP3 inhibition"
101,"Resistant-local","CASP3_OFF",0,"APOPTOSIS","CASP3 inhibition"
204,"Resistant-local","CASP3_OFF",0,"APOPTOSIS","CASP3 inhibition"
307,"Resistant-local","CASP3_OFF",0,"APOPTOSIS","CASP3 inhibition"
509,"Resistant-local","CASP3_OFF",0,"APOPTOSIS","CASP3 inhibition"
811,"Resistant-local","CASP3_OFF",0,"APOPTOSIS","CASP3 inhibition"
101,"Global random","CASP3_ON",0,"APOPTOSIS","CASP3 activation"
204,"Global random","CASP3_ON",0,"APOPTOSIS","CASP3 activation"
307,"Global random","CASP3_ON",0,"APOPTOSIS","CASP3 activation"
509,"Global random","CASP3_ON",0,"APOPTOSIS","CASP3 activation"
811,"Global random","CASP3_ON",0,"APOPTOSIS","CASP3 activation"
101,"Resistant-local","CASP3_ON",0,"APOPTOSIS","CASP3 activation"
204,"Resistant-local","CASP3_ON",0,"APOPTOSIS","CASP3 activation"
307,"Resistant-local","CASP3_ON",0,"APOPTOSIS","CASP3 activation"
509,"Resistant-local","CASP3_ON",0,"APOPTOSIS","CASP3 activation"
811,"Resistant-local","CASP3_ON",0,"APOPTOSIS","CASP3 activation"
101,"Global random","CASP3_ON__GSDME_OFF",1,"APOPTOSIS","CASP3 activation + GSDME unavailable"
204,"Global random","CASP3_ON__GSDME_OFF",1,"APOPTOSIS","CASP3 activation + GSDME unavailable"
307,"Global random","CASP3_ON__GSDME_OFF",1,"APOPTOSIS","CASP3 activation + GSDME unavailable"
509,"Global random","CASP3_ON__GSDME_OFF",1,"APOPTOSIS","CASP3 activation + GSDME unavailable"
811,"Global random","CASP3_ON__GSDME_OFF",1,"APOPTOSIS","CASP3 activation + GSDME unavailable"
101,"Resistant-local","CASP3_ON__GSDME_OFF",1,"APOPTOSIS","CASP3 activation + GSDME unavailable"
204,"Resistant-local","CASP3_ON__GSDME_OFF",1,"APOPTOSIS","CASP3 activation + GSDME unavailable"
307,"Resistant-local","CASP3_ON__GSDME_OFF",1,"APOPTOSIS","CASP3 activation + GSDME unavailable"
509,"Resistant-local","CASP3_ON__GSDME_OFF",1,"APOPTOSIS","CASP3 activation + GSDME unavailable"
811,"Resistant-local","CASP3_ON__GSDME_OFF",1,"APOPTOSIS","CASP3 activation + GSDME unavailable"
101,"Global random","GSDME_OFF",0.51,"APOPTOSIS","GSDME unavailable"
204,"Global random","GSDME_OFF",0.474,"APOPTOSIS","GSDME unavailable"
307,"Global random","GSDME_OFF",0.498,"APOPTOSIS","GSDME unavailable"
509,"Global random","GSDME_OFF",0.486,"APOPTOSIS","GSDME unavailable"
811,"Global random","GSDME_OFF",0.508,"APOPTOSIS","GSDME unavailable"
101,"Resistant-local","GSDME_OFF",0.072,"APOPTOSIS","GSDME unavailable"
204,"Resistant-local","GSDME_OFF",0.062,"APOPTOSIS","GSDME unavailable"
307,"Resistant-local","GSDME_OFF",0.084,"APOPTOSIS","GSDME unavailable"
509,"Resistant-local","GSDME_OFF",0.08,"APOPTOSIS","GSDME unavailable"
811,"Resistant-local","GSDME_OFF",0.08,"APOPTOSIS","GSDME unavailable"
101,"Global random","MALAT1_OFF",0,"APOPTOSIS","MALAT1 inhibition"
204,"Global random","MALAT1_OFF",0,"APOPTOSIS","MALAT1 inhibition"
307,"Global random","MALAT1_OFF",0,"APOPTOSIS","MALAT1 inhibition"
509,"Global random","MALAT1_OFF",0,"APOPTOSIS","MALAT1 inhibition"
811,"Global random","MALAT1_OFF",0,"APOPTOSIS","MALAT1 inhibition"
101,"Resistant-local","MALAT1_OFF",0,"APOPTOSIS","MALAT1 inhibition"
204,"Resistant-local","MALAT1_OFF",0,"APOPTOSIS","MALAT1 inhibition"
307,"Resistant-local","MALAT1_OFF",0,"APOPTOSIS","MALAT1 inhibition"
509,"Resistant-local","MALAT1_OFF",0,"APOPTOSIS","MALAT1 inhibition"
811,"Resistant-local","MALAT1_OFF",0,"APOPTOSIS","MALAT1 inhibition"
101,"Global random","MALAT1_OFF__GSDME_OFF",1,"APOPTOSIS","MALAT1 inhibition + GSDME unavailable"
204,"Global random","MALAT1_OFF__GSDME_OFF",1,"APOPTOSIS","MALAT1 inhibition + GSDME unavailable"
307,"Global random","MALAT1_OFF__GSDME_OFF",1,"APOPTOSIS","MALAT1 inhibition + GSDME unavailable"
509,"Global random","MALAT1_OFF__GSDME_OFF",1,"APOPTOSIS","MALAT1 inhibition + GSDME unavailable"
811,"Global random","MALAT1_OFF__GSDME_OFF",1,"APOPTOSIS","MALAT1 inhibition + GSDME unavailable"
101,"Resistant-local","MALAT1_OFF__GSDME_OFF",1,"APOPTOSIS","MALAT1 inhibition + GSDME unavailable"
204,"Resistant-local","MALAT1_OFF__GSDME_OFF",1,"APOPTOSIS","MALAT1 inhibition + GSDME unavailable"
307,"Resistant-local","MALAT1_OFF__GSDME_OFF",1,"APOPTOSIS","MALAT1 inhibition + GSDME unavailable"
509,"Resistant-local","MALAT1_OFF__GSDME_OFF",1,"APOPTOSIS","MALAT1 inhibition + GSDME unavailable"
811,"Resistant-local","MALAT1_OFF__GSDME_OFF",1,"APOPTOSIS","MALAT1 inhibition + GSDME unavailable"
101,"Global random","MALAT1_OFF__miR204_OFF",0,"APOPTOSIS","MALAT1 inhibition + miR-204-5p inhibition"
204,"Global random","MALAT1_OFF__miR204_OFF",0,"APOPTOSIS","MALAT1 inhibition + miR-204-5p inhibition"
307,"Global random","MALAT1_OFF__miR204_OFF",0,"APOPTOSIS","MALAT1 inhibition + miR-204-5p inhibition"
509,"Global random","MALAT1_OFF__miR204_OFF",0,"APOPTOSIS","MALAT1 inhibition + miR-204-5p inhibition"
811,"Global random","MALAT1_OFF__miR204_OFF",0,"APOPTOSIS","MALAT1 inhibition + miR-204-5p inhibition"
101,"Resistant-local","MALAT1_OFF__miR204_OFF",0,"APOPTOSIS","MALAT1 inhibition + miR-204-5p inhibition"
204,"Resistant-local","MALAT1_OFF__miR204_OFF",0,"APOPTOSIS","MALAT1 inhibition + miR-204-5p inhibition"
307,"Resistant-local","MALAT1_OFF__miR204_OFF",0,"APOPTOSIS","MALAT1 inhibition + miR-204-5p inhibition"
509,"Resistant-local","MALAT1_OFF__miR204_OFF",0,"APOPTOSIS","MALAT1 inhibition + miR-204-5p inhibition"
811,"Resistant-local","MALAT1_OFF__miR204_OFF",0,"APOPTOSIS","MALAT1 inhibition + miR-204-5p inhibition"
101,"Global random","MALAT1_OFF__SIRT1_ON",0,"APOPTOSIS","MALAT1 inhibition + SIRT1 rescue"
204,"Global random","MALAT1_OFF__SIRT1_ON",0,"APOPTOSIS","MALAT1 inhibition + SIRT1 rescue"
307,"Global random","MALAT1_OFF__SIRT1_ON",0,"APOPTOSIS","MALAT1 inhibition + SIRT1 rescue"
509,"Global random","MALAT1_OFF__SIRT1_ON",0,"APOPTOSIS","MALAT1 inhibition + SIRT1 rescue"
811,"Global random","MALAT1_OFF__SIRT1_ON",0,"APOPTOSIS","MALAT1 inhibition + SIRT1 rescue"
101,"Resistant-local","MALAT1_OFF__SIRT1_ON",0,"APOPTOSIS","MALAT1 inhibition + SIRT1 rescue"
204,"Resistant-local","MALAT1_OFF__SIRT1_ON",0,"APOPTOSIS","MALAT1 inhibition + SIRT1 rescue"
307,"Resistant-local","MALAT1_OFF__SIRT1_ON",0,"APOPTOSIS","MALAT1 inhibition + SIRT1 rescue"
509,"Resistant-local","MALAT1_OFF__SIRT1_ON",0,"APOPTOSIS","MALAT1 inhibition + SIRT1 rescue"
811,"Resistant-local","MALAT1_OFF__SIRT1_ON",0,"APOPTOSIS","MALAT1 inhibition + SIRT1 rescue"
101,"Global random","miR204_OFF",0,"APOPTOSIS","miR-204-5p inhibition"
204,"Global random","miR204_OFF",0,"APOPTOSIS","miR-204-5p inhibition"
307,"Global random","miR204_OFF",0,"APOPTOSIS","miR-204-5p inhibition"
509,"Global random","miR204_OFF",0,"APOPTOSIS","miR-204-5p inhibition"
811,"Global random","miR204_OFF",0,"APOPTOSIS","miR-204-5p inhibition"
101,"Resistant-local","miR204_OFF",0,"APOPTOSIS","miR-204-5p inhibition"
204,"Resistant-local","miR204_OFF",0,"APOPTOSIS","miR-204-5p inhibition"
307,"Resistant-local","miR204_OFF",0,"APOPTOSIS","miR-204-5p inhibition"
509,"Resistant-local","miR204_OFF",0,"APOPTOSIS","miR-204-5p inhibition"
811,"Resistant-local","miR204_OFF",0,"APOPTOSIS","miR-204-5p inhibition"
101,"Global random","miR204_ON",0,"APOPTOSIS","miR-204-5p activation"
204,"Global random","miR204_ON",0,"APOPTOSIS","miR-204-5p activation"
307,"Global random","miR204_ON",0,"APOPTOSIS","miR-204-5p activation"
509,"Global random","miR204_ON",0,"APOPTOSIS","miR-204-5p activation"
811,"Global random","miR204_ON",0,"APOPTOSIS","miR-204-5p activation"
101,"Resistant-local","miR204_ON",0,"APOPTOSIS","miR-204-5p activation"
204,"Resistant-local","miR204_ON",0,"APOPTOSIS","miR-204-5p activation"
307,"Resistant-local","miR204_ON",0,"APOPTOSIS","miR-204-5p activation"
509,"Resistant-local","miR204_ON",0,"APOPTOSIS","miR-204-5p activation"
811,"Resistant-local","miR204_ON",0,"APOPTOSIS","miR-204-5p activation"
101,"Global random","miR204_ON__SIRT1_ON",0,"APOPTOSIS","miR-204-5p activation + SIRT1 rescue"
204,"Global random","miR204_ON__SIRT1_ON",0,"APOPTOSIS","miR-204-5p activation + SIRT1 rescue"
307,"Global random","miR204_ON__SIRT1_ON",0,"APOPTOSIS","miR-204-5p activation + SIRT1 rescue"
509,"Global random","miR204_ON__SIRT1_ON",0,"APOPTOSIS","miR-204-5p activation + SIRT1 rescue"
811,"Global random","miR204_ON__SIRT1_ON",0,"APOPTOSIS","miR-204-5p activation + SIRT1 rescue"
101,"Resistant-local","miR204_ON__SIRT1_ON",0,"APOPTOSIS","miR-204-5p activation + SIRT1 rescue"
204,"Resistant-local","miR204_ON__SIRT1_ON",0,"APOPTOSIS","miR-204-5p activation + SIRT1 rescue"
307,"Resistant-local","miR204_ON__SIRT1_ON",0,"APOPTOSIS","miR-204-5p activation + SIRT1 rescue"
509,"Resistant-local","miR204_ON__SIRT1_ON",0,"APOPTOSIS","miR-204-5p activation + SIRT1 rescue"
811,"Resistant-local","miR204_ON__SIRT1_ON",0,"APOPTOSIS","miR-204-5p activation + SIRT1 rescue"
101,"Global random","p53_OFF",0,"APOPTOSIS","Active p53 inhibition"
204,"Global random","p53_OFF",0,"APOPTOSIS","Active p53 inhibition"
307,"Global random","p53_OFF",0,"APOPTOSIS","Active p53 inhibition"
509,"Global random","p53_OFF",0,"APOPTOSIS","Active p53 inhibition"
811,"Global random","p53_OFF",0,"APOPTOSIS","Active p53 inhibition"
101,"Resistant-local","p53_OFF",0,"APOPTOSIS","Active p53 inhibition"
204,"Resistant-local","p53_OFF",0,"APOPTOSIS","Active p53 inhibition"
307,"Resistant-local","p53_OFF",0,"APOPTOSIS","Active p53 inhibition"
509,"Resistant-local","p53_OFF",0,"APOPTOSIS","Active p53 inhibition"
811,"Resistant-local","p53_OFF",0,"APOPTOSIS","Active p53 inhibition"
101,"Global random","p53_ON",0,"APOPTOSIS","Active p53 activation"
204,"Global random","p53_ON",0,"APOPTOSIS","Active p53 activation"
307,"Global random","p53_ON",0,"APOPTOSIS","Active p53 activation"
509,"Global random","p53_ON",0,"APOPTOSIS","Active p53 activation"
811,"Global random","p53_ON",0,"APOPTOSIS","Active p53 activation"
101,"Resistant-local","p53_ON",0,"APOPTOSIS","Active p53 activation"
204,"Resistant-local","p53_ON",0,"APOPTOSIS","Active p53 activation"
307,"Resistant-local","p53_ON",0,"APOPTOSIS","Active p53 activation"
509,"Resistant-local","p53_ON",0,"APOPTOSIS","Active p53 activation"
811,"Resistant-local","p53_ON",0,"APOPTOSIS","Active p53 activation"
101,"Global random","p53_ON__CASP3_OFF",0,"APOPTOSIS","Active p53 activation + CASP3 inhibition"
204,"Global random","p53_ON__CASP3_OFF",0,"APOPTOSIS","Active p53 activation + CASP3 inhibition"
307,"Global random","p53_ON__CASP3_OFF",0,"APOPTOSIS","Active p53 activation + CASP3 inhibition"
509,"Global random","p53_ON__CASP3_OFF",0,"APOPTOSIS","Active p53 activation + CASP3 inhibition"
811,"Global random","p53_ON__CASP3_OFF",0,"APOPTOSIS","Active p53 activation + CASP3 inhibition"
101,"Resistant-local","p53_ON__CASP3_OFF",0,"APOPTOSIS","Active p53 activation + CASP3 inhibition"
204,"Resistant-local","p53_ON__CASP3_OFF",0,"APOPTOSIS","Active p53 activation + CASP3 inhibition"
307,"Resistant-local","p53_ON__CASP3_OFF",0,"APOPTOSIS","Active p53 activation + CASP3 inhibition"
509,"Resistant-local","p53_ON__CASP3_OFF",0,"APOPTOSIS","Active p53 activation + CASP3 inhibition"
811,"Resistant-local","p53_ON__CASP3_OFF",0,"APOPTOSIS","Active p53 activation + CASP3 inhibition"
101,"Global random","Reference",0,"APOPTOSIS","Reference: DDR ON + GSDME available"
204,"Global random","Reference",0,"APOPTOSIS","Reference: DDR ON + GSDME available"
307,"Global random","Reference",0,"APOPTOSIS","Reference: DDR ON + GSDME available"
509,"Global random","Reference",0,"APOPTOSIS","Reference: DDR ON + GSDME available"
811,"Global random","Reference",0,"APOPTOSIS","Reference: DDR ON + GSDME available"
101,"Resistant-local","Reference",0,"APOPTOSIS","Reference: DDR ON + GSDME available"
204,"Resistant-local","Reference",0,"APOPTOSIS","Reference: DDR ON + GSDME available"
307,"Resistant-local","Reference",0,"APOPTOSIS","Reference: DDR ON + GSDME available"
509,"Resistant-local","Reference",0,"APOPTOSIS","Reference: DDR ON + GSDME available"
811,"Resistant-local","Reference",0,"APOPTOSIS","Reference: DDR ON + GSDME available"
101,"Global random","SIRT1_OFF",0,"APOPTOSIS","SIRT1 inhibition"
204,"Global random","SIRT1_OFF",0,"APOPTOSIS","SIRT1 inhibition"
307,"Global random","SIRT1_OFF",0,"APOPTOSIS","SIRT1 inhibition"
509,"Global random","SIRT1_OFF",0,"APOPTOSIS","SIRT1 inhibition"
811,"Global random","SIRT1_OFF",0,"APOPTOSIS","SIRT1 inhibition"
101,"Resistant-local","SIRT1_OFF",0,"APOPTOSIS","SIRT1 inhibition"
204,"Resistant-local","SIRT1_OFF",0,"APOPTOSIS","SIRT1 inhibition"
307,"Resistant-local","SIRT1_OFF",0,"APOPTOSIS","SIRT1 inhibition"
509,"Resistant-local","SIRT1_OFF",0,"APOPTOSIS","SIRT1 inhibition"
811,"Resistant-local","SIRT1_OFF",0,"APOPTOSIS","SIRT1 inhibition"
101,"Global random","SIRT1_OFF__GSDME_OFF",1,"APOPTOSIS","SIRT1 inhibition + GSDME unavailable"
204,"Global random","SIRT1_OFF__GSDME_OFF",1,"APOPTOSIS","SIRT1 inhibition + GSDME unavailable"
307,"Global random","SIRT1_OFF__GSDME_OFF",1,"APOPTOSIS","SIRT1 inhibition + GSDME unavailable"
509,"Global random","SIRT1_OFF__GSDME_OFF",1,"APOPTOSIS","SIRT1 inhibition + GSDME unavailable"
811,"Global random","SIRT1_OFF__GSDME_OFF",1,"APOPTOSIS","SIRT1 inhibition + GSDME unavailable"
101,"Resistant-local","SIRT1_OFF__GSDME_OFF",1,"APOPTOSIS","SIRT1 inhibition + GSDME unavailable"
204,"Resistant-local","SIRT1_OFF__GSDME_OFF",1,"APOPTOSIS","SIRT1 inhibition + GSDME unavailable"
307,"Resistant-local","SIRT1_OFF__GSDME_OFF",1,"APOPTOSIS","SIRT1 inhibition + GSDME unavailable"
509,"Resistant-local","SIRT1_OFF__GSDME_OFF",1,"APOPTOSIS","SIRT1 inhibition + GSDME unavailable"
811,"Resistant-local","SIRT1_OFF__GSDME_OFF",1,"APOPTOSIS","SIRT1 inhibition + GSDME unavailable"
101,"Global random","SIRT1_OFF__p53_OFF",0,"APOPTOSIS","SIRT1 inhibition + active p53 inhibition"
204,"Global random","SIRT1_OFF__p53_OFF",0,"APOPTOSIS","SIRT1 inhibition + active p53 inhibition"
307,"Global random","SIRT1_OFF__p53_OFF",0,"APOPTOSIS","SIRT1 inhibition + active p53 inhibition"
509,"Global random","SIRT1_OFF__p53_OFF",0,"APOPTOSIS","SIRT1 inhibition + active p53 inhibition"
811,"Global random","SIRT1_OFF__p53_OFF",0,"APOPTOSIS","SIRT1 inhibition + active p53 inhibition"
101,"Resistant-local","SIRT1_OFF__p53_OFF",0,"APOPTOSIS","SIRT1 inhibition + active p53 inhibition"
204,"Resistant-local","SIRT1_OFF__p53_OFF",0,"APOPTOSIS","SIRT1 inhibition + active p53 inhibition"
307,"Resistant-local","SIRT1_OFF__p53_OFF",0,"APOPTOSIS","SIRT1 inhibition + active p53 inhibition"
509,"Resistant-local","SIRT1_OFF__p53_OFF",0,"APOPTOSIS","SIRT1 inhibition + active p53 inhibition"
811,"Resistant-local","SIRT1_OFF__p53_OFF",0,"APOPTOSIS","SIRT1 inhibition + active p53 inhibition"
101,"Global random","SIRT1_ON",0,"APOPTOSIS","SIRT1 activation"
204,"Global random","SIRT1_ON",0,"APOPTOSIS","SIRT1 activation"
307,"Global random","SIRT1_ON",0,"APOPTOSIS","SIRT1 activation"
509,"Global random","SIRT1_ON",0,"APOPTOSIS","SIRT1 activation"
811,"Global random","SIRT1_ON",0,"APOPTOSIS","SIRT1 activation"
101,"Resistant-local","SIRT1_ON",0,"APOPTOSIS","SIRT1 activation"
204,"Resistant-local","SIRT1_ON",0,"APOPTOSIS","SIRT1 activation"
307,"Resistant-local","SIRT1_ON",0,"APOPTOSIS","SIRT1 activation"
509,"Resistant-local","SIRT1_ON",0,"APOPTOSIS","SIRT1 activation"
811,"Resistant-local","SIRT1_ON",0,"APOPTOSIS","SIRT1 activation"
101,"Global random","CASP3_OFF",0.496,"SURVIVAL","CASP3 inhibition"
204,"Global random","CASP3_OFF",0.524,"SURVIVAL","CASP3 inhibition"
307,"Global random","CASP3_OFF",0.478,"SURVIVAL","CASP3 inhibition"
509,"Global random","CASP3_OFF",0.512,"SURVIVAL","CASP3 inhibition"
811,"Global random","CASP3_OFF",0.49,"SURVIVAL","CASP3 inhibition"
101,"Resistant-local","CASP3_OFF",0.926,"SURVIVAL","CASP3 inhibition"
204,"Resistant-local","CASP3_OFF",0.934,"SURVIVAL","CASP3 inhibition"
307,"Resistant-local","CASP3_OFF",0.916,"SURVIVAL","CASP3 inhibition"
509,"Resistant-local","CASP3_OFF",0.916,"SURVIVAL","CASP3 inhibition"
811,"Resistant-local","CASP3_OFF",0.922,"SURVIVAL","CASP3 inhibition"
101,"Global random","CASP3_ON",0,"SURVIVAL","CASP3 activation"
204,"Global random","CASP3_ON",0,"SURVIVAL","CASP3 activation"
307,"Global random","CASP3_ON",0,"SURVIVAL","CASP3 activation"
509,"Global random","CASP3_ON",0,"SURVIVAL","CASP3 activation"
811,"Global random","CASP3_ON",0,"SURVIVAL","CASP3 activation"
101,"Resistant-local","CASP3_ON",0,"SURVIVAL","CASP3 activation"
204,"Resistant-local","CASP3_ON",0,"SURVIVAL","CASP3 activation"
307,"Resistant-local","CASP3_ON",0,"SURVIVAL","CASP3 activation"
509,"Resistant-local","CASP3_ON",0,"SURVIVAL","CASP3 activation"
811,"Resistant-local","CASP3_ON",0,"SURVIVAL","CASP3 activation"
101,"Global random","CASP3_ON__GSDME_OFF",0,"SURVIVAL","CASP3 activation + GSDME unavailable"
204,"Global random","CASP3_ON__GSDME_OFF",0,"SURVIVAL","CASP3 activation + GSDME unavailable"
307,"Global random","CASP3_ON__GSDME_OFF",0,"SURVIVAL","CASP3 activation + GSDME unavailable"
509,"Global random","CASP3_ON__GSDME_OFF",0,"SURVIVAL","CASP3 activation + GSDME unavailable"
811,"Global random","CASP3_ON__GSDME_OFF",0,"SURVIVAL","CASP3 activation + GSDME unavailable"
101,"Resistant-local","CASP3_ON__GSDME_OFF",0,"SURVIVAL","CASP3 activation + GSDME unavailable"
204,"Resistant-local","CASP3_ON__GSDME_OFF",0,"SURVIVAL","CASP3 activation + GSDME unavailable"
307,"Resistant-local","CASP3_ON__GSDME_OFF",0,"SURVIVAL","CASP3 activation + GSDME unavailable"
509,"Resistant-local","CASP3_ON__GSDME_OFF",0,"SURVIVAL","CASP3 activation + GSDME unavailable"
811,"Resistant-local","CASP3_ON__GSDME_OFF",0,"SURVIVAL","CASP3 activation + GSDME unavailable"
101,"Global random","GSDME_OFF",0.49,"SURVIVAL","GSDME unavailable"
204,"Global random","GSDME_OFF",0.526,"SURVIVAL","GSDME unavailable"
307,"Global random","GSDME_OFF",0.502,"SURVIVAL","GSDME unavailable"
509,"Global random","GSDME_OFF",0.514,"SURVIVAL","GSDME unavailable"
811,"Global random","GSDME_OFF",0.492,"SURVIVAL","GSDME unavailable"
101,"Resistant-local","GSDME_OFF",0.926,"SURVIVAL","GSDME unavailable"
204,"Resistant-local","GSDME_OFF",0.938,"SURVIVAL","GSDME unavailable"
307,"Resistant-local","GSDME_OFF",0.916,"SURVIVAL","GSDME unavailable"
509,"Resistant-local","GSDME_OFF",0.92,"SURVIVAL","GSDME unavailable"
811,"Resistant-local","GSDME_OFF",0.92,"SURVIVAL","GSDME unavailable"
101,"Global random","MALAT1_OFF",0,"SURVIVAL","MALAT1 inhibition"
204,"Global random","MALAT1_OFF",0,"SURVIVAL","MALAT1 inhibition"
307,"Global random","MALAT1_OFF",0,"SURVIVAL","MALAT1 inhibition"
509,"Global random","MALAT1_OFF",0,"SURVIVAL","MALAT1 inhibition"
811,"Global random","MALAT1_OFF",0,"SURVIVAL","MALAT1 inhibition"
101,"Resistant-local","MALAT1_OFF",0,"SURVIVAL","MALAT1 inhibition"
204,"Resistant-local","MALAT1_OFF",0,"SURVIVAL","MALAT1 inhibition"
307,"Resistant-local","MALAT1_OFF",0,"SURVIVAL","MALAT1 inhibition"
509,"Resistant-local","MALAT1_OFF",0,"SURVIVAL","MALAT1 inhibition"
811,"Resistant-local","MALAT1_OFF",0,"SURVIVAL","MALAT1 inhibition"
101,"Global random","MALAT1_OFF__GSDME_OFF",0,"SURVIVAL","MALAT1 inhibition + GSDME unavailable"
204,"Global random","MALAT1_OFF__GSDME_OFF",0,"SURVIVAL","MALAT1 inhibition + GSDME unavailable"
307,"Global random","MALAT1_OFF__GSDME_OFF",0,"SURVIVAL","MALAT1 inhibition + GSDME unavailable"
509,"Global random","MALAT1_OFF__GSDME_OFF",0,"SURVIVAL","MALAT1 inhibition + GSDME unavailable"
811,"Global random","MALAT1_OFF__GSDME_OFF",0,"SURVIVAL","MALAT1 inhibition + GSDME unavailable"
101,"Resistant-local","MALAT1_OFF__GSDME_OFF",0,"SURVIVAL","MALAT1 inhibition + GSDME unavailable"
204,"Resistant-local","MALAT1_OFF__GSDME_OFF",0,"SURVIVAL","MALAT1 inhibition + GSDME unavailable"
307,"Resistant-local","MALAT1_OFF__GSDME_OFF",0,"SURVIVAL","MALAT1 inhibition + GSDME unavailable"
509,"Resistant-local","MALAT1_OFF__GSDME_OFF",0,"SURVIVAL","MALAT1 inhibition + GSDME unavailable"
811,"Resistant-local","MALAT1_OFF__GSDME_OFF",0,"SURVIVAL","MALAT1 inhibition + GSDME unavailable"
101,"Global random","MALAT1_OFF__miR204_OFF",1,"SURVIVAL","MALAT1 inhibition + miR-204-5p inhibition"
204,"Global random","MALAT1_OFF__miR204_OFF",1,"SURVIVAL","MALAT1 inhibition + miR-204-5p inhibition"
307,"Global random","MALAT1_OFF__miR204_OFF",1,"SURVIVAL","MALAT1 inhibition + miR-204-5p inhibition"
509,"Global random","MALAT1_OFF__miR204_OFF",1,"SURVIVAL","MALAT1 inhibition + miR-204-5p inhibition"
811,"Global random","MALAT1_OFF__miR204_OFF",1,"SURVIVAL","MALAT1 inhibition + miR-204-5p inhibition"
101,"Resistant-local","MALAT1_OFF__miR204_OFF",1,"SURVIVAL","MALAT1 inhibition + miR-204-5p inhibition"
204,"Resistant-local","MALAT1_OFF__miR204_OFF",1,"SURVIVAL","MALAT1 inhibition + miR-204-5p inhibition"
307,"Resistant-local","MALAT1_OFF__miR204_OFF",1,"SURVIVAL","MALAT1 inhibition + miR-204-5p inhibition"
509,"Resistant-local","MALAT1_OFF__miR204_OFF",1,"SURVIVAL","MALAT1 inhibition + miR-204-5p inhibition"
811,"Resistant-local","MALAT1_OFF__miR204_OFF",1,"SURVIVAL","MALAT1 inhibition + miR-204-5p inhibition"
101,"Global random","MALAT1_OFF__SIRT1_ON",1,"SURVIVAL","MALAT1 inhibition + SIRT1 rescue"
204,"Global random","MALAT1_OFF__SIRT1_ON",1,"SURVIVAL","MALAT1 inhibition + SIRT1 rescue"
307,"Global random","MALAT1_OFF__SIRT1_ON",1,"SURVIVAL","MALAT1 inhibition + SIRT1 rescue"
509,"Global random","MALAT1_OFF__SIRT1_ON",1,"SURVIVAL","MALAT1 inhibition + SIRT1 rescue"
811,"Global random","MALAT1_OFF__SIRT1_ON",1,"SURVIVAL","MALAT1 inhibition + SIRT1 rescue"
101,"Resistant-local","MALAT1_OFF__SIRT1_ON",1,"SURVIVAL","MALAT1 inhibition + SIRT1 rescue"
204,"Resistant-local","MALAT1_OFF__SIRT1_ON",1,"SURVIVAL","MALAT1 inhibition + SIRT1 rescue"
307,"Resistant-local","MALAT1_OFF__SIRT1_ON",1,"SURVIVAL","MALAT1 inhibition + SIRT1 rescue"
509,"Resistant-local","MALAT1_OFF__SIRT1_ON",1,"SURVIVAL","MALAT1 inhibition + SIRT1 rescue"
811,"Resistant-local","MALAT1_OFF__SIRT1_ON",1,"SURVIVAL","MALAT1 inhibition + SIRT1 rescue"
101,"Global random","miR204_OFF",1,"SURVIVAL","miR-204-5p inhibition"
204,"Global random","miR204_OFF",1,"SURVIVAL","miR-204-5p inhibition"
307,"Global random","miR204_OFF",1,"SURVIVAL","miR-204-5p inhibition"
509,"Global random","miR204_OFF",1,"SURVIVAL","miR-204-5p inhibition"
811,"Global random","miR204_OFF",1,"SURVIVAL","miR-204-5p inhibition"
101,"Resistant-local","miR204_OFF",1,"SURVIVAL","miR-204-5p inhibition"
204,"Resistant-local","miR204_OFF",1,"SURVIVAL","miR-204-5p inhibition"
307,"Resistant-local","miR204_OFF",1,"SURVIVAL","miR-204-5p inhibition"
509,"Resistant-local","miR204_OFF",1,"SURVIVAL","miR-204-5p inhibition"
811,"Resistant-local","miR204_OFF",1,"SURVIVAL","miR-204-5p inhibition"
101,"Global random","miR204_ON",0,"SURVIVAL","miR-204-5p activation"
204,"Global random","miR204_ON",0,"SURVIVAL","miR-204-5p activation"
307,"Global random","miR204_ON",0,"SURVIVAL","miR-204-5p activation"
509,"Global random","miR204_ON",0,"SURVIVAL","miR-204-5p activation"
811,"Global random","miR204_ON",0,"SURVIVAL","miR-204-5p activation"
101,"Resistant-local","miR204_ON",0,"SURVIVAL","miR-204-5p activation"
204,"Resistant-local","miR204_ON",0,"SURVIVAL","miR-204-5p activation"
307,"Resistant-local","miR204_ON",0,"SURVIVAL","miR-204-5p activation"
509,"Resistant-local","miR204_ON",0,"SURVIVAL","miR-204-5p activation"
811,"Resistant-local","miR204_ON",0,"SURVIVAL","miR-204-5p activation"
101,"Global random","miR204_ON__SIRT1_ON",1,"SURVIVAL","miR-204-5p activation + SIRT1 rescue"
204,"Global random","miR204_ON__SIRT1_ON",1,"SURVIVAL","miR-204-5p activation + SIRT1 rescue"
307,"Global random","miR204_ON__SIRT1_ON",1,"SURVIVAL","miR-204-5p activation + SIRT1 rescue"
509,"Global random","miR204_ON__SIRT1_ON",1,"SURVIVAL","miR-204-5p activation + SIRT1 rescue"
811,"Global random","miR204_ON__SIRT1_ON",1,"SURVIVAL","miR-204-5p activation + SIRT1 rescue"
101,"Resistant-local","miR204_ON__SIRT1_ON",1,"SURVIVAL","miR-204-5p activation + SIRT1 rescue"
204,"Resistant-local","miR204_ON__SIRT1_ON",1,"SURVIVAL","miR-204-5p activation + SIRT1 rescue"
307,"Resistant-local","miR204_ON__SIRT1_ON",1,"SURVIVAL","miR-204-5p activation + SIRT1 rescue"
509,"Resistant-local","miR204_ON__SIRT1_ON",1,"SURVIVAL","miR-204-5p activation + SIRT1 rescue"
811,"Resistant-local","miR204_ON__SIRT1_ON",1,"SURVIVAL","miR-204-5p activation + SIRT1 rescue"
101,"Global random","p53_OFF",1,"SURVIVAL","Active p53 inhibition"
204,"Global random","p53_OFF",1,"SURVIVAL","Active p53 inhibition"
307,"Global random","p53_OFF",1,"SURVIVAL","Active p53 inhibition"
509,"Global random","p53_OFF",1,"SURVIVAL","Active p53 inhibition"
811,"Global random","p53_OFF",1,"SURVIVAL","Active p53 inhibition"
101,"Resistant-local","p53_OFF",1,"SURVIVAL","Active p53 inhibition"
204,"Resistant-local","p53_OFF",1,"SURVIVAL","Active p53 inhibition"
307,"Resistant-local","p53_OFF",1,"SURVIVAL","Active p53 inhibition"
509,"Resistant-local","p53_OFF",1,"SURVIVAL","Active p53 inhibition"
811,"Resistant-local","p53_OFF",1,"SURVIVAL","Active p53 inhibition"
101,"Global random","p53_ON",0,"SURVIVAL","Active p53 activation"
204,"Global random","p53_ON",0,"SURVIVAL","Active p53 activation"
307,"Global random","p53_ON",0,"SURVIVAL","Active p53 activation"
509,"Global random","p53_ON",0,"SURVIVAL","Active p53 activation"
811,"Global random","p53_ON",0,"SURVIVAL","Active p53 activation"
101,"Resistant-local","p53_ON",0,"SURVIVAL","Active p53 activation"
204,"Resistant-local","p53_ON",0,"SURVIVAL","Active p53 activation"
307,"Resistant-local","p53_ON",0,"SURVIVAL","Active p53 activation"
509,"Resistant-local","p53_ON",0,"SURVIVAL","Active p53 activation"
811,"Resistant-local","p53_ON",0,"SURVIVAL","Active p53 activation"
101,"Global random","p53_ON__CASP3_OFF",0,"SURVIVAL","Active p53 activation + CASP3 inhibition"
204,"Global random","p53_ON__CASP3_OFF",0,"SURVIVAL","Active p53 activation + CASP3 inhibition"
307,"Global random","p53_ON__CASP3_OFF",0,"SURVIVAL","Active p53 activation + CASP3 inhibition"
509,"Global random","p53_ON__CASP3_OFF",0,"SURVIVAL","Active p53 activation + CASP3 inhibition"
811,"Global random","p53_ON__CASP3_OFF",0,"SURVIVAL","Active p53 activation + CASP3 inhibition"
101,"Resistant-local","p53_ON__CASP3_OFF",0,"SURVIVAL","Active p53 activation + CASP3 inhibition"
204,"Resistant-local","p53_ON__CASP3_OFF",0,"SURVIVAL","Active p53 activation + CASP3 inhibition"
307,"Resistant-local","p53_ON__CASP3_OFF",0,"SURVIVAL","Active p53 activation + CASP3 inhibition"
509,"Resistant-local","p53_ON__CASP3_OFF",0,"SURVIVAL","Active p53 activation + CASP3 inhibition"
811,"Resistant-local","p53_ON__CASP3_OFF",0,"SURVIVAL","Active p53 activation + CASP3 inhibition"
101,"Global random","Reference",0.51,"SURVIVAL","Reference: DDR ON + GSDME available"
204,"Global random","Reference",0.502,"SURVIVAL","Reference: DDR ON + GSDME available"
307,"Global random","Reference",0.488,"SURVIVAL","Reference: DDR ON + GSDME available"
509,"Global random","Reference",0.54,"SURVIVAL","Reference: DDR ON + GSDME available"
811,"Global random","Reference",0.496,"SURVIVAL","Reference: DDR ON + GSDME available"
101,"Resistant-local","Reference",0.928,"SURVIVAL","Reference: DDR ON + GSDME available"
204,"Resistant-local","Reference",0.934,"SURVIVAL","Reference: DDR ON + GSDME available"
307,"Resistant-local","Reference",0.904,"SURVIVAL","Reference: DDR ON + GSDME available"
509,"Resistant-local","Reference",0.92,"SURVIVAL","Reference: DDR ON + GSDME available"
811,"Resistant-local","Reference",0.914,"SURVIVAL","Reference: DDR ON + GSDME available"
101,"Global random","SIRT1_OFF",0,"SURVIVAL","SIRT1 inhibition"
204,"Global random","SIRT1_OFF",0,"SURVIVAL","SIRT1 inhibition"
307,"Global random","SIRT1_OFF",0,"SURVIVAL","SIRT1 inhibition"
509,"Global random","SIRT1_OFF",0,"SURVIVAL","SIRT1 inhibition"
811,"Global random","SIRT1_OFF",0,"SURVIVAL","SIRT1 inhibition"
101,"Resistant-local","SIRT1_OFF",0,"SURVIVAL","SIRT1 inhibition"
204,"Resistant-local","SIRT1_OFF",0,"SURVIVAL","SIRT1 inhibition"
307,"Resistant-local","SIRT1_OFF",0,"SURVIVAL","SIRT1 inhibition"
509,"Resistant-local","SIRT1_OFF",0,"SURVIVAL","SIRT1 inhibition"
811,"Resistant-local","SIRT1_OFF",0,"SURVIVAL","SIRT1 inhibition"
101,"Global random","SIRT1_OFF__GSDME_OFF",0,"SURVIVAL","SIRT1 inhibition + GSDME unavailable"
204,"Global random","SIRT1_OFF__GSDME_OFF",0,"SURVIVAL","SIRT1 inhibition + GSDME unavailable"
307,"Global random","SIRT1_OFF__GSDME_OFF",0,"SURVIVAL","SIRT1 inhibition + GSDME unavailable"
509,"Global random","SIRT1_OFF__GSDME_OFF",0,"SURVIVAL","SIRT1 inhibition + GSDME unavailable"
811,"Global random","SIRT1_OFF__GSDME_OFF",0,"SURVIVAL","SIRT1 inhibition + GSDME unavailable"
101,"Resistant-local","SIRT1_OFF__GSDME_OFF",0,"SURVIVAL","SIRT1 inhibition + GSDME unavailable"
204,"Resistant-local","SIRT1_OFF__GSDME_OFF",0,"SURVIVAL","SIRT1 inhibition + GSDME unavailable"
307,"Resistant-local","SIRT1_OFF__GSDME_OFF",0,"SURVIVAL","SIRT1 inhibition + GSDME unavailable"
509,"Resistant-local","SIRT1_OFF__GSDME_OFF",0,"SURVIVAL","SIRT1 inhibition + GSDME unavailable"
811,"Resistant-local","SIRT1_OFF__GSDME_OFF",0,"SURVIVAL","SIRT1 inhibition + GSDME unavailable"
101,"Global random","SIRT1_OFF__p53_OFF",0,"SURVIVAL","SIRT1 inhibition + active p53 inhibition"
204,"Global random","SIRT1_OFF__p53_OFF",0,"SURVIVAL","SIRT1 inhibition + active p53 inhibition"
307,"Global random","SIRT1_OFF__p53_OFF",0,"SURVIVAL","SIRT1 inhibition + active p53 inhibition"
509,"Global random","SIRT1_OFF__p53_OFF",0,"SURVIVAL","SIRT1 inhibition + active p53 inhibition"
811,"Global random","SIRT1_OFF__p53_OFF",0,"SURVIVAL","SIRT1 inhibition + active p53 inhibition"
101,"Resistant-local","SIRT1_OFF__p53_OFF",0,"SURVIVAL","SIRT1 inhibition + active p53 inhibition"
204,"Resistant-local","SIRT1_OFF__p53_OFF",0,"SURVIVAL","SIRT1 inhibition + active p53 inhibition"
307,"Resistant-local","SIRT1_OFF__p53_OFF",0,"SURVIVAL","SIRT1 inhibition + active p53 inhibition"
509,"Resistant-local","SIRT1_OFF__p53_OFF",0,"SURVIVAL","SIRT1 inhibition + active p53 inhibition"
811,"Resistant-local","SIRT1_OFF__p53_OFF",0,"SURVIVAL","SIRT1 inhibition + active p53 inhibition"
101,"Global random","SIRT1_ON",1,"SURVIVAL","SIRT1 activation"
204,"Global random","SIRT1_ON",1,"SURVIVAL","SIRT1 activation"
307,"Global random","SIRT1_ON",1,"SURVIVAL","SIRT1 activation"
509,"Global random","SIRT1_ON",1,"SURVIVAL","SIRT1 activation"
811,"Global random","SIRT1_ON",1,"SURVIVAL","SIRT1 activation"
101,"Resistant-local","SIRT1_ON",1,"SURVIVAL","SIRT1 activation"
204,"Resistant-local","SIRT1_ON",1,"SURVIVAL","SIRT1 activation"
307,"Resistant-local","SIRT1_ON",1,"SURVIVAL","SIRT1 activation"
509,"Resistant-local","SIRT1_ON",1,"SURVIVAL","SIRT1 activation"
811,"Resistant-local","SIRT1_ON",1,"SURVIVAL","SIRT1 activation"
101,"Global random","CASP3_OFF",0.496,"RESISTANCE","CASP3 inhibition"
204,"Global random","CASP3_OFF",0.524,"RESISTANCE","CASP3 inhibition"
307,"Global random","CASP3_OFF",0.478,"RESISTANCE","CASP3 inhibition"
509,"Global random","CASP3_OFF",0.512,"RESISTANCE","CASP3 inhibition"
811,"Global random","CASP3_OFF",0.49,"RESISTANCE","CASP3 inhibition"
101,"Resistant-local","CASP3_OFF",0.928,"RESISTANCE","CASP3 inhibition"
204,"Resistant-local","CASP3_OFF",0.934,"RESISTANCE","CASP3 inhibition"
307,"Resistant-local","CASP3_OFF",0.916,"RESISTANCE","CASP3 inhibition"
509,"Resistant-local","CASP3_OFF",0.916,"RESISTANCE","CASP3 inhibition"
811,"Resistant-local","CASP3_OFF",0.922,"RESISTANCE","CASP3 inhibition"
101,"Global random","CASP3_ON",0,"RESISTANCE","CASP3 activation"
204,"Global random","CASP3_ON",0,"RESISTANCE","CASP3 activation"
307,"Global random","CASP3_ON",0,"RESISTANCE","CASP3 activation"
509,"Global random","CASP3_ON",0,"RESISTANCE","CASP3 activation"
811,"Global random","CASP3_ON",0,"RESISTANCE","CASP3 activation"
101,"Resistant-local","CASP3_ON",0,"RESISTANCE","CASP3 activation"
204,"Resistant-local","CASP3_ON",0,"RESISTANCE","CASP3 activation"
307,"Resistant-local","CASP3_ON",0,"RESISTANCE","CASP3 activation"
509,"Resistant-local","CASP3_ON",0,"RESISTANCE","CASP3 activation"
811,"Resistant-local","CASP3_ON",0,"RESISTANCE","CASP3 activation"
101,"Global random","CASP3_ON__GSDME_OFF",0,"RESISTANCE","CASP3 activation + GSDME unavailable"
204,"Global random","CASP3_ON__GSDME_OFF",0,"RESISTANCE","CASP3 activation + GSDME unavailable"
307,"Global random","CASP3_ON__GSDME_OFF",0,"RESISTANCE","CASP3 activation + GSDME unavailable"
509,"Global random","CASP3_ON__GSDME_OFF",0,"RESISTANCE","CASP3 activation + GSDME unavailable"
811,"Global random","CASP3_ON__GSDME_OFF",0,"RESISTANCE","CASP3 activation + GSDME unavailable"
101,"Resistant-local","CASP3_ON__GSDME_OFF",0,"RESISTANCE","CASP3 activation + GSDME unavailable"
204,"Resistant-local","CASP3_ON__GSDME_OFF",0,"RESISTANCE","CASP3 activation + GSDME unavailable"
307,"Resistant-local","CASP3_ON__GSDME_OFF",0,"RESISTANCE","CASP3 activation + GSDME unavailable"
509,"Resistant-local","CASP3_ON__GSDME_OFF",0,"RESISTANCE","CASP3 activation + GSDME unavailable"
811,"Resistant-local","CASP3_ON__GSDME_OFF",0,"RESISTANCE","CASP3 activation + GSDME unavailable"
101,"Global random","GSDME_OFF",0.49,"RESISTANCE","GSDME unavailable"
204,"Global random","GSDME_OFF",0.526,"RESISTANCE","GSDME unavailable"
307,"Global random","GSDME_OFF",0.502,"RESISTANCE","GSDME unavailable"
509,"Global random","GSDME_OFF",0.514,"RESISTANCE","GSDME unavailable"
811,"Global random","GSDME_OFF",0.492,"RESISTANCE","GSDME unavailable"
101,"Resistant-local","GSDME_OFF",0.928,"RESISTANCE","GSDME unavailable"
204,"Resistant-local","GSDME_OFF",0.938,"RESISTANCE","GSDME unavailable"
307,"Resistant-local","GSDME_OFF",0.916,"RESISTANCE","GSDME unavailable"
509,"Resistant-local","GSDME_OFF",0.92,"RESISTANCE","GSDME unavailable"
811,"Resistant-local","GSDME_OFF",0.92,"RESISTANCE","GSDME unavailable"
101,"Global random","MALAT1_OFF",0,"RESISTANCE","MALAT1 inhibition"
204,"Global random","MALAT1_OFF",0,"RESISTANCE","MALAT1 inhibition"
307,"Global random","MALAT1_OFF",0,"RESISTANCE","MALAT1 inhibition"
509,"Global random","MALAT1_OFF",0,"RESISTANCE","MALAT1 inhibition"
811,"Global random","MALAT1_OFF",0,"RESISTANCE","MALAT1 inhibition"
101,"Resistant-local","MALAT1_OFF",0,"RESISTANCE","MALAT1 inhibition"
204,"Resistant-local","MALAT1_OFF",0,"RESISTANCE","MALAT1 inhibition"
307,"Resistant-local","MALAT1_OFF",0,"RESISTANCE","MALAT1 inhibition"
509,"Resistant-local","MALAT1_OFF",0,"RESISTANCE","MALAT1 inhibition"
811,"Resistant-local","MALAT1_OFF",0,"RESISTANCE","MALAT1 inhibition"
101,"Global random","MALAT1_OFF__GSDME_OFF",0,"RESISTANCE","MALAT1 inhibition + GSDME unavailable"
204,"Global random","MALAT1_OFF__GSDME_OFF",0,"RESISTANCE","MALAT1 inhibition + GSDME unavailable"
307,"Global random","MALAT1_OFF__GSDME_OFF",0,"RESISTANCE","MALAT1 inhibition + GSDME unavailable"
509,"Global random","MALAT1_OFF__GSDME_OFF",0,"RESISTANCE","MALAT1 inhibition + GSDME unavailable"
811,"Global random","MALAT1_OFF__GSDME_OFF",0,"RESISTANCE","MALAT1 inhibition + GSDME unavailable"
101,"Resistant-local","MALAT1_OFF__GSDME_OFF",0,"RESISTANCE","MALAT1 inhibition + GSDME unavailable"
204,"Resistant-local","MALAT1_OFF__GSDME_OFF",0,"RESISTANCE","MALAT1 inhibition + GSDME unavailable"
307,"Resistant-local","MALAT1_OFF__GSDME_OFF",0,"RESISTANCE","MALAT1 inhibition + GSDME unavailable"
509,"Resistant-local","MALAT1_OFF__GSDME_OFF",0,"RESISTANCE","MALAT1 inhibition + GSDME unavailable"
811,"Resistant-local","MALAT1_OFF__GSDME_OFF",0,"RESISTANCE","MALAT1 inhibition + GSDME unavailable"
101,"Global random","MALAT1_OFF__miR204_OFF",1,"RESISTANCE","MALAT1 inhibition + miR-204-5p inhibition"
204,"Global random","MALAT1_OFF__miR204_OFF",1,"RESISTANCE","MALAT1 inhibition + miR-204-5p inhibition"
307,"Global random","MALAT1_OFF__miR204_OFF",1,"RESISTANCE","MALAT1 inhibition + miR-204-5p inhibition"
509,"Global random","MALAT1_OFF__miR204_OFF",1,"RESISTANCE","MALAT1 inhibition + miR-204-5p inhibition"
811,"Global random","MALAT1_OFF__miR204_OFF",1,"RESISTANCE","MALAT1 inhibition + miR-204-5p inhibition"
101,"Resistant-local","MALAT1_OFF__miR204_OFF",1,"RESISTANCE","MALAT1 inhibition + miR-204-5p inhibition"
204,"Resistant-local","MALAT1_OFF__miR204_OFF",1,"RESISTANCE","MALAT1 inhibition + miR-204-5p inhibition"
307,"Resistant-local","MALAT1_OFF__miR204_OFF",1,"RESISTANCE","MALAT1 inhibition + miR-204-5p inhibition"
509,"Resistant-local","MALAT1_OFF__miR204_OFF",1,"RESISTANCE","MALAT1 inhibition + miR-204-5p inhibition"
811,"Resistant-local","MALAT1_OFF__miR204_OFF",1,"RESISTANCE","MALAT1 inhibition + miR-204-5p inhibition"
101,"Global random","MALAT1_OFF__SIRT1_ON",1,"RESISTANCE","MALAT1 inhibition + SIRT1 rescue"
204,"Global random","MALAT1_OFF__SIRT1_ON",1,"RESISTANCE","MALAT1 inhibition + SIRT1 rescue"
307,"Global random","MALAT1_OFF__SIRT1_ON",1,"RESISTANCE","MALAT1 inhibition + SIRT1 rescue"
509,"Global random","MALAT1_OFF__SIRT1_ON",1,"RESISTANCE","MALAT1 inhibition + SIRT1 rescue"
811,"Global random","MALAT1_OFF__SIRT1_ON",1,"RESISTANCE","MALAT1 inhibition + SIRT1 rescue"
101,"Resistant-local","MALAT1_OFF__SIRT1_ON",1,"RESISTANCE","MALAT1 inhibition + SIRT1 rescue"
204,"Resistant-local","MALAT1_OFF__SIRT1_ON",1,"RESISTANCE","MALAT1 inhibition + SIRT1 rescue"
307,"Resistant-local","MALAT1_OFF__SIRT1_ON",1,"RESISTANCE","MALAT1 inhibition + SIRT1 rescue"
509,"Resistant-local","MALAT1_OFF__SIRT1_ON",1,"RESISTANCE","MALAT1 inhibition + SIRT1 rescue"
811,"Resistant-local","MALAT1_OFF__SIRT1_ON",1,"RESISTANCE","MALAT1 inhibition + SIRT1 rescue"
101,"Global random","miR204_OFF",1,"RESISTANCE","miR-204-5p inhibition"
204,"Global random","miR204_OFF",1,"RESISTANCE","miR-204-5p inhibition"
307,"Global random","miR204_OFF",1,"RESISTANCE","miR-204-5p inhibition"
509,"Global random","miR204_OFF",1,"RESISTANCE","miR-204-5p inhibition"
811,"Global random","miR204_OFF",1,"RESISTANCE","miR-204-5p inhibition"
101,"Resistant-local","miR204_OFF",1,"RESISTANCE","miR-204-5p inhibition"
204,"Resistant-local","miR204_OFF",1,"RESISTANCE","miR-204-5p inhibition"
307,"Resistant-local","miR204_OFF",1,"RESISTANCE","miR-204-5p inhibition"
509,"Resistant-local","miR204_OFF",1,"RESISTANCE","miR-204-5p inhibition"
811,"Resistant-local","miR204_OFF",1,"RESISTANCE","miR-204-5p inhibition"
101,"Global random","miR204_ON",0,"RESISTANCE","miR-204-5p activation"
204,"Global random","miR204_ON",0,"RESISTANCE","miR-204-5p activation"
307,"Global random","miR204_ON",0,"RESISTANCE","miR-204-5p activation"
509,"Global random","miR204_ON",0,"RESISTANCE","miR-204-5p activation"
811,"Global random","miR204_ON",0,"RESISTANCE","miR-204-5p activation"
101,"Resistant-local","miR204_ON",0,"RESISTANCE","miR-204-5p activation"
204,"Resistant-local","miR204_ON",0,"RESISTANCE","miR-204-5p activation"
307,"Resistant-local","miR204_ON",0,"RESISTANCE","miR-204-5p activation"
509,"Resistant-local","miR204_ON",0,"RESISTANCE","miR-204-5p activation"
811,"Resistant-local","miR204_ON",0,"RESISTANCE","miR-204-5p activation"
101,"Global random","miR204_ON__SIRT1_ON",1,"RESISTANCE","miR-204-5p activation + SIRT1 rescue"
204,"Global random","miR204_ON__SIRT1_ON",1,"RESISTANCE","miR-204-5p activation + SIRT1 rescue"
307,"Global random","miR204_ON__SIRT1_ON",1,"RESISTANCE","miR-204-5p activation + SIRT1 rescue"
509,"Global random","miR204_ON__SIRT1_ON",1,"RESISTANCE","miR-204-5p activation + SIRT1 rescue"
811,"Global random","miR204_ON__SIRT1_ON",1,"RESISTANCE","miR-204-5p activation + SIRT1 rescue"
101,"Resistant-local","miR204_ON__SIRT1_ON",1,"RESISTANCE","miR-204-5p activation + SIRT1 rescue"
204,"Resistant-local","miR204_ON__SIRT1_ON",1,"RESISTANCE","miR-204-5p activation + SIRT1 rescue"
307,"Resistant-local","miR204_ON__SIRT1_ON",1,"RESISTANCE","miR-204-5p activation + SIRT1 rescue"
509,"Resistant-local","miR204_ON__SIRT1_ON",1,"RESISTANCE","miR-204-5p activation + SIRT1 rescue"
811,"Resistant-local","miR204_ON__SIRT1_ON",1,"RESISTANCE","miR-204-5p activation + SIRT1 rescue"
101,"Global random","p53_OFF",1,"RESISTANCE","Active p53 inhibition"
204,"Global random","p53_OFF",1,"RESISTANCE","Active p53 inhibition"
307,"Global random","p53_OFF",1,"RESISTANCE","Active p53 inhibition"
509,"Global random","p53_OFF",1,"RESISTANCE","Active p53 inhibition"
811,"Global random","p53_OFF",1,"RESISTANCE","Active p53 inhibition"
101,"Resistant-local","p53_OFF",1,"RESISTANCE","Active p53 inhibition"
204,"Resistant-local","p53_OFF",1,"RESISTANCE","Active p53 inhibition"
307,"Resistant-local","p53_OFF",1,"RESISTANCE","Active p53 inhibition"
509,"Resistant-local","p53_OFF",1,"RESISTANCE","Active p53 inhibition"
811,"Resistant-local","p53_OFF",1,"RESISTANCE","Active p53 inhibition"
101,"Global random","p53_ON",0,"RESISTANCE","Active p53 activation"
204,"Global random","p53_ON",0,"RESISTANCE","Active p53 activation"
307,"Global random","p53_ON",0,"RESISTANCE","Active p53 activation"
509,"Global random","p53_ON",0,"RESISTANCE","Active p53 activation"
811,"Global random","p53_ON",0,"RESISTANCE","Active p53 activation"
101,"Resistant-local","p53_ON",0,"RESISTANCE","Active p53 activation"
204,"Resistant-local","p53_ON",0,"RESISTANCE","Active p53 activation"
307,"Resistant-local","p53_ON",0,"RESISTANCE","Active p53 activation"
509,"Resistant-local","p53_ON",0,"RESISTANCE","Active p53 activation"
811,"Resistant-local","p53_ON",0,"RESISTANCE","Active p53 activation"
101,"Global random","p53_ON__CASP3_OFF",0,"RESISTANCE","Active p53 activation + CASP3 inhibition"
204,"Global random","p53_ON__CASP3_OFF",0,"RESISTANCE","Active p53 activation + CASP3 inhibition"
307,"Global random","p53_ON__CASP3_OFF",0,"RESISTANCE","Active p53 activation + CASP3 inhibition"
509,"Global random","p53_ON__CASP3_OFF",0,"RESISTANCE","Active p53 activation + CASP3 inhibition"
811,"Global random","p53_ON__CASP3_OFF",0,"RESISTANCE","Active p53 activation + CASP3 inhibition"
101,"Resistant-local","p53_ON__CASP3_OFF",0,"RESISTANCE","Active p53 activation + CASP3 inhibition"
204,"Resistant-local","p53_ON__CASP3_OFF",0,"RESISTANCE","Active p53 activation + CASP3 inhibition"
307,"Resistant-local","p53_ON__CASP3_OFF",0,"RESISTANCE","Active p53 activation + CASP3 inhibition"
509,"Resistant-local","p53_ON__CASP3_OFF",0,"RESISTANCE","Active p53 activation + CASP3 inhibition"
811,"Resistant-local","p53_ON__CASP3_OFF",0,"RESISTANCE","Active p53 activation + CASP3 inhibition"
101,"Global random","Reference",0.51,"RESISTANCE","Reference: DDR ON + GSDME available"
204,"Global random","Reference",0.502,"RESISTANCE","Reference: DDR ON + GSDME available"
307,"Global random","Reference",0.488,"RESISTANCE","Reference: DDR ON + GSDME available"
509,"Global random","Reference",0.54,"RESISTANCE","Reference: DDR ON + GSDME available"
811,"Global random","Reference",0.496,"RESISTANCE","Reference: DDR ON + GSDME available"
101,"Resistant-local","Reference",0.93,"RESISTANCE","Reference: DDR ON + GSDME available"
204,"Resistant-local","Reference",0.934,"RESISTANCE","Reference: DDR ON + GSDME available"
307,"Resistant-local","Reference",0.904,"RESISTANCE","Reference: DDR ON + GSDME available"
509,"Resistant-local","Reference",0.92,"RESISTANCE","Reference: DDR ON + GSDME available"
811,"Resistant-local","Reference",0.914,"RESISTANCE","Reference: DDR ON + GSDME available"
101,"Global random","SIRT1_OFF",0,"RESISTANCE","SIRT1 inhibition"
204,"Global random","SIRT1_OFF",0,"RESISTANCE","SIRT1 inhibition"
307,"Global random","SIRT1_OFF",0,"RESISTANCE","SIRT1 inhibition"
509,"Global random","SIRT1_OFF",0,"RESISTANCE","SIRT1 inhibition"
811,"Global random","SIRT1_OFF",0,"RESISTANCE","SIRT1 inhibition"
101,"Resistant-local","SIRT1_OFF",0,"RESISTANCE","SIRT1 inhibition"
204,"Resistant-local","SIRT1_OFF",0,"RESISTANCE","SIRT1 inhibition"
307,"Resistant-local","SIRT1_OFF",0,"RESISTANCE","SIRT1 inhibition"
509,"Resistant-local","SIRT1_OFF",0,"RESISTANCE","SIRT1 inhibition"
811,"Resistant-local","SIRT1_OFF",0,"RESISTANCE","SIRT1 inhibition"
101,"Global random","SIRT1_OFF__GSDME_OFF",0,"RESISTANCE","SIRT1 inhibition + GSDME unavailable"
204,"Global random","SIRT1_OFF__GSDME_OFF",0,"RESISTANCE","SIRT1 inhibition + GSDME unavailable"
307,"Global random","SIRT1_OFF__GSDME_OFF",0,"RESISTANCE","SIRT1 inhibition + GSDME unavailable"
509,"Global random","SIRT1_OFF__GSDME_OFF",0,"RESISTANCE","SIRT1 inhibition + GSDME unavailable"
811,"Global random","SIRT1_OFF__GSDME_OFF",0,"RESISTANCE","SIRT1 inhibition + GSDME unavailable"
101,"Resistant-local","SIRT1_OFF__GSDME_OFF",0,"RESISTANCE","SIRT1 inhibition + GSDME unavailable"
204,"Resistant-local","SIRT1_OFF__GSDME_OFF",0,"RESISTANCE","SIRT1 inhibition + GSDME unavailable"
307,"Resistant-local","SIRT1_OFF__GSDME_OFF",0,"RESISTANCE","SIRT1 inhibition + GSDME unavailable"
509,"Resistant-local","SIRT1_OFF__GSDME_OFF",0,"RESISTANCE","SIRT1 inhibition + GSDME unavailable"
811,"Resistant-local","SIRT1_OFF__GSDME_OFF",0,"RESISTANCE","SIRT1 inhibition + GSDME unavailable"
101,"Global random","SIRT1_OFF__p53_OFF",0,"RESISTANCE","SIRT1 inhibition + active p53 inhibition"
204,"Global random","SIRT1_OFF__p53_OFF",0,"RESISTANCE","SIRT1 inhibition + active p53 inhibition"
307,"Global random","SIRT1_OFF__p53_OFF",0,"RESISTANCE","SIRT1 inhibition + active p53 inhibition"
509,"Global random","SIRT1_OFF__p53_OFF",0,"RESISTANCE","SIRT1 inhibition + active p53 inhibition"
811,"Global random","SIRT1_OFF__p53_OFF",0,"RESISTANCE","SIRT1 inhibition + active p53 inhibition"
101,"Resistant-local","SIRT1_OFF__p53_OFF",0,"RESISTANCE","SIRT1 inhibition + active p53 inhibition"
204,"Resistant-local","SIRT1_OFF__p53_OFF",0,"RESISTANCE","SIRT1 inhibition + active p53 inhibition"
307,"Resistant-local","SIRT1_OFF__p53_OFF",0,"RESISTANCE","SIRT1 inhibition + active p53 inhibition"
509,"Resistant-local","SIRT1_OFF__p53_OFF",0,"RESISTANCE","SIRT1 inhibition + active p53 inhibition"
811,"Resistant-local","SIRT1_OFF__p53_OFF",0,"RESISTANCE","SIRT1 inhibition + active p53 inhibition"
101,"Global random","SIRT1_ON",1,"RESISTANCE","SIRT1 activation"
204,"Global random","SIRT1_ON",1,"RESISTANCE","SIRT1 activation"
307,"Global random","SIRT1_ON",1,"RESISTANCE","SIRT1 activation"
509,"Global random","SIRT1_ON",1,"RESISTANCE","SIRT1 activation"
811,"Global random","SIRT1_ON",1,"RESISTANCE","SIRT1 activation"
101,"Resistant-local","SIRT1_ON",1,"RESISTANCE","SIRT1 activation"
204,"Resistant-local","SIRT1_ON",1,"RESISTANCE","SIRT1 activation"
307,"Resistant-local","SIRT1_ON",1,"RESISTANCE","SIRT1 activation"
509,"Resistant-local","SIRT1_ON",1,"RESISTANCE","SIRT1 activation"
811,"Resistant-local","SIRT1_ON",1,"RESISTANCE","SIRT1 activation"
101,"Global random","CASP3_OFF",0,"PROLIFERATION","CASP3 inhibition"
204,"Global random","CASP3_OFF",0,"PROLIFERATION","CASP3 inhibition"
307,"Global random","CASP3_OFF",0,"PROLIFERATION","CASP3 inhibition"
509,"Global random","CASP3_OFF",0,"PROLIFERATION","CASP3 inhibition"
811,"Global random","CASP3_OFF",0,"PROLIFERATION","CASP3 inhibition"
101,"Resistant-local","CASP3_OFF",0,"PROLIFERATION","CASP3 inhibition"
204,"Resistant-local","CASP3_OFF",0,"PROLIFERATION","CASP3 inhibition"
307,"Resistant-local","CASP3_OFF",0,"PROLIFERATION","CASP3 inhibition"
509,"Resistant-local","CASP3_OFF",0,"PROLIFERATION","CASP3 inhibition"
811,"Resistant-local","CASP3_OFF",0,"PROLIFERATION","CASP3 inhibition"
101,"Global random","CASP3_ON",0,"PROLIFERATION","CASP3 activation"
204,"Global random","CASP3_ON",0,"PROLIFERATION","CASP3 activation"
307,"Global random","CASP3_ON",0,"PROLIFERATION","CASP3 activation"
509,"Global random","CASP3_ON",0,"PROLIFERATION","CASP3 activation"
811,"Global random","CASP3_ON",0,"PROLIFERATION","CASP3 activation"
101,"Resistant-local","CASP3_ON",0,"PROLIFERATION","CASP3 activation"
204,"Resistant-local","CASP3_ON",0,"PROLIFERATION","CASP3 activation"
307,"Resistant-local","CASP3_ON",0,"PROLIFERATION","CASP3 activation"
509,"Resistant-local","CASP3_ON",0,"PROLIFERATION","CASP3 activation"
811,"Resistant-local","CASP3_ON",0,"PROLIFERATION","CASP3 activation"
101,"Global random","CASP3_ON__GSDME_OFF",0,"PROLIFERATION","CASP3 activation + GSDME unavailable"
204,"Global random","CASP3_ON__GSDME_OFF",0,"PROLIFERATION","CASP3 activation + GSDME unavailable"
307,"Global random","CASP3_ON__GSDME_OFF",0,"PROLIFERATION","CASP3 activation + GSDME unavailable"
509,"Global random","CASP3_ON__GSDME_OFF",0,"PROLIFERATION","CASP3 activation + GSDME unavailable"
811,"Global random","CASP3_ON__GSDME_OFF",0,"PROLIFERATION","CASP3 activation + GSDME unavailable"
101,"Resistant-local","CASP3_ON__GSDME_OFF",0,"PROLIFERATION","CASP3 activation + GSDME unavailable"
204,"Resistant-local","CASP3_ON__GSDME_OFF",0,"PROLIFERATION","CASP3 activation + GSDME unavailable"
307,"Resistant-local","CASP3_ON__GSDME_OFF",0,"PROLIFERATION","CASP3 activation + GSDME unavailable"
509,"Resistant-local","CASP3_ON__GSDME_OFF",0,"PROLIFERATION","CASP3 activation + GSDME unavailable"
811,"Resistant-local","CASP3_ON__GSDME_OFF",0,"PROLIFERATION","CASP3 activation + GSDME unavailable"
101,"Global random","GSDME_OFF",0,"PROLIFERATION","GSDME unavailable"
204,"Global random","GSDME_OFF",0.002,"PROLIFERATION","GSDME unavailable"
307,"Global random","GSDME_OFF",0,"PROLIFERATION","GSDME unavailable"
509,"Global random","GSDME_OFF",0,"PROLIFERATION","GSDME unavailable"
811,"Global random","GSDME_OFF",0,"PROLIFERATION","GSDME unavailable"
101,"Resistant-local","GSDME_OFF",0,"PROLIFERATION","GSDME unavailable"
204,"Resistant-local","GSDME_OFF",0,"PROLIFERATION","GSDME unavailable"
307,"Resistant-local","GSDME_OFF",0,"PROLIFERATION","GSDME unavailable"
509,"Resistant-local","GSDME_OFF",0,"PROLIFERATION","GSDME unavailable"
811,"Resistant-local","GSDME_OFF",0,"PROLIFERATION","GSDME unavailable"
101,"Global random","MALAT1_OFF",0,"PROLIFERATION","MALAT1 inhibition"
204,"Global random","MALAT1_OFF",0,"PROLIFERATION","MALAT1 inhibition"
307,"Global random","MALAT1_OFF",0,"PROLIFERATION","MALAT1 inhibition"
509,"Global random","MALAT1_OFF",0,"PROLIFERATION","MALAT1 inhibition"
811,"Global random","MALAT1_OFF",0,"PROLIFERATION","MALAT1 inhibition"
101,"Resistant-local","MALAT1_OFF",0,"PROLIFERATION","MALAT1 inhibition"
204,"Resistant-local","MALAT1_OFF",0,"PROLIFERATION","MALAT1 inhibition"
307,"Resistant-local","MALAT1_OFF",0,"PROLIFERATION","MALAT1 inhibition"
509,"Resistant-local","MALAT1_OFF",0,"PROLIFERATION","MALAT1 inhibition"
811,"Resistant-local","MALAT1_OFF",0,"PROLIFERATION","MALAT1 inhibition"
101,"Global random","MALAT1_OFF__GSDME_OFF",0,"PROLIFERATION","MALAT1 inhibition + GSDME unavailable"
204,"Global random","MALAT1_OFF__GSDME_OFF",0,"PROLIFERATION","MALAT1 inhibition + GSDME unavailable"
307,"Global random","MALAT1_OFF__GSDME_OFF",0,"PROLIFERATION","MALAT1 inhibition + GSDME unavailable"
509,"Global random","MALAT1_OFF__GSDME_OFF",0,"PROLIFERATION","MALAT1 inhibition + GSDME unavailable"
811,"Global random","MALAT1_OFF__GSDME_OFF",0,"PROLIFERATION","MALAT1 inhibition + GSDME unavailable"
101,"Resistant-local","MALAT1_OFF__GSDME_OFF",0,"PROLIFERATION","MALAT1 inhibition + GSDME unavailable"
204,"Resistant-local","MALAT1_OFF__GSDME_OFF",0,"PROLIFERATION","MALAT1 inhibition + GSDME unavailable"
307,"Resistant-local","MALAT1_OFF__GSDME_OFF",0,"PROLIFERATION","MALAT1 inhibition + GSDME unavailable"
509,"Resistant-local","MALAT1_OFF__GSDME_OFF",0,"PROLIFERATION","MALAT1 inhibition + GSDME unavailable"
811,"Resistant-local","MALAT1_OFF__GSDME_OFF",0,"PROLIFERATION","MALAT1 inhibition + GSDME unavailable"
101,"Global random","MALAT1_OFF__miR204_OFF",0,"PROLIFERATION","MALAT1 inhibition + miR-204-5p inhibition"
204,"Global random","MALAT1_OFF__miR204_OFF",0,"PROLIFERATION","MALAT1 inhibition + miR-204-5p inhibition"
307,"Global random","MALAT1_OFF__miR204_OFF",0,"PROLIFERATION","MALAT1 inhibition + miR-204-5p inhibition"
509,"Global random","MALAT1_OFF__miR204_OFF",0,"PROLIFERATION","MALAT1 inhibition + miR-204-5p inhibition"
811,"Global random","MALAT1_OFF__miR204_OFF",0,"PROLIFERATION","MALAT1 inhibition + miR-204-5p inhibition"
101,"Resistant-local","MALAT1_OFF__miR204_OFF",0,"PROLIFERATION","MALAT1 inhibition + miR-204-5p inhibition"
204,"Resistant-local","MALAT1_OFF__miR204_OFF",0,"PROLIFERATION","MALAT1 inhibition + miR-204-5p inhibition"
307,"Resistant-local","MALAT1_OFF__miR204_OFF",0,"PROLIFERATION","MALAT1 inhibition + miR-204-5p inhibition"
509,"Resistant-local","MALAT1_OFF__miR204_OFF",0,"PROLIFERATION","MALAT1 inhibition + miR-204-5p inhibition"
811,"Resistant-local","MALAT1_OFF__miR204_OFF",0,"PROLIFERATION","MALAT1 inhibition + miR-204-5p inhibition"
101,"Global random","MALAT1_OFF__SIRT1_ON",0,"PROLIFERATION","MALAT1 inhibition + SIRT1 rescue"
204,"Global random","MALAT1_OFF__SIRT1_ON",0,"PROLIFERATION","MALAT1 inhibition + SIRT1 rescue"
307,"Global random","MALAT1_OFF__SIRT1_ON",0,"PROLIFERATION","MALAT1 inhibition + SIRT1 rescue"
509,"Global random","MALAT1_OFF__SIRT1_ON",0,"PROLIFERATION","MALAT1 inhibition + SIRT1 rescue"
811,"Global random","MALAT1_OFF__SIRT1_ON",0,"PROLIFERATION","MALAT1 inhibition + SIRT1 rescue"
101,"Resistant-local","MALAT1_OFF__SIRT1_ON",0,"PROLIFERATION","MALAT1 inhibition + SIRT1 rescue"
204,"Resistant-local","MALAT1_OFF__SIRT1_ON",0,"PROLIFERATION","MALAT1 inhibition + SIRT1 rescue"
307,"Resistant-local","MALAT1_OFF__SIRT1_ON",0,"PROLIFERATION","MALAT1 inhibition + SIRT1 rescue"
509,"Resistant-local","MALAT1_OFF__SIRT1_ON",0,"PROLIFERATION","MALAT1 inhibition + SIRT1 rescue"
811,"Resistant-local","MALAT1_OFF__SIRT1_ON",0,"PROLIFERATION","MALAT1 inhibition + SIRT1 rescue"
101,"Global random","miR204_OFF",0,"PROLIFERATION","miR-204-5p inhibition"
204,"Global random","miR204_OFF",0,"PROLIFERATION","miR-204-5p inhibition"
307,"Global random","miR204_OFF",0,"PROLIFERATION","miR-204-5p inhibition"
509,"Global random","miR204_OFF",0,"PROLIFERATION","miR-204-5p inhibition"
811,"Global random","miR204_OFF",0,"PROLIFERATION","miR-204-5p inhibition"
101,"Resistant-local","miR204_OFF",0,"PROLIFERATION","miR-204-5p inhibition"
204,"Resistant-local","miR204_OFF",0,"PROLIFERATION","miR-204-5p inhibition"
307,"Resistant-local","miR204_OFF",0,"PROLIFERATION","miR-204-5p inhibition"
509,"Resistant-local","miR204_OFF",0,"PROLIFERATION","miR-204-5p inhibition"
811,"Resistant-local","miR204_OFF",0,"PROLIFERATION","miR-204-5p inhibition"
101,"Global random","miR204_ON",0,"PROLIFERATION","miR-204-5p activation"
204,"Global random","miR204_ON",0,"PROLIFERATION","miR-204-5p activation"
307,"Global random","miR204_ON",0,"PROLIFERATION","miR-204-5p activation"
509,"Global random","miR204_ON",0,"PROLIFERATION","miR-204-5p activation"
811,"Global random","miR204_ON",0,"PROLIFERATION","miR-204-5p activation"
101,"Resistant-local","miR204_ON",0,"PROLIFERATION","miR-204-5p activation"
204,"Resistant-local","miR204_ON",0,"PROLIFERATION","miR-204-5p activation"
307,"Resistant-local","miR204_ON",0,"PROLIFERATION","miR-204-5p activation"
509,"Resistant-local","miR204_ON",0,"PROLIFERATION","miR-204-5p activation"
811,"Resistant-local","miR204_ON",0,"PROLIFERATION","miR-204-5p activation"
101,"Global random","miR204_ON__SIRT1_ON",0,"PROLIFERATION","miR-204-5p activation + SIRT1 rescue"
204,"Global random","miR204_ON__SIRT1_ON",0,"PROLIFERATION","miR-204-5p activation + SIRT1 rescue"
307,"Global random","miR204_ON__SIRT1_ON",0,"PROLIFERATION","miR-204-5p activation + SIRT1 rescue"
509,"Global random","miR204_ON__SIRT1_ON",0,"PROLIFERATION","miR-204-5p activation + SIRT1 rescue"
811,"Global random","miR204_ON__SIRT1_ON",0,"PROLIFERATION","miR-204-5p activation + SIRT1 rescue"
101,"Resistant-local","miR204_ON__SIRT1_ON",0,"PROLIFERATION","miR-204-5p activation + SIRT1 rescue"
204,"Resistant-local","miR204_ON__SIRT1_ON",0,"PROLIFERATION","miR-204-5p activation + SIRT1 rescue"
307,"Resistant-local","miR204_ON__SIRT1_ON",0,"PROLIFERATION","miR-204-5p activation + SIRT1 rescue"
509,"Resistant-local","miR204_ON__SIRT1_ON",0,"PROLIFERATION","miR-204-5p activation + SIRT1 rescue"
811,"Resistant-local","miR204_ON__SIRT1_ON",0,"PROLIFERATION","miR-204-5p activation + SIRT1 rescue"
101,"Global random","p53_OFF",0,"PROLIFERATION","Active p53 inhibition"
204,"Global random","p53_OFF",0,"PROLIFERATION","Active p53 inhibition"
307,"Global random","p53_OFF",0,"PROLIFERATION","Active p53 inhibition"
509,"Global random","p53_OFF",0,"PROLIFERATION","Active p53 inhibition"
811,"Global random","p53_OFF",0,"PROLIFERATION","Active p53 inhibition"
101,"Resistant-local","p53_OFF",0,"PROLIFERATION","Active p53 inhibition"
204,"Resistant-local","p53_OFF",0,"PROLIFERATION","Active p53 inhibition"
307,"Resistant-local","p53_OFF",0,"PROLIFERATION","Active p53 inhibition"
509,"Resistant-local","p53_OFF",0,"PROLIFERATION","Active p53 inhibition"
811,"Resistant-local","p53_OFF",0,"PROLIFERATION","Active p53 inhibition"
101,"Global random","p53_ON",0,"PROLIFERATION","Active p53 activation"
204,"Global random","p53_ON",0,"PROLIFERATION","Active p53 activation"
307,"Global random","p53_ON",0,"PROLIFERATION","Active p53 activation"
509,"Global random","p53_ON",0,"PROLIFERATION","Active p53 activation"
811,"Global random","p53_ON",0,"PROLIFERATION","Active p53 activation"
101,"Resistant-local","p53_ON",0,"PROLIFERATION","Active p53 activation"
204,"Resistant-local","p53_ON",0,"PROLIFERATION","Active p53 activation"
307,"Resistant-local","p53_ON",0,"PROLIFERATION","Active p53 activation"
509,"Resistant-local","p53_ON",0,"PROLIFERATION","Active p53 activation"
811,"Resistant-local","p53_ON",0,"PROLIFERATION","Active p53 activation"
101,"Global random","p53_ON__CASP3_OFF",0,"PROLIFERATION","Active p53 activation + CASP3 inhibition"
204,"Global random","p53_ON__CASP3_OFF",0,"PROLIFERATION","Active p53 activation + CASP3 inhibition"
307,"Global random","p53_ON__CASP3_OFF",0,"PROLIFERATION","Active p53 activation + CASP3 inhibition"
509,"Global random","p53_ON__CASP3_OFF",0,"PROLIFERATION","Active p53 activation + CASP3 inhibition"
811,"Global random","p53_ON__CASP3_OFF",0,"PROLIFERATION","Active p53 activation + CASP3 inhibition"
101,"Resistant-local","p53_ON__CASP3_OFF",0,"PROLIFERATION","Active p53 activation + CASP3 inhibition"
204,"Resistant-local","p53_ON__CASP3_OFF",0,"PROLIFERATION","Active p53 activation + CASP3 inhibition"
307,"Resistant-local","p53_ON__CASP3_OFF",0,"PROLIFERATION","Active p53 activation + CASP3 inhibition"
509,"Resistant-local","p53_ON__CASP3_OFF",0,"PROLIFERATION","Active p53 activation + CASP3 inhibition"
811,"Resistant-local","p53_ON__CASP3_OFF",0,"PROLIFERATION","Active p53 activation + CASP3 inhibition"
101,"Global random","Reference",0,"PROLIFERATION","Reference: DDR ON + GSDME available"
204,"Global random","Reference",0,"PROLIFERATION","Reference: DDR ON + GSDME available"
307,"Global random","Reference",0,"PROLIFERATION","Reference: DDR ON + GSDME available"
509,"Global random","Reference",0,"PROLIFERATION","Reference: DDR ON + GSDME available"
811,"Global random","Reference",0,"PROLIFERATION","Reference: DDR ON + GSDME available"
101,"Resistant-local","Reference",0,"PROLIFERATION","Reference: DDR ON + GSDME available"
204,"Resistant-local","Reference",0,"PROLIFERATION","Reference: DDR ON + GSDME available"
307,"Resistant-local","Reference",0,"PROLIFERATION","Reference: DDR ON + GSDME available"
509,"Resistant-local","Reference",0,"PROLIFERATION","Reference: DDR ON + GSDME available"
811,"Resistant-local","Reference",0,"PROLIFERATION","Reference: DDR ON + GSDME available"
101,"Global random","SIRT1_OFF",0,"PROLIFERATION","SIRT1 inhibition"
204,"Global random","SIRT1_OFF",0,"PROLIFERATION","SIRT1 inhibition"
307,"Global random","SIRT1_OFF",0,"PROLIFERATION","SIRT1 inhibition"
509,"Global random","SIRT1_OFF",0,"PROLIFERATION","SIRT1 inhibition"
811,"Global random","SIRT1_OFF",0,"PROLIFERATION","SIRT1 inhibition"
101,"Resistant-local","SIRT1_OFF",0,"PROLIFERATION","SIRT1 inhibition"
204,"Resistant-local","SIRT1_OFF",0,"PROLIFERATION","SIRT1 inhibition"
307,"Resistant-local","SIRT1_OFF",0,"PROLIFERATION","SIRT1 inhibition"
509,"Resistant-local","SIRT1_OFF",0,"PROLIFERATION","SIRT1 inhibition"
811,"Resistant-local","SIRT1_OFF",0,"PROLIFERATION","SIRT1 inhibition"
101,"Global random","SIRT1_OFF__GSDME_OFF",0,"PROLIFERATION","SIRT1 inhibition + GSDME unavailable"
204,"Global random","SIRT1_OFF__GSDME_OFF",0,"PROLIFERATION","SIRT1 inhibition + GSDME unavailable"
307,"Global random","SIRT1_OFF__GSDME_OFF",0,"PROLIFERATION","SIRT1 inhibition + GSDME unavailable"
509,"Global random","SIRT1_OFF__GSDME_OFF",0,"PROLIFERATION","SIRT1 inhibition + GSDME unavailable"
811,"Global random","SIRT1_OFF__GSDME_OFF",0,"PROLIFERATION","SIRT1 inhibition + GSDME unavailable"
101,"Resistant-local","SIRT1_OFF__GSDME_OFF",0,"PROLIFERATION","SIRT1 inhibition + GSDME unavailable"
204,"Resistant-local","SIRT1_OFF__GSDME_OFF",0,"PROLIFERATION","SIRT1 inhibition + GSDME unavailable"
307,"Resistant-local","SIRT1_OFF__GSDME_OFF",0,"PROLIFERATION","SIRT1 inhibition + GSDME unavailable"
509,"Resistant-local","SIRT1_OFF__GSDME_OFF",0,"PROLIFERATION","SIRT1 inhibition + GSDME unavailable"
811,"Resistant-local","SIRT1_OFF__GSDME_OFF",0,"PROLIFERATION","SIRT1 inhibition + GSDME unavailable"
101,"Global random","SIRT1_OFF__p53_OFF",0,"PROLIFERATION","SIRT1 inhibition + active p53 inhibition"
204,"Global random","SIRT1_OFF__p53_OFF",0,"PROLIFERATION","SIRT1 inhibition + active p53 inhibition"
307,"Global random","SIRT1_OFF__p53_OFF",0,"PROLIFERATION","SIRT1 inhibition + active p53 inhibition"
509,"Global random","SIRT1_OFF__p53_OFF",0,"PROLIFERATION","SIRT1 inhibition + active p53 inhibition"
811,"Global random","SIRT1_OFF__p53_OFF",0,"PROLIFERATION","SIRT1 inhibition + active p53 inhibition"
101,"Resistant-local","SIRT1_OFF__p53_OFF",0,"PROLIFERATION","SIRT1 inhibition + active p53 inhibition"
204,"Resistant-local","SIRT1_OFF__p53_OFF",0,"PROLIFERATION","SIRT1 inhibition + active p53 inhibition"
307,"Resistant-local","SIRT1_OFF__p53_OFF",0,"PROLIFERATION","SIRT1 inhibition + active p53 inhibition"
509,"Resistant-local","SIRT1_OFF__p53_OFF",0,"PROLIFERATION","SIRT1 inhibition + active p53 inhibition"
811,"Resistant-local","SIRT1_OFF__p53_OFF",0,"PROLIFERATION","SIRT1 inhibition + active p53 inhibition"
101,"Global random","SIRT1_ON",0,"PROLIFERATION","SIRT1 activation"
204,"Global random","SIRT1_ON",0,"PROLIFERATION","SIRT1 activation"
307,"Global random","SIRT1_ON",0,"PROLIFERATION","SIRT1 activation"
509,"Global random","SIRT1_ON",0,"PROLIFERATION","SIRT1 activation"
811,"Global random","SIRT1_ON",0,"PROLIFERATION","SIRT1 activation"
101,"Resistant-local","SIRT1_ON",0,"PROLIFERATION","SIRT1 activation"
204,"Resistant-local","SIRT1_ON",0,"PROLIFERATION","SIRT1 activation"
307,"Resistant-local","SIRT1_ON",0,"PROLIFERATION","SIRT1 activation"
509,"Resistant-local","SIRT1_ON",0,"PROLIFERATION","SIRT1 activation"
811,"Resistant-local","SIRT1_ON",0,"PROLIFERATION","SIRT1 activation"
101,"Global random","CASP3_OFF",0.506,"CELL_CYCLE_ARREST","CASP3 inhibition"
204,"Global random","CASP3_OFF",0.476,"CELL_CYCLE_ARREST","CASP3 inhibition"
307,"Global random","CASP3_OFF",0.522,"CELL_CYCLE_ARREST","CASP3 inhibition"
509,"Global random","CASP3_OFF",0.488,"CELL_CYCLE_ARREST","CASP3 inhibition"
811,"Global random","CASP3_OFF",0.51,"CELL_CYCLE_ARREST","CASP3 inhibition"
101,"Resistant-local","CASP3_OFF",0.072,"CELL_CYCLE_ARREST","CASP3 inhibition"
204,"Resistant-local","CASP3_OFF",0.066,"CELL_CYCLE_ARREST","CASP3 inhibition"
307,"Resistant-local","CASP3_OFF",0.084,"CELL_CYCLE_ARREST","CASP3 inhibition"
509,"Resistant-local","CASP3_OFF",0.084,"CELL_CYCLE_ARREST","CASP3 inhibition"
811,"Resistant-local","CASP3_OFF",0.078,"CELL_CYCLE_ARREST","CASP3 inhibition"
101,"Global random","CASP3_ON",0,"CELL_CYCLE_ARREST","CASP3 activation"
204,"Global random","CASP3_ON",0,"CELL_CYCLE_ARREST","CASP3 activation"
307,"Global random","CASP3_ON",0,"CELL_CYCLE_ARREST","CASP3 activation"
509,"Global random","CASP3_ON",0,"CELL_CYCLE_ARREST","CASP3 activation"
811,"Global random","CASP3_ON",0,"CELL_CYCLE_ARREST","CASP3 activation"
101,"Resistant-local","CASP3_ON",0,"CELL_CYCLE_ARREST","CASP3 activation"
204,"Resistant-local","CASP3_ON",0,"CELL_CYCLE_ARREST","CASP3 activation"
307,"Resistant-local","CASP3_ON",0,"CELL_CYCLE_ARREST","CASP3 activation"
509,"Resistant-local","CASP3_ON",0,"CELL_CYCLE_ARREST","CASP3 activation"
811,"Resistant-local","CASP3_ON",0,"CELL_CYCLE_ARREST","CASP3 activation"
101,"Global random","CASP3_ON__GSDME_OFF",0,"CELL_CYCLE_ARREST","CASP3 activation + GSDME unavailable"
204,"Global random","CASP3_ON__GSDME_OFF",0,"CELL_CYCLE_ARREST","CASP3 activation + GSDME unavailable"
307,"Global random","CASP3_ON__GSDME_OFF",0,"CELL_CYCLE_ARREST","CASP3 activation + GSDME unavailable"
509,"Global random","CASP3_ON__GSDME_OFF",0,"CELL_CYCLE_ARREST","CASP3 activation + GSDME unavailable"
811,"Global random","CASP3_ON__GSDME_OFF",0,"CELL_CYCLE_ARREST","CASP3 activation + GSDME unavailable"
101,"Resistant-local","CASP3_ON__GSDME_OFF",0,"CELL_CYCLE_ARREST","CASP3 activation + GSDME unavailable"
204,"Resistant-local","CASP3_ON__GSDME_OFF",0,"CELL_CYCLE_ARREST","CASP3 activation + GSDME unavailable"
307,"Resistant-local","CASP3_ON__GSDME_OFF",0,"CELL_CYCLE_ARREST","CASP3 activation + GSDME unavailable"
509,"Resistant-local","CASP3_ON__GSDME_OFF",0,"CELL_CYCLE_ARREST","CASP3 activation + GSDME unavailable"
811,"Resistant-local","CASP3_ON__GSDME_OFF",0,"CELL_CYCLE_ARREST","CASP3 activation + GSDME unavailable"
101,"Global random","GSDME_OFF",0,"CELL_CYCLE_ARREST","GSDME unavailable"
204,"Global random","GSDME_OFF",0,"CELL_CYCLE_ARREST","GSDME unavailable"
307,"Global random","GSDME_OFF",0,"CELL_CYCLE_ARREST","GSDME unavailable"
509,"Global random","GSDME_OFF",0,"CELL_CYCLE_ARREST","GSDME unavailable"
811,"Global random","GSDME_OFF",0,"CELL_CYCLE_ARREST","GSDME unavailable"
101,"Resistant-local","GSDME_OFF",0,"CELL_CYCLE_ARREST","GSDME unavailable"
204,"Resistant-local","GSDME_OFF",0,"CELL_CYCLE_ARREST","GSDME unavailable"
307,"Resistant-local","GSDME_OFF",0,"CELL_CYCLE_ARREST","GSDME unavailable"
509,"Resistant-local","GSDME_OFF",0,"CELL_CYCLE_ARREST","GSDME unavailable"
811,"Resistant-local","GSDME_OFF",0,"CELL_CYCLE_ARREST","GSDME unavailable"
101,"Global random","MALAT1_OFF",0,"CELL_CYCLE_ARREST","MALAT1 inhibition"
204,"Global random","MALAT1_OFF",0,"CELL_CYCLE_ARREST","MALAT1 inhibition"
307,"Global random","MALAT1_OFF",0,"CELL_CYCLE_ARREST","MALAT1 inhibition"
509,"Global random","MALAT1_OFF",0,"CELL_CYCLE_ARREST","MALAT1 inhibition"
811,"Global random","MALAT1_OFF",0,"CELL_CYCLE_ARREST","MALAT1 inhibition"
101,"Resistant-local","MALAT1_OFF",0,"CELL_CYCLE_ARREST","MALAT1 inhibition"
204,"Resistant-local","MALAT1_OFF",0,"CELL_CYCLE_ARREST","MALAT1 inhibition"
307,"Resistant-local","MALAT1_OFF",0,"CELL_CYCLE_ARREST","MALAT1 inhibition"
509,"Resistant-local","MALAT1_OFF",0,"CELL_CYCLE_ARREST","MALAT1 inhibition"
811,"Resistant-local","MALAT1_OFF",0,"CELL_CYCLE_ARREST","MALAT1 inhibition"
101,"Global random","MALAT1_OFF__GSDME_OFF",0,"CELL_CYCLE_ARREST","MALAT1 inhibition + GSDME unavailable"
204,"Global random","MALAT1_OFF__GSDME_OFF",0,"CELL_CYCLE_ARREST","MALAT1 inhibition + GSDME unavailable"
307,"Global random","MALAT1_OFF__GSDME_OFF",0,"CELL_CYCLE_ARREST","MALAT1 inhibition + GSDME unavailable"
509,"Global random","MALAT1_OFF__GSDME_OFF",0,"CELL_CYCLE_ARREST","MALAT1 inhibition + GSDME unavailable"
811,"Global random","MALAT1_OFF__GSDME_OFF",0,"CELL_CYCLE_ARREST","MALAT1 inhibition + GSDME unavailable"
101,"Resistant-local","MALAT1_OFF__GSDME_OFF",0,"CELL_CYCLE_ARREST","MALAT1 inhibition + GSDME unavailable"
204,"Resistant-local","MALAT1_OFF__GSDME_OFF",0,"CELL_CYCLE_ARREST","MALAT1 inhibition + GSDME unavailable"
307,"Resistant-local","MALAT1_OFF__GSDME_OFF",0,"CELL_CYCLE_ARREST","MALAT1 inhibition + GSDME unavailable"
509,"Resistant-local","MALAT1_OFF__GSDME_OFF",0,"CELL_CYCLE_ARREST","MALAT1 inhibition + GSDME unavailable"
811,"Resistant-local","MALAT1_OFF__GSDME_OFF",0,"CELL_CYCLE_ARREST","MALAT1 inhibition + GSDME unavailable"
101,"Global random","MALAT1_OFF__miR204_OFF",0,"CELL_CYCLE_ARREST","MALAT1 inhibition + miR-204-5p inhibition"
204,"Global random","MALAT1_OFF__miR204_OFF",0,"CELL_CYCLE_ARREST","MALAT1 inhibition + miR-204-5p inhibition"
307,"Global random","MALAT1_OFF__miR204_OFF",0,"CELL_CYCLE_ARREST","MALAT1 inhibition + miR-204-5p inhibition"
509,"Global random","MALAT1_OFF__miR204_OFF",0,"CELL_CYCLE_ARREST","MALAT1 inhibition + miR-204-5p inhibition"
811,"Global random","MALAT1_OFF__miR204_OFF",0,"CELL_CYCLE_ARREST","MALAT1 inhibition + miR-204-5p inhibition"
101,"Resistant-local","MALAT1_OFF__miR204_OFF",0,"CELL_CYCLE_ARREST","MALAT1 inhibition + miR-204-5p inhibition"
204,"Resistant-local","MALAT1_OFF__miR204_OFF",0,"CELL_CYCLE_ARREST","MALAT1 inhibition + miR-204-5p inhibition"
307,"Resistant-local","MALAT1_OFF__miR204_OFF",0,"CELL_CYCLE_ARREST","MALAT1 inhibition + miR-204-5p inhibition"
509,"Resistant-local","MALAT1_OFF__miR204_OFF",0,"CELL_CYCLE_ARREST","MALAT1 inhibition + miR-204-5p inhibition"
811,"Resistant-local","MALAT1_OFF__miR204_OFF",0,"CELL_CYCLE_ARREST","MALAT1 inhibition + miR-204-5p inhibition"
101,"Global random","MALAT1_OFF__SIRT1_ON",0,"CELL_CYCLE_ARREST","MALAT1 inhibition + SIRT1 rescue"
204,"Global random","MALAT1_OFF__SIRT1_ON",0,"CELL_CYCLE_ARREST","MALAT1 inhibition + SIRT1 rescue"
307,"Global random","MALAT1_OFF__SIRT1_ON",0,"CELL_CYCLE_ARREST","MALAT1 inhibition + SIRT1 rescue"
509,"Global random","MALAT1_OFF__SIRT1_ON",0,"CELL_CYCLE_ARREST","MALAT1 inhibition + SIRT1 rescue"
811,"Global random","MALAT1_OFF__SIRT1_ON",0,"CELL_CYCLE_ARREST","MALAT1 inhibition + SIRT1 rescue"
101,"Resistant-local","MALAT1_OFF__SIRT1_ON",0,"CELL_CYCLE_ARREST","MALAT1 inhibition + SIRT1 rescue"
204,"Resistant-local","MALAT1_OFF__SIRT1_ON",0,"CELL_CYCLE_ARREST","MALAT1 inhibition + SIRT1 rescue"
307,"Resistant-local","MALAT1_OFF__SIRT1_ON",0,"CELL_CYCLE_ARREST","MALAT1 inhibition + SIRT1 rescue"
509,"Resistant-local","MALAT1_OFF__SIRT1_ON",0,"CELL_CYCLE_ARREST","MALAT1 inhibition + SIRT1 rescue"
811,"Resistant-local","MALAT1_OFF__SIRT1_ON",0,"CELL_CYCLE_ARREST","MALAT1 inhibition + SIRT1 rescue"
101,"Global random","miR204_OFF",0,"CELL_CYCLE_ARREST","miR-204-5p inhibition"
204,"Global random","miR204_OFF",0,"CELL_CYCLE_ARREST","miR-204-5p inhibition"
307,"Global random","miR204_OFF",0,"CELL_CYCLE_ARREST","miR-204-5p inhibition"
509,"Global random","miR204_OFF",0,"CELL_CYCLE_ARREST","miR-204-5p inhibition"
811,"Global random","miR204_OFF",0,"CELL_CYCLE_ARREST","miR-204-5p inhibition"
101,"Resistant-local","miR204_OFF",0,"CELL_CYCLE_ARREST","miR-204-5p inhibition"
204,"Resistant-local","miR204_OFF",0,"CELL_CYCLE_ARREST","miR-204-5p inhibition"
307,"Resistant-local","miR204_OFF",0,"CELL_CYCLE_ARREST","miR-204-5p inhibition"
509,"Resistant-local","miR204_OFF",0,"CELL_CYCLE_ARREST","miR-204-5p inhibition"
811,"Resistant-local","miR204_OFF",0,"CELL_CYCLE_ARREST","miR-204-5p inhibition"
101,"Global random","miR204_ON",0,"CELL_CYCLE_ARREST","miR-204-5p activation"
204,"Global random","miR204_ON",0,"CELL_CYCLE_ARREST","miR-204-5p activation"
307,"Global random","miR204_ON",0,"CELL_CYCLE_ARREST","miR-204-5p activation"
509,"Global random","miR204_ON",0,"CELL_CYCLE_ARREST","miR-204-5p activation"
811,"Global random","miR204_ON",0,"CELL_CYCLE_ARREST","miR-204-5p activation"
101,"Resistant-local","miR204_ON",0,"CELL_CYCLE_ARREST","miR-204-5p activation"
204,"Resistant-local","miR204_ON",0,"CELL_CYCLE_ARREST","miR-204-5p activation"
307,"Resistant-local","miR204_ON",0,"CELL_CYCLE_ARREST","miR-204-5p activation"
509,"Resistant-local","miR204_ON",0,"CELL_CYCLE_ARREST","miR-204-5p activation"
811,"Resistant-local","miR204_ON",0,"CELL_CYCLE_ARREST","miR-204-5p activation"
101,"Global random","miR204_ON__SIRT1_ON",0,"CELL_CYCLE_ARREST","miR-204-5p activation + SIRT1 rescue"
204,"Global random","miR204_ON__SIRT1_ON",0,"CELL_CYCLE_ARREST","miR-204-5p activation + SIRT1 rescue"
307,"Global random","miR204_ON__SIRT1_ON",0,"CELL_CYCLE_ARREST","miR-204-5p activation + SIRT1 rescue"
509,"Global random","miR204_ON__SIRT1_ON",0,"CELL_CYCLE_ARREST","miR-204-5p activation + SIRT1 rescue"
811,"Global random","miR204_ON__SIRT1_ON",0,"CELL_CYCLE_ARREST","miR-204-5p activation + SIRT1 rescue"
101,"Resistant-local","miR204_ON__SIRT1_ON",0,"CELL_CYCLE_ARREST","miR-204-5p activation + SIRT1 rescue"
204,"Resistant-local","miR204_ON__SIRT1_ON",0,"CELL_CYCLE_ARREST","miR-204-5p activation + SIRT1 rescue"
307,"Resistant-local","miR204_ON__SIRT1_ON",0,"CELL_CYCLE_ARREST","miR-204-5p activation + SIRT1 rescue"
509,"Resistant-local","miR204_ON__SIRT1_ON",0,"CELL_CYCLE_ARREST","miR-204-5p activation + SIRT1 rescue"
811,"Resistant-local","miR204_ON__SIRT1_ON",0,"CELL_CYCLE_ARREST","miR-204-5p activation + SIRT1 rescue"
101,"Global random","p53_OFF",0,"CELL_CYCLE_ARREST","Active p53 inhibition"
204,"Global random","p53_OFF",0,"CELL_CYCLE_ARREST","Active p53 inhibition"
307,"Global random","p53_OFF",0,"CELL_CYCLE_ARREST","Active p53 inhibition"
509,"Global random","p53_OFF",0,"CELL_CYCLE_ARREST","Active p53 inhibition"
811,"Global random","p53_OFF",0,"CELL_CYCLE_ARREST","Active p53 inhibition"
101,"Resistant-local","p53_OFF",0,"CELL_CYCLE_ARREST","Active p53 inhibition"
204,"Resistant-local","p53_OFF",0,"CELL_CYCLE_ARREST","Active p53 inhibition"
307,"Resistant-local","p53_OFF",0,"CELL_CYCLE_ARREST","Active p53 inhibition"
509,"Resistant-local","p53_OFF",0,"CELL_CYCLE_ARREST","Active p53 inhibition"
811,"Resistant-local","p53_OFF",0,"CELL_CYCLE_ARREST","Active p53 inhibition"
101,"Global random","p53_ON",0,"CELL_CYCLE_ARREST","Active p53 activation"
204,"Global random","p53_ON",0,"CELL_CYCLE_ARREST","Active p53 activation"
307,"Global random","p53_ON",0,"CELL_CYCLE_ARREST","Active p53 activation"
509,"Global random","p53_ON",0,"CELL_CYCLE_ARREST","Active p53 activation"
811,"Global random","p53_ON",0,"CELL_CYCLE_ARREST","Active p53 activation"
101,"Resistant-local","p53_ON",0,"CELL_CYCLE_ARREST","Active p53 activation"
204,"Resistant-local","p53_ON",0,"CELL_CYCLE_ARREST","Active p53 activation"
307,"Resistant-local","p53_ON",0,"CELL_CYCLE_ARREST","Active p53 activation"
509,"Resistant-local","p53_ON",0,"CELL_CYCLE_ARREST","Active p53 activation"
811,"Resistant-local","p53_ON",0,"CELL_CYCLE_ARREST","Active p53 activation"
101,"Global random","p53_ON__CASP3_OFF",1,"CELL_CYCLE_ARREST","Active p53 activation + CASP3 inhibition"
204,"Global random","p53_ON__CASP3_OFF",1,"CELL_CYCLE_ARREST","Active p53 activation + CASP3 inhibition"
307,"Global random","p53_ON__CASP3_OFF",1,"CELL_CYCLE_ARREST","Active p53 activation + CASP3 inhibition"
509,"Global random","p53_ON__CASP3_OFF",1,"CELL_CYCLE_ARREST","Active p53 activation + CASP3 inhibition"
811,"Global random","p53_ON__CASP3_OFF",1,"CELL_CYCLE_ARREST","Active p53 activation + CASP3 inhibition"
101,"Resistant-local","p53_ON__CASP3_OFF",1,"CELL_CYCLE_ARREST","Active p53 activation + CASP3 inhibition"
204,"Resistant-local","p53_ON__CASP3_OFF",1,"CELL_CYCLE_ARREST","Active p53 activation + CASP3 inhibition"
307,"Resistant-local","p53_ON__CASP3_OFF",1,"CELL_CYCLE_ARREST","Active p53 activation + CASP3 inhibition"
509,"Resistant-local","p53_ON__CASP3_OFF",1,"CELL_CYCLE_ARREST","Active p53 activation + CASP3 inhibition"
811,"Resistant-local","p53_ON__CASP3_OFF",1,"CELL_CYCLE_ARREST","Active p53 activation + CASP3 inhibition"
101,"Global random","Reference",0,"CELL_CYCLE_ARREST","Reference: DDR ON + GSDME available"
204,"Global random","Reference",0,"CELL_CYCLE_ARREST","Reference: DDR ON + GSDME available"
307,"Global random","Reference",0,"CELL_CYCLE_ARREST","Reference: DDR ON + GSDME available"
509,"Global random","Reference",0,"CELL_CYCLE_ARREST","Reference: DDR ON + GSDME available"
811,"Global random","Reference",0,"CELL_CYCLE_ARREST","Reference: DDR ON + GSDME available"
101,"Resistant-local","Reference",0,"CELL_CYCLE_ARREST","Reference: DDR ON + GSDME available"
204,"Resistant-local","Reference",0,"CELL_CYCLE_ARREST","Reference: DDR ON + GSDME available"
307,"Resistant-local","Reference",0,"CELL_CYCLE_ARREST","Reference: DDR ON + GSDME available"
509,"Resistant-local","Reference",0,"CELL_CYCLE_ARREST","Reference: DDR ON + GSDME available"
811,"Resistant-local","Reference",0,"CELL_CYCLE_ARREST","Reference: DDR ON + GSDME available"
101,"Global random","SIRT1_OFF",0,"CELL_CYCLE_ARREST","SIRT1 inhibition"
204,"Global random","SIRT1_OFF",0,"CELL_CYCLE_ARREST","SIRT1 inhibition"
307,"Global random","SIRT1_OFF",0,"CELL_CYCLE_ARREST","SIRT1 inhibition"
509,"Global random","SIRT1_OFF",0,"CELL_CYCLE_ARREST","SIRT1 inhibition"
811,"Global random","SIRT1_OFF",0,"CELL_CYCLE_ARREST","SIRT1 inhibition"
101,"Resistant-local","SIRT1_OFF",0,"CELL_CYCLE_ARREST","SIRT1 inhibition"
204,"Resistant-local","SIRT1_OFF",0,"CELL_CYCLE_ARREST","SIRT1 inhibition"
307,"Resistant-local","SIRT1_OFF",0,"CELL_CYCLE_ARREST","SIRT1 inhibition"
509,"Resistant-local","SIRT1_OFF",0,"CELL_CYCLE_ARREST","SIRT1 inhibition"
811,"Resistant-local","SIRT1_OFF",0,"CELL_CYCLE_ARREST","SIRT1 inhibition"
101,"Global random","SIRT1_OFF__GSDME_OFF",0,"CELL_CYCLE_ARREST","SIRT1 inhibition + GSDME unavailable"
204,"Global random","SIRT1_OFF__GSDME_OFF",0,"CELL_CYCLE_ARREST","SIRT1 inhibition + GSDME unavailable"
307,"Global random","SIRT1_OFF__GSDME_OFF",0,"CELL_CYCLE_ARREST","SIRT1 inhibition + GSDME unavailable"
509,"Global random","SIRT1_OFF__GSDME_OFF",0,"CELL_CYCLE_ARREST","SIRT1 inhibition + GSDME unavailable"
811,"Global random","SIRT1_OFF__GSDME_OFF",0,"CELL_CYCLE_ARREST","SIRT1 inhibition + GSDME unavailable"
101,"Resistant-local","SIRT1_OFF__GSDME_OFF",0,"CELL_CYCLE_ARREST","SIRT1 inhibition + GSDME unavailable"
204,"Resistant-local","SIRT1_OFF__GSDME_OFF",0,"CELL_CYCLE_ARREST","SIRT1 inhibition + GSDME unavailable"
307,"Resistant-local","SIRT1_OFF__GSDME_OFF",0,"CELL_CYCLE_ARREST","SIRT1 inhibition + GSDME unavailable"
509,"Resistant-local","SIRT1_OFF__GSDME_OFF",0,"CELL_CYCLE_ARREST","SIRT1 inhibition + GSDME unavailable"
811,"Resistant-local","SIRT1_OFF__GSDME_OFF",0,"CELL_CYCLE_ARREST","SIRT1 inhibition + GSDME unavailable"
101,"Global random","SIRT1_OFF__p53_OFF",0,"CELL_CYCLE_ARREST","SIRT1 inhibition + active p53 inhibition"
204,"Global random","SIRT1_OFF__p53_OFF",0,"CELL_CYCLE_ARREST","SIRT1 inhibition + active p53 inhibition"
307,"Global random","SIRT1_OFF__p53_OFF",0,"CELL_CYCLE_ARREST","SIRT1 inhibition + active p53 inhibition"
509,"Global random","SIRT1_OFF__p53_OFF",0,"CELL_CYCLE_ARREST","SIRT1 inhibition + active p53 inhibition"
811,"Global random","SIRT1_OFF__p53_OFF",0,"CELL_CYCLE_ARREST","SIRT1 inhibition + active p53 inhibition"
101,"Resistant-local","SIRT1_OFF__p53_OFF",0,"CELL_CYCLE_ARREST","SIRT1 inhibition + active p53 inhibition"
204,"Resistant-local","SIRT1_OFF__p53_OFF",0,"CELL_CYCLE_ARREST","SIRT1 inhibition + active p53 inhibition"
307,"Resistant-local","SIRT1_OFF__p53_OFF",0,"CELL_CYCLE_ARREST","SIRT1 inhibition + active p53 inhibition"
509,"Resistant-local","SIRT1_OFF__p53_OFF",0,"CELL_CYCLE_ARREST","SIRT1 inhibition + active p53 inhibition"
811,"Resistant-local","SIRT1_OFF__p53_OFF",0,"CELL_CYCLE_ARREST","SIRT1 inhibition + active p53 inhibition"
101,"Global random","SIRT1_ON",0,"CELL_CYCLE_ARREST","SIRT1 activation"
204,"Global random","SIRT1_ON",0,"CELL_CYCLE_ARREST","SIRT1 activation"
307,"Global random","SIRT1_ON",0,"CELL_CYCLE_ARREST","SIRT1 activation"
509,"Global random","SIRT1_ON",0,"CELL_CYCLE_ARREST","SIRT1 activation"
811,"Global random","SIRT1_ON",0,"CELL_CYCLE_ARREST","SIRT1 activation"
101,"Resistant-local","SIRT1_ON",0,"CELL_CYCLE_ARREST","SIRT1 activation"
204,"Resistant-local","SIRT1_ON",0,"CELL_CYCLE_ARREST","SIRT1 activation"
307,"Resistant-local","SIRT1_ON",0,"CELL_CYCLE_ARREST","SIRT1 activation"
509,"Resistant-local","SIRT1_ON",0,"CELL_CYCLE_ARREST","SIRT1 activation"
811,"Resistant-local","SIRT1_ON",0,"CELL_CYCLE_ARREST","SIRT1 activation"
