"node","indegree","outdegree","betweenness","pagerank","in_feedback_scc","score"
"CASP3",4,5,0.234425287356322,0.0883058959121767,1,6.59548503754916
"MIR204",2,7,0.170191570881226,0.0391255297411004,1,5.01011714048527
"p53-Arrest",5,3,0.0778735632183908,0.0642199983479896,1,4.14273352292795
"E2F1",3,6,0.300191570881226,0.0331920095693755,1,4.12046665082278
"p53-Killer",3,5,0.119233716475096,0.0419126770599703,1,4.03849157198117
"CDKN1A",4,3,0.242068965517241,0.0562123214393398,1,3.7013850233762
"TP53",5,4,0.131570881226054,0.042931965667285,1,3.53204981530149
"ATM",3,4,0.125383141762452,0.0258421979013545,1,2.59013576866533
"CASP9",2,1,0.032183908045977,0.0498223949765016,1,2.22395886001325
"(CCND1 ou CCND2 ou CCND3) E (CDK4 ou CDK6)",3,2,0.196168582375479,0.0382617406164611,1,2.14940615209781
"BCL2",3,3,0.0559386973180077,0.026766208657237,1,2.07844270911094
"BAX",3,2,0.0466283524904215,0.0309680338624521,1,1.74740859790389
"AKT1",2,3,0.0374904214559387,0.0203157594059378,1,1.72292185943475
"Mdm2",3,2,0.0419540229885058,0.0296555038532631,1,1.67506762351387
"SIRT1",2,3,0.0876436781609195,0.0187380208017542,1,1.63596373492686
"RB1",1,2,0.197126436781609,0.0255461020252408,1,1.44857517738461
"TP53INP1",2,1,0,0.0346056835620368,1,1.38527957418547
"PPM1D",1,3,0.0196360153256705,0.0139870636189063,1,1.37411153384473
"MOMP",2,1,0.00637931034482759,0.0300300357743374,1,1.13308966834686
"CDC25A",2,2,0.0197318007662835,0.0195272865001305,1,1.11684411088557
"MYC",2,2,0.0491379310344827,0.0187380208017542,1,1.07334320098375
"BBC3",1,2,0.00574712643678161,0.0164100173634397,1,0.945033725442651
"CELL_CYCLE_ARREST",5,0,0,0.0720442234545126,0,0.88610935116887
"PRKAA1",1,2,0.0248467432950192,0.0147763293172826,1,0.854991909803433
"MALAT1",2,1,0.0669540229885057,0.0243736762041853,1,0.821335605627971
"DFNA5",1,2,0.028735632183908,0.0242968645683148,0,-0.620277385410791
"APOPTOSIS",2,0,0,0.0346230320098487,0,-1.17638478838626
"PROLIFERATION",1,0,0,0.0218884514008816,0,-1.87825976514979
"PYROPTOSIS",1,0,0,0.0196110297047786,0,-2.00378139394277
"DDR",0,1,0,0.00928486226324479,0,-2.01029452491041
"RESISTANCE",1,0,0,0.0139870636189063,0,-2.31375006798461
