"DDR","condition","phenotype","exact_enumeration_complete","n_stable_states","states_with_phenotype","feedback_nodes","assignments_checked"
"DDR ON","Unperturbed","PYROPTOSIS",TRUE,3,1,"TP53;MIR204;p53-Arrest;E2F1;CASP3",32
"DDR ON","Unperturbed","APOPTOSIS",TRUE,3,0,"TP53;MIR204;p53-Arrest;E2F1;CASP3",32
"DDR ON","Unperturbed","RESISTANCE",TRUE,3,1,"TP53;MIR204;p53-Arrest;E2F1;CASP3",32
"DDR ON","Unperturbed","PROLIFERATION",TRUE,3,0,"TP53;MIR204;p53-Arrest;E2F1;CASP3",32
"DDR ON","Unperturbed","CELL_CYCLE_ARREST",TRUE,3,1,"TP53;MIR204;p53-Arrest;E2F1;CASP3",32
"DDR ON","CASP3 OE + GSDME KO","PYROPTOSIS",TRUE,3,0,"TP53;p53-Arrest;MIR204;E2F1",16
"DDR ON","CASP3 OE + GSDME KO","APOPTOSIS",TRUE,3,3,"TP53;p53-Arrest;MIR204;E2F1",16
"DDR ON","CASP3 OE + GSDME KO","RESISTANCE",TRUE,3,1,"TP53;p53-Arrest;MIR204;E2F1",16
"DDR ON","CASP3 OE + GSDME KO","PROLIFERATION",TRUE,3,0,"TP53;p53-Arrest;MIR204;E2F1",16
"DDR ON","CASP3 OE + GSDME KO","CELL_CYCLE_ARREST",TRUE,3,0,"TP53;p53-Arrest;MIR204;E2F1",16
"DDR ON","miR-204-5p OE + GSDME KO","PYROPTOSIS",TRUE,2,0,"TP53;p53-Arrest;E2F1;CASP3",16
"DDR ON","miR-204-5p OE + GSDME KO","APOPTOSIS",TRUE,2,1,"TP53;p53-Arrest;E2F1;CASP3",16
"DDR ON","miR-204-5p OE + GSDME KO","RESISTANCE",TRUE,2,0,"TP53;p53-Arrest;E2F1;CASP3",16
"DDR ON","miR-204-5p OE + GSDME KO","PROLIFERATION",TRUE,2,0,"TP53;p53-Arrest;E2F1;CASP3",16
"DDR ON","miR-204-5p OE + GSDME KO","CELL_CYCLE_ARREST",TRUE,2,1,"TP53;p53-Arrest;E2F1;CASP3",16
"DDR ON","miR-204-5p OE + CASP3 KO","PYROPTOSIS",TRUE,2,0,"TP53;p53-Arrest;E2F1",8
"DDR ON","miR-204-5p OE + CASP3 KO","APOPTOSIS",TRUE,2,0,"TP53;p53-Arrest;E2F1",8
"DDR ON","miR-204-5p OE + CASP3 KO","RESISTANCE",TRUE,2,0,"TP53;p53-Arrest;E2F1",8
"DDR ON","miR-204-5p OE + CASP3 KO","PROLIFERATION",TRUE,2,0,"TP53;p53-Arrest;E2F1",8
"DDR ON","miR-204-5p OE + CASP3 KO","CELL_CYCLE_ARREST",TRUE,2,1,"TP53;p53-Arrest;E2F1",8
"DDR ON","SIRT1 KO + GSDME KO","PYROPTOSIS",TRUE,2,0,"TP53;MIR204;p53-Arrest;CASP3;E2F1",32
"DDR ON","SIRT1 KO + GSDME KO","APOPTOSIS",TRUE,2,1,"TP53;MIR204;p53-Arrest;CASP3;E2F1",32
"DDR ON","SIRT1 KO + GSDME KO","RESISTANCE",TRUE,2,0,"TP53;MIR204;p53-Arrest;CASP3;E2F1",32
"DDR ON","SIRT1 KO + GSDME KO","PROLIFERATION",TRUE,2,0,"TP53;MIR204;p53-Arrest;CASP3;E2F1",32
"DDR ON","SIRT1 KO + GSDME KO","CELL_CYCLE_ARREST",TRUE,2,1,"TP53;MIR204;p53-Arrest;CASP3;E2F1",32
"DDR ON","GSDME OE","PYROPTOSIS",TRUE,3,3,"TP53;MIR204;p53-Arrest;E2F1;CASP3",32
"DDR ON","GSDME OE","APOPTOSIS",TRUE,3,0,"TP53;MIR204;p53-Arrest;E2F1;CASP3",32
"DDR ON","GSDME OE","RESISTANCE",TRUE,3,1,"TP53;MIR204;p53-Arrest;E2F1;CASP3",32
"DDR ON","GSDME OE","PROLIFERATION",TRUE,3,0,"TP53;MIR204;p53-Arrest;E2F1;CASP3",32
"DDR ON","GSDME OE","CELL_CYCLE_ARREST",TRUE,3,1,"TP53;MIR204;p53-Arrest;E2F1;CASP3",32
"DDR ON","GSDME KO","PYROPTOSIS",TRUE,3,0,"TP53;MIR204;p53-Arrest;E2F1;CASP3",32
"DDR ON","GSDME KO","APOPTOSIS",TRUE,3,1,"TP53;MIR204;p53-Arrest;E2F1;CASP3",32
"DDR ON","GSDME KO","RESISTANCE",TRUE,3,1,"TP53;MIR204;p53-Arrest;E2F1;CASP3",32
"DDR ON","GSDME KO","PROLIFERATION",TRUE,3,0,"TP53;MIR204;p53-Arrest;E2F1;CASP3",32
"DDR ON","GSDME KO","CELL_CYCLE_ARREST",TRUE,3,1,"TP53;MIR204;p53-Arrest;E2F1;CASP3",32
"DDR ON","CASP3 OE","PYROPTOSIS",TRUE,3,3,"TP53;p53-Arrest;MIR204;E2F1",16
"DDR ON","CASP3 OE","APOPTOSIS",TRUE,3,0,"TP53;p53-Arrest;MIR204;E2F1",16
"DDR ON","CASP3 OE","RESISTANCE",TRUE,3,1,"TP53;p53-Arrest;MIR204;E2F1",16
"DDR ON","CASP3 OE","PROLIFERATION",TRUE,3,0,"TP53;p53-Arrest;MIR204;E2F1",16
"DDR ON","CASP3 OE","CELL_CYCLE_ARREST",TRUE,3,0,"TP53;p53-Arrest;MIR204;E2F1",16
"DDR ON","CASP3 KO","PYROPTOSIS",TRUE,3,0,"TP53;p53-Arrest;MIR204;E2F1",16
"DDR ON","CASP3 KO","APOPTOSIS",TRUE,3,0,"TP53;p53-Arrest;MIR204;E2F1",16
"DDR ON","CASP3 KO","RESISTANCE",TRUE,3,1,"TP53;p53-Arrest;MIR204;E2F1",16
"DDR ON","CASP3 KO","PROLIFERATION",TRUE,3,0,"TP53;p53-Arrest;MIR204;E2F1",16
"DDR ON","CASP3 KO","CELL_CYCLE_ARREST",TRUE,3,1,"TP53;p53-Arrest;MIR204;E2F1",16
"DDR ON","SIRT1 KO","PYROPTOSIS",TRUE,2,1,"TP53;MIR204;p53-Arrest;CASP3;E2F1",32
"DDR ON","SIRT1 KO","APOPTOSIS",TRUE,2,0,"TP53;MIR204;p53-Arrest;CASP3;E2F1",32
"DDR ON","SIRT1 KO","RESISTANCE",TRUE,2,0,"TP53;MIR204;p53-Arrest;CASP3;E2F1",32
"DDR ON","SIRT1 KO","PROLIFERATION",TRUE,2,0,"TP53;MIR204;p53-Arrest;CASP3;E2F1",32
"DDR ON","SIRT1 KO","CELL_CYCLE_ARREST",TRUE,2,1,"TP53;MIR204;p53-Arrest;CASP3;E2F1",32
"DDR ON","miR-204-5p OE","PYROPTOSIS",TRUE,2,1,"TP53;p53-Arrest;E2F1;CASP3",16
"DDR ON","miR-204-5p OE","APOPTOSIS",TRUE,2,0,"TP53;p53-Arrest;E2F1;CASP3",16
"DDR ON","miR-204-5p OE","RESISTANCE",TRUE,2,0,"TP53;p53-Arrest;E2F1;CASP3",16
"DDR ON","miR-204-5p OE","PROLIFERATION",TRUE,2,0,"TP53;p53-Arrest;E2F1;CASP3",16
"DDR ON","miR-204-5p OE","CELL_CYCLE_ARREST",TRUE,2,1,"TP53;p53-Arrest;E2F1;CASP3",16
"DDR ON","GSDME E1 + CASP3 E1","PYROPTOSIS",TRUE,3,3,"TP53;p53-Arrest;MIR204;E2F1",16
"DDR ON","GSDME E1 + CASP3 E1","APOPTOSIS",TRUE,3,0,"TP53;p53-Arrest;MIR204;E2F1",16
"DDR ON","GSDME E1 + CASP3 E1","RESISTANCE",TRUE,3,1,"TP53;p53-Arrest;MIR204;E2F1",16
"DDR ON","GSDME E1 + CASP3 E1","PROLIFERATION",TRUE,3,0,"TP53;p53-Arrest;MIR204;E2F1",16
"DDR ON","GSDME E1 + CASP3 E1","CELL_CYCLE_ARREST",TRUE,3,0,"TP53;p53-Arrest;MIR204;E2F1",16
"DDR ON","p53 E1 + miR-204-5p E1 + CASP3 KO + p21 E1","PYROPTOSIS",TRUE,2,0,"p53-Arrest;E2F1",4
"DDR ON","p53 E1 + miR-204-5p E1 + CASP3 KO + p21 E1","APOPTOSIS",TRUE,2,0,"p53-Arrest;E2F1",4
"DDR ON","p53 E1 + miR-204-5p E1 + CASP3 KO + p21 E1","RESISTANCE",TRUE,2,0,"p53-Arrest;E2F1",4
"DDR ON","p53 E1 + miR-204-5p E1 + CASP3 KO + p21 E1","PROLIFERATION",TRUE,2,0,"p53-Arrest;E2F1",4
"DDR ON","p53 E1 + miR-204-5p E1 + CASP3 KO + p21 E1","CELL_CYCLE_ARREST",TRUE,2,2,"p53-Arrest;E2F1",4
"DDR ON","MALAT1 E1 + miR-204-5p KO + SIRT1 E1","PYROPTOSIS",TRUE,1,0,"TP53;p53-Arrest;CASP3;E2F1",16
"DDR ON","MALAT1 E1 + miR-204-5p KO + SIRT1 E1","APOPTOSIS",TRUE,1,0,"TP53;p53-Arrest;CASP3;E2F1",16
"DDR ON","MALAT1 E1 + miR-204-5p KO + SIRT1 E1","RESISTANCE",TRUE,1,1,"TP53;p53-Arrest;CASP3;E2F1",16
"DDR ON","MALAT1 E1 + miR-204-5p KO + SIRT1 E1","PROLIFERATION",TRUE,1,0,"TP53;p53-Arrest;CASP3;E2F1",16
"DDR ON","MALAT1 E1 + miR-204-5p KO + SIRT1 E1","CELL_CYCLE_ARREST",TRUE,1,0,"TP53;p53-Arrest;CASP3;E2F1",16
"DDR ON","SIRT1 KO + GSDME KO + CASP3 E1","PYROPTOSIS",TRUE,2,0,"TP53;p53-Arrest;MIR204;E2F1",16
"DDR ON","SIRT1 KO + GSDME KO + CASP3 E1","APOPTOSIS",TRUE,2,2,"TP53;p53-Arrest;MIR204;E2F1",16
"DDR ON","SIRT1 KO + GSDME KO + CASP3 E1","RESISTANCE",TRUE,2,0,"TP53;p53-Arrest;MIR204;E2F1",16
"DDR ON","SIRT1 KO + GSDME KO + CASP3 E1","PROLIFERATION",TRUE,2,0,"TP53;p53-Arrest;MIR204;E2F1",16
"DDR ON","SIRT1 KO + GSDME KO + CASP3 E1","CELL_CYCLE_ARREST",TRUE,2,0,"TP53;p53-Arrest;MIR204;E2F1",16
"DDR ON","BAX E1","PYROPTOSIS",TRUE,4,2,"TP53;MIR204;p53-Arrest;E2F1;CASP3",32
"DDR ON","BAX E1","APOPTOSIS",TRUE,4,0,"TP53;MIR204;p53-Arrest;E2F1;CASP3",32
"DDR ON","BAX E1","RESISTANCE",TRUE,4,1,"TP53;MIR204;p53-Arrest;E2F1;CASP3",32
"DDR ON","BAX E1","PROLIFERATION",TRUE,4,0,"TP53;MIR204;p53-Arrest;E2F1;CASP3",32
"DDR ON","BAX E1","CELL_CYCLE_ARREST",TRUE,4,1,"TP53;MIR204;p53-Arrest;E2F1;CASP3",32
"DDR ON","BAX E1 + GSDME KO","PYROPTOSIS",TRUE,4,0,"TP53;MIR204;p53-Arrest;E2F1;CASP3",32
"DDR ON","BAX E1 + GSDME KO","APOPTOSIS",TRUE,4,2,"TP53;MIR204;p53-Arrest;E2F1;CASP3",32
"DDR ON","BAX E1 + GSDME KO","RESISTANCE",TRUE,4,1,"TP53;MIR204;p53-Arrest;E2F1;CASP3",32
"DDR ON","BAX E1 + GSDME KO","PROLIFERATION",TRUE,4,0,"TP53;MIR204;p53-Arrest;E2F1;CASP3",32
"DDR ON","BAX E1 + GSDME KO","CELL_CYCLE_ARREST",TRUE,4,1,"TP53;MIR204;p53-Arrest;E2F1;CASP3",32
