"perturbation","node","activation_frequency","stable_fraction"
"Reference: DDR ON, GSDME ON","GSDME_availability",1,1
"Reference: DDR ON, GSDME ON","GSDME_N",0.55,1
"Reference: DDR ON, GSDME ON","CASP3",0.55,1
"Reference: DDR ON, GSDME ON","CASP9",0.55,1
"Reference: DDR ON, GSDME ON","CYTOCHROME_C",0.55,1
"Reference: DDR ON, GSDME ON","MOMP",0.55,1
"Reference: DDR ON, GSDME ON","BAX",0.55,1
"Reference: DDR ON, GSDME ON","BCL2",0.45,1
"Reference: DDR ON, GSDME ON","PUMA",0.55,1
"Reference: DDR ON, GSDME ON","p53_ACTIVE",0.55,1
"Reference: DDR ON, GSDME ON","miR_204_5p",0.55,1
"Reference: DDR ON, GSDME ON","lncRNA_MALAT1",0.45,1
"Reference: DDR ON, GSDME ON","ROS",1,1
"Reference: DDR ON, GSDME ON","MITO_DAMAGE",0.55,1
"Reference: DDR ON, GSDME ON","PGC1A",0.45,1
"Reference: DDR ON, GSDME ON","p21",0.55,1
"Reference: DDR ON, GSDME ON","CyclinD_CDK46",0.45,1
"Reference: DDR ON, GSDME ON","RB1",0.55,1
"Reference: DDR ON, GSDME ON","E2F1",0.45,1
"Reference: DDR ON, GSDME ON","DDR_fixed_ON",1,1
"Reference: DDR ON, GSDME ON","PYROPTOSIS_GSDME",0.55,1
"Reference: DDR ON, GSDME ON","SURVIVAL",0.45,1
"Reference: DDR ON, GSDME ON","RESISTANCE",0.45,1
"Reference: DDR ON, GSDME ON","PROLIFERATION",0,1
"Reference: DDR ON, GSDME ON","APOPTOSIS",0,1
"Reference: DDR ON, GSDME ON","CELL_CYCLE_ARREST",0,1
"Reference: DDR ON, GSDME ON","SIRT1",0.45,1
"GSDME KO","GSDME_availability",0,1
"GSDME KO","GSDME_N",0,1
"GSDME KO","CASP3",0.5375,1
"GSDME KO","CASP9",0.5375,1
"GSDME KO","CYTOCHROME_C",0.5375,1
"GSDME KO","MOMP",0.5375,1
"GSDME KO","BAX",0.5375,1
"GSDME KO","BCL2",0.4625,1
"GSDME KO","PUMA",0.5375,1
"GSDME KO","p53_ACTIVE",0.5375,1
"GSDME KO","miR_204_5p",0.5375,1
"GSDME KO","lncRNA_MALAT1",0.4625,1
"GSDME KO","ROS",1,1
"GSDME KO","MITO_DAMAGE",0.5375,1
"GSDME KO","PGC1A",0.4625,1
"GSDME KO","p21",0.5375,1
"GSDME KO","CyclinD_CDK46",0.4625,1
"GSDME KO","RB1",0.5375,1
"GSDME KO","E2F1",0.4625,1
"GSDME KO","DDR_fixed_ON",1,1
"GSDME KO","PYROPTOSIS_GSDME",0,1
"GSDME KO","SURVIVAL",0.4625,1
"GSDME KO","RESISTANCE",0.4625,1
"GSDME KO","PROLIFERATION",0,1
"GSDME KO","APOPTOSIS",0.5375,1
"GSDME KO","CELL_CYCLE_ARREST",0,1
"GSDME KO","SIRT1",0.4625,1
"CASP3 KO","GSDME_availability",1,1
"CASP3 KO","GSDME_N",0,1
"CASP3 KO","CASP3",0,1
"CASP3 KO","CASP9",0.50625,1
"CASP3 KO","CYTOCHROME_C",0.50625,1
"CASP3 KO","MOMP",0.50625,1
"CASP3 KO","BAX",0.50625,1
"CASP3 KO","BCL2",0.49375,1
"CASP3 KO","PUMA",0.50625,1
"CASP3 KO","p53_ACTIVE",0.50625,1
"CASP3 KO","miR_204_5p",0.50625,1
"CASP3 KO","lncRNA_MALAT1",0.49375,1
"CASP3 KO","ROS",1,1
"CASP3 KO","MITO_DAMAGE",0.50625,1
"CASP3 KO","PGC1A",0.49375,1
"CASP3 KO","p21",0.50625,1
"CASP3 KO","CyclinD_CDK46",0.49375,1
"CASP3 KO","RB1",0.50625,1
"CASP3 KO","E2F1",0.49375,1
"CASP3 KO","DDR_fixed_ON",1,1
"CASP3 KO","PYROPTOSIS_GSDME",0,1
"CASP3 KO","SURVIVAL",0.49375,1
"CASP3 KO","RESISTANCE",0.49375,1
"CASP3 KO","PROLIFERATION",0,1
"CASP3 KO","APOPTOSIS",0,1
"CASP3 KO","CELL_CYCLE_ARREST",0.50625,1
"CASP3 KO","SIRT1",0.49375,1
"miR-204-5p OE","GSDME_availability",1,1
"miR-204-5p OE","GSDME_N",1,1
"miR-204-5p OE","CASP3",1,1
"miR-204-5p OE","CASP9",1,1
"miR-204-5p OE","CYTOCHROME_C",1,1
"miR-204-5p OE","MOMP",1,1
"miR-204-5p OE","BAX",1,1
"miR-204-5p OE","BCL2",0,1
"miR-204-5p OE","PUMA",1,1
"miR-204-5p OE","p53_ACTIVE",1,1
"miR-204-5p OE","miR_204_5p",1,1
"miR-204-5p OE","lncRNA_MALAT1",0,1
"miR-204-5p OE","ROS",1,1
"miR-204-5p OE","MITO_DAMAGE",1,1
"miR-204-5p OE","PGC1A",0,1
"miR-204-5p OE","p21",1,1
"miR-204-5p OE","CyclinD_CDK46",0,1
"miR-204-5p OE","RB1",1,1
"miR-204-5p OE","E2F1",0,1
"miR-204-5p OE","DDR_fixed_ON",1,1
"miR-204-5p OE","PYROPTOSIS_GSDME",1,1
"miR-204-5p OE","SURVIVAL",0,1
"miR-204-5p OE","RESISTANCE",0,1
"miR-204-5p OE","PROLIFERATION",0,1
"miR-204-5p OE","APOPTOSIS",0,1
"miR-204-5p OE","CELL_CYCLE_ARREST",0,1
"miR-204-5p OE","SIRT1",0,1
"miR-204-5p KO","GSDME_availability",1,1
"miR-204-5p KO","GSDME_N",0,1
"miR-204-5p KO","CASP3",0,1
"miR-204-5p KO","CASP9",0,1
"miR-204-5p KO","CYTOCHROME_C",0,1
"miR-204-5p KO","MOMP",0,1
"miR-204-5p KO","BAX",0,1
"miR-204-5p KO","BCL2",1,1
"miR-204-5p KO","PUMA",0,1
"miR-204-5p KO","p53_ACTIVE",0,1
"miR-204-5p KO","miR_204_5p",0,1
"miR-204-5p KO","lncRNA_MALAT1",1,1
"miR-204-5p KO","ROS",1,1
"miR-204-5p KO","MITO_DAMAGE",0,1
"miR-204-5p KO","PGC1A",1,1
"miR-204-5p KO","p21",0,1
"miR-204-5p KO","CyclinD_CDK46",1,1
"miR-204-5p KO","RB1",0,1
"miR-204-5p KO","E2F1",1,1
"miR-204-5p KO","DDR_fixed_ON",1,1
"miR-204-5p KO","PYROPTOSIS_GSDME",0,1
"miR-204-5p KO","SURVIVAL",1,1
"miR-204-5p KO","RESISTANCE",1,1
"miR-204-5p KO","PROLIFERATION",0,1
"miR-204-5p KO","APOPTOSIS",0,1
"miR-204-5p KO","CELL_CYCLE_ARREST",0,1
"miR-204-5p KO","SIRT1",1,1
"MALAT1 OE","GSDME_availability",1,1
"MALAT1 OE","GSDME_N",0,1
"MALAT1 OE","CASP3",0,1
"MALAT1 OE","CASP9",0,1
"MALAT1 OE","CYTOCHROME_C",0,1
"MALAT1 OE","MOMP",0,1
"MALAT1 OE","BAX",0,1
"MALAT1 OE","BCL2",1,1
"MALAT1 OE","PUMA",0,1
"MALAT1 OE","p53_ACTIVE",0,1
"MALAT1 OE","miR_204_5p",0,1
"MALAT1 OE","lncRNA_MALAT1",1,1
"MALAT1 OE","ROS",1,1
"MALAT1 OE","MITO_DAMAGE",0,1
"MALAT1 OE","PGC1A",1,1
"MALAT1 OE","p21",0,1
"MALAT1 OE","CyclinD_CDK46",1,1
"MALAT1 OE","RB1",0,1
"MALAT1 OE","E2F1",1,1
"MALAT1 OE","DDR_fixed_ON",1,1
"MALAT1 OE","PYROPTOSIS_GSDME",0,1
"MALAT1 OE","SURVIVAL",1,1
"MALAT1 OE","RESISTANCE",1,1
"MALAT1 OE","PROLIFERATION",0,1
"MALAT1 OE","APOPTOSIS",0,1
"MALAT1 OE","CELL_CYCLE_ARREST",0,1
"MALAT1 OE","SIRT1",1,1
"MALAT1 KO","GSDME_availability",1,1
"MALAT1 KO","GSDME_N",1,1
"MALAT1 KO","CASP3",1,1
"MALAT1 KO","CASP9",1,1
"MALAT1 KO","CYTOCHROME_C",1,1
"MALAT1 KO","MOMP",1,1
"MALAT1 KO","BAX",1,1
"MALAT1 KO","BCL2",0,1
"MALAT1 KO","PUMA",1,1
"MALAT1 KO","p53_ACTIVE",1,1
"MALAT1 KO","miR_204_5p",1,1
"MALAT1 KO","lncRNA_MALAT1",0,1
"MALAT1 KO","ROS",1,1
"MALAT1 KO","MITO_DAMAGE",1,1
"MALAT1 KO","PGC1A",0,1
"MALAT1 KO","p21",1,1
"MALAT1 KO","CyclinD_CDK46",0,1
"MALAT1 KO","RB1",1,1
"MALAT1 KO","E2F1",0,1
"MALAT1 KO","DDR_fixed_ON",1,1
"MALAT1 KO","PYROPTOSIS_GSDME",1,1
"MALAT1 KO","SURVIVAL",0,1
"MALAT1 KO","RESISTANCE",0,1
"MALAT1 KO","PROLIFERATION",0,1
"MALAT1 KO","APOPTOSIS",0,1
"MALAT1 KO","CELL_CYCLE_ARREST",0,1
"MALAT1 KO","SIRT1",0,1
"SIRT1 OE","GSDME_availability",1,1
"SIRT1 OE","GSDME_N",0,1
"SIRT1 OE","CASP3",0,1
"SIRT1 OE","CASP9",0,1
"SIRT1 OE","CYTOCHROME_C",0,1
"SIRT1 OE","MOMP",0,1
"SIRT1 OE","BAX",0,1
"SIRT1 OE","BCL2",1,1
"SIRT1 OE","PUMA",0,1
"SIRT1 OE","p53_ACTIVE",0,1
"SIRT1 OE","miR_204_5p",0,1
"SIRT1 OE","lncRNA_MALAT1",1,1
"SIRT1 OE","ROS",1,1
"SIRT1 OE","MITO_DAMAGE",0,1
"SIRT1 OE","PGC1A",1,1
"SIRT1 OE","p21",0,1
"SIRT1 OE","CyclinD_CDK46",1,1
"SIRT1 OE","RB1",0,1
"SIRT1 OE","E2F1",1,1
"SIRT1 OE","DDR_fixed_ON",1,1
"SIRT1 OE","PYROPTOSIS_GSDME",0,1
"SIRT1 OE","SURVIVAL",1,1
"SIRT1 OE","RESISTANCE",1,1
"SIRT1 OE","PROLIFERATION",0,1
"SIRT1 OE","APOPTOSIS",0,1
"SIRT1 OE","CELL_CYCLE_ARREST",0,1
"SIRT1 OE","SIRT1",1,1
"SIRT1 KO","GSDME_availability",1,1
"SIRT1 KO","GSDME_N",1,1
"SIRT1 KO","CASP3",1,1
"SIRT1 KO","CASP9",1,1
"SIRT1 KO","CYTOCHROME_C",1,1
"SIRT1 KO","MOMP",1,1
"SIRT1 KO","BAX",1,1
"SIRT1 KO","BCL2",0,1
"SIRT1 KO","PUMA",1,1
"SIRT1 KO","p53_ACTIVE",1,1
"SIRT1 KO","miR_204_5p",1,1
"SIRT1 KO","lncRNA_MALAT1",0,1
"SIRT1 KO","ROS",1,1
"SIRT1 KO","MITO_DAMAGE",1,1
"SIRT1 KO","PGC1A",0,1
"SIRT1 KO","p21",1,1
"SIRT1 KO","CyclinD_CDK46",0,1
"SIRT1 KO","RB1",1,1
"SIRT1 KO","E2F1",0,1
"SIRT1 KO","DDR_fixed_ON",1,1
"SIRT1 KO","PYROPTOSIS_GSDME",1,1
"SIRT1 KO","SURVIVAL",0,1
"SIRT1 KO","RESISTANCE",0,1
"SIRT1 KO","PROLIFERATION",0,1
"SIRT1 KO","APOPTOSIS",0,1
"SIRT1 KO","CELL_CYCLE_ARREST",0,1
"SIRT1 KO","SIRT1",0,1
"BCL2 KO","GSDME_availability",1,1
"BCL2 KO","GSDME_N",0.55625,1
"BCL2 KO","CASP3",0.55625,1
"BCL2 KO","CASP9",0.55625,1
"BCL2 KO","CYTOCHROME_C",0.55625,1
"BCL2 KO","MOMP",0.55625,1
"BCL2 KO","BAX",0.55625,1
"BCL2 KO","BCL2",0,1
"BCL2 KO","PUMA",0.55625,1
"BCL2 KO","p53_ACTIVE",0.55625,1
"BCL2 KO","miR_204_5p",0.55625,1
"BCL2 KO","lncRNA_MALAT1",0.44375,1
"BCL2 KO","ROS",1,1
"BCL2 KO","MITO_DAMAGE",0.55625,1
"BCL2 KO","PGC1A",0.44375,1
"BCL2 KO","p21",0.55625,1
"BCL2 KO","CyclinD_CDK46",0.44375,1
"BCL2 KO","RB1",0.55625,1
"BCL2 KO","E2F1",0.44375,1
"BCL2 KO","DDR_fixed_ON",1,1
"BCL2 KO","PYROPTOSIS_GSDME",0.55625,1
"BCL2 KO","SURVIVAL",0.44375,1
"BCL2 KO","RESISTANCE",0.44375,1
"BCL2 KO","PROLIFERATION",0,1
"BCL2 KO","APOPTOSIS",0,1
"BCL2 KO","CELL_CYCLE_ARREST",0,1
"BCL2 KO","SIRT1",0.44375,1
