"seed","initialisation","pair_id","upstream","downstream","double","expected_interpretation","reference_pyroptosis","upstream_pyroptosis","downstream_pyroptosis","double_pyroptosis","upstream_effect","rescue_fraction","downstream_dominance","downstream_dominant"
101,"Global random","MALAT1_to_miR204","MALAT1_OFF","miR204_OFF","MALAT1_OFF__miR204_OFF","miR-204-5p inhibition rescues MALAT1 inhibition",0.032,0.076,0,0,0.044,1.72727272727273,1,TRUE
101,"Global random","miR204_to_SIRT1","miR204_ON","SIRT1_ON","miR204_ON__SIRT1_ON","SIRT1 activation rescues miR-204-5p activation",0.032,0.474,0,0,0.442,1.07239819004525,1,TRUE
101,"Global random","SIRT1_to_p53","SIRT1_OFF","p53_OFF","SIRT1_OFF__p53_OFF","Active p53 inhibition blocks SIRT1 inhibition",0.032,0.928,0,0,0.896,1.03571428571429,1,TRUE
101,"Global random","p53_to_CASP3","p53_ON","CASP3_OFF","p53_ON__CASP3_OFF","CASP3 inhibition blocks active p53 activation",0.032,0.262,0,0,0.23,1.13913043478261,1,TRUE
101,"Global random","CASP3_to_GSDME","CASP3_ON","GSDME_OFF","CASP3_ON__GSDME_OFF","GSDME loss blocks CASP3-driven pyroptosis",0.032,1,0,0,0.968,1.03305785123967,1,TRUE
101,"Global random","MALAT1_to_GSDME_gate","MALAT1_OFF","GSDME_OFF","MALAT1_OFF__GSDME_OFF","GSDME loss changes the terminal fate after MALAT1 inhibition",0.032,0.076,0,0,0.044,1.72727272727273,1,TRUE
101,"Global random","miR204_to_GSDME_gate","miR204_ON","GSDME_OFF","miR204_ON__GSDME_OFF","GSDME loss changes the terminal fate after miR-204-5p activation",0.032,0.474,0,0,0.442,1.07239819004525,1,TRUE
101,"Resistant-local","MALAT1_to_miR204","MALAT1_OFF","miR204_OFF","MALAT1_OFF__miR204_OFF","miR-204-5p inhibition rescues MALAT1 inhibition",0.002,0.008,0,0,0.006,1.33333333333333,1,TRUE
101,"Resistant-local","miR204_to_SIRT1","miR204_ON","SIRT1_ON","miR204_ON__SIRT1_ON","SIRT1 activation rescues miR-204-5p activation",0.002,0.56,0,0,0.558,1.00358422939068,1,TRUE
101,"Resistant-local","SIRT1_to_p53","SIRT1_OFF","p53_OFF","SIRT1_OFF__p53_OFF","Active p53 inhibition blocks SIRT1 inhibition",0.002,0.968,0,0,0.966,1.00207039337474,1,TRUE
101,"Resistant-local","p53_to_CASP3","p53_ON","CASP3_OFF","p53_ON__CASP3_OFF","CASP3 inhibition blocks active p53 activation",0.002,0.028,0,0,0.026,1.07692307692308,1,TRUE
101,"Resistant-local","CASP3_to_GSDME","CASP3_ON","GSDME_OFF","CASP3_ON__GSDME_OFF","GSDME loss blocks CASP3-driven pyroptosis",0.002,1,0,0,0.998,1.00200400801603,1,TRUE
101,"Resistant-local","MALAT1_to_GSDME_gate","MALAT1_OFF","GSDME_OFF","MALAT1_OFF__GSDME_OFF","GSDME loss changes the terminal fate after MALAT1 inhibition",0.002,0.008,0,0,0.006,1.33333333333333,1,TRUE
101,"Resistant-local","miR204_to_GSDME_gate","miR204_ON","GSDME_OFF","miR204_ON__GSDME_OFF","GSDME loss changes the terminal fate after miR-204-5p activation",0.002,0.56,0,0,0.558,1.00358422939068,1,TRUE
204,"Global random","MALAT1_to_miR204","MALAT1_OFF","miR204_OFF","MALAT1_OFF__miR204_OFF","miR-204-5p inhibition rescues MALAT1 inhibition",0.06,0.07,0,0,0.01,6.99999999999999,1,TRUE
204,"Global random","miR204_to_SIRT1","miR204_ON","SIRT1_ON","miR204_ON__SIRT1_ON","SIRT1 activation rescues miR-204-5p activation",0.06,0.506,0,0,0.446,1.13452914798206,1,TRUE
204,"Global random","SIRT1_to_p53","SIRT1_OFF","p53_OFF","SIRT1_OFF__p53_OFF","Active p53 inhibition blocks SIRT1 inhibition",0.06,0.926,0,0,0.866,1.06928406466513,1,TRUE
204,"Global random","p53_to_CASP3","p53_ON","CASP3_OFF","p53_ON__CASP3_OFF","CASP3 inhibition blocks active p53 activation",0.06,0.252,0,0,0.192,1.3125,1,TRUE
204,"Global random","CASP3_to_GSDME","CASP3_ON","GSDME_OFF","CASP3_ON__GSDME_OFF","GSDME loss blocks CASP3-driven pyroptosis",0.06,1,0,0,0.94,1.06382978723404,1,TRUE
204,"Global random","MALAT1_to_GSDME_gate","MALAT1_OFF","GSDME_OFF","MALAT1_OFF__GSDME_OFF","GSDME loss changes the terminal fate after MALAT1 inhibition",0.06,0.07,0,0,0.01,6.99999999999999,1,TRUE
204,"Global random","miR204_to_GSDME_gate","miR204_ON","GSDME_OFF","miR204_ON__GSDME_OFF","GSDME loss changes the terminal fate after miR-204-5p activation",0.06,0.506,0,0,0.446,1.13452914798206,1,TRUE
204,"Resistant-local","MALAT1_to_miR204","MALAT1_OFF","miR204_OFF","MALAT1_OFF__miR204_OFF","miR-204-5p inhibition rescues MALAT1 inhibition",0.002,0.004,0,0,0.002,2,1,TRUE
204,"Resistant-local","miR204_to_SIRT1","miR204_ON","SIRT1_ON","miR204_ON__SIRT1_ON","SIRT1 activation rescues miR-204-5p activation",0.002,0.558,0,0,0.556,1.00359712230216,1,TRUE
204,"Resistant-local","SIRT1_to_p53","SIRT1_OFF","p53_OFF","SIRT1_OFF__p53_OFF","Active p53 inhibition blocks SIRT1 inhibition",0.002,0.958,0,0,0.956,1.0020920502092,1,TRUE
204,"Resistant-local","p53_to_CASP3","p53_ON","CASP3_OFF","p53_ON__CASP3_OFF","CASP3 inhibition blocks active p53 activation",0.002,0.036,0,0,0.034,1.05882352941176,1,TRUE
204,"Resistant-local","CASP3_to_GSDME","CASP3_ON","GSDME_OFF","CASP3_ON__GSDME_OFF","GSDME loss blocks CASP3-driven pyroptosis",0.002,1,0,0,0.998,1.00200400801603,1,TRUE
204,"Resistant-local","MALAT1_to_GSDME_gate","MALAT1_OFF","GSDME_OFF","MALAT1_OFF__GSDME_OFF","GSDME loss changes the terminal fate after MALAT1 inhibition",0.002,0.004,0,0,0.002,2,1,TRUE
204,"Resistant-local","miR204_to_GSDME_gate","miR204_ON","GSDME_OFF","miR204_ON__GSDME_OFF","GSDME loss changes the terminal fate after miR-204-5p activation",0.002,0.558,0,0,0.556,1.00359712230216,1,TRUE
307,"Global random","MALAT1_to_miR204","MALAT1_OFF","miR204_OFF","MALAT1_OFF__miR204_OFF","miR-204-5p inhibition rescues MALAT1 inhibition",0.048,0.072,0,0,0.024,3,1,TRUE
307,"Global random","miR204_to_SIRT1","miR204_ON","SIRT1_ON","miR204_ON__SIRT1_ON","SIRT1 activation rescues miR-204-5p activation",0.048,0.474,0,0,0.426,1.11267605633803,1,TRUE
307,"Global random","SIRT1_to_p53","SIRT1_OFF","p53_OFF","SIRT1_OFF__p53_OFF","Active p53 inhibition blocks SIRT1 inhibition",0.048,0.926,0,0,0.878,1.05466970387244,1,TRUE
307,"Global random","p53_to_CASP3","p53_ON","CASP3_OFF","p53_ON__CASP3_OFF","CASP3 inhibition blocks active p53 activation",0.048,0.232,0,0,0.184,1.26086956521739,1,TRUE
307,"Global random","CASP3_to_GSDME","CASP3_ON","GSDME_OFF","CASP3_ON__GSDME_OFF","GSDME loss blocks CASP3-driven pyroptosis",0.048,1,0,0,0.952,1.05042016806723,1,TRUE
307,"Global random","MALAT1_to_GSDME_gate","MALAT1_OFF","GSDME_OFF","MALAT1_OFF__GSDME_OFF","GSDME loss changes the terminal fate after MALAT1 inhibition",0.048,0.072,0,0,0.024,3,1,TRUE
307,"Global random","miR204_to_GSDME_gate","miR204_ON","GSDME_OFF","miR204_ON__GSDME_OFF","GSDME loss changes the terminal fate after miR-204-5p activation",0.048,0.474,0,0,0.426,1.11267605633803,1,TRUE
307,"Resistant-local","MALAT1_to_miR204","MALAT1_OFF","miR204_OFF","MALAT1_OFF__miR204_OFF","miR-204-5p inhibition rescues MALAT1 inhibition",0.002,0.014,0,0,0.012,1.16666666666667,1,TRUE
307,"Resistant-local","miR204_to_SIRT1","miR204_ON","SIRT1_ON","miR204_ON__SIRT1_ON","SIRT1 activation rescues miR-204-5p activation",0.002,0.508,0,0,0.506,1.00395256916996,1,TRUE
307,"Resistant-local","SIRT1_to_p53","SIRT1_OFF","p53_OFF","SIRT1_OFF__p53_OFF","Active p53 inhibition blocks SIRT1 inhibition",0.002,0.968,0,0,0.966,1.00207039337474,1,TRUE
307,"Resistant-local","p53_to_CASP3","p53_ON","CASP3_OFF","p53_ON__CASP3_OFF","CASP3 inhibition blocks active p53 activation",0.002,0.024,0,0,0.022,1.09090909090909,1,TRUE
307,"Resistant-local","CASP3_to_GSDME","CASP3_ON","GSDME_OFF","CASP3_ON__GSDME_OFF","GSDME loss blocks CASP3-driven pyroptosis",0.002,1,0,0,0.998,1.00200400801603,1,TRUE
307,"Resistant-local","MALAT1_to_GSDME_gate","MALAT1_OFF","GSDME_OFF","MALAT1_OFF__GSDME_OFF","GSDME loss changes the terminal fate after MALAT1 inhibition",0.002,0.014,0,0,0.012,1.16666666666667,1,TRUE
307,"Resistant-local","miR204_to_GSDME_gate","miR204_ON","GSDME_OFF","miR204_ON__GSDME_OFF","GSDME loss changes the terminal fate after miR-204-5p activation",0.002,0.508,0,0,0.506,1.00395256916996,1,TRUE
509,"Global random","MALAT1_to_miR204","MALAT1_OFF","miR204_OFF","MALAT1_OFF__miR204_OFF","miR-204-5p inhibition rescues MALAT1 inhibition",0.048,0.088,0,0,0.04,2.2,1,TRUE
509,"Global random","miR204_to_SIRT1","miR204_ON","SIRT1_ON","miR204_ON__SIRT1_ON","SIRT1 activation rescues miR-204-5p activation",0.048,0.512,0,0,0.464,1.10344827586207,1,TRUE
509,"Global random","SIRT1_to_p53","SIRT1_OFF","p53_OFF","SIRT1_OFF__p53_OFF","Active p53 inhibition blocks SIRT1 inhibition",0.048,0.918,0,0,0.87,1.0551724137931,1,TRUE
509,"Global random","p53_to_CASP3","p53_ON","CASP3_OFF","p53_ON__CASP3_OFF","CASP3 inhibition blocks active p53 activation",0.048,0.268,0,0,0.22,1.21818181818182,1,TRUE
509,"Global random","CASP3_to_GSDME","CASP3_ON","GSDME_OFF","CASP3_ON__GSDME_OFF","GSDME loss blocks CASP3-driven pyroptosis",0.048,1,0,0,0.952,1.05042016806723,1,TRUE
509,"Global random","MALAT1_to_GSDME_gate","MALAT1_OFF","GSDME_OFF","MALAT1_OFF__GSDME_OFF","GSDME loss changes the terminal fate after MALAT1 inhibition",0.048,0.088,0,0,0.04,2.2,1,TRUE
509,"Global random","miR204_to_GSDME_gate","miR204_ON","GSDME_OFF","miR204_ON__GSDME_OFF","GSDME loss changes the terminal fate after miR-204-5p activation",0.048,0.512,0,0,0.464,1.10344827586207,1,TRUE
509,"Resistant-local","MALAT1_to_miR204","MALAT1_OFF","miR204_OFF","MALAT1_OFF__miR204_OFF","miR-204-5p inhibition rescues MALAT1 inhibition",0.006,0.014,0,0,0.008,1.75,1,TRUE
509,"Resistant-local","miR204_to_SIRT1","miR204_ON","SIRT1_ON","miR204_ON__SIRT1_ON","SIRT1 activation rescues miR-204-5p activation",0.006,0.464,0,0,0.458,1.01310043668122,1,TRUE
509,"Resistant-local","SIRT1_to_p53","SIRT1_OFF","p53_OFF","SIRT1_OFF__p53_OFF","Active p53 inhibition blocks SIRT1 inhibition",0.006,0.986,0,0,0.98,1.00612244897959,1,TRUE
509,"Resistant-local","p53_to_CASP3","p53_ON","CASP3_OFF","p53_ON__CASP3_OFF","CASP3 inhibition blocks active p53 activation",0.006,0.028,0,0,0.022,1.27272727272727,1,TRUE
509,"Resistant-local","CASP3_to_GSDME","CASP3_ON","GSDME_OFF","CASP3_ON__GSDME_OFF","GSDME loss blocks CASP3-driven pyroptosis",0.006,1,0,0,0.994,1.00603621730382,1,TRUE
509,"Resistant-local","MALAT1_to_GSDME_gate","MALAT1_OFF","GSDME_OFF","MALAT1_OFF__GSDME_OFF","GSDME loss changes the terminal fate after MALAT1 inhibition",0.006,0.014,0,0,0.008,1.75,1,TRUE
509,"Resistant-local","miR204_to_GSDME_gate","miR204_ON","GSDME_OFF","miR204_ON__GSDME_OFF","GSDME loss changes the terminal fate after miR-204-5p activation",0.006,0.464,0,0,0.458,1.01310043668122,1,TRUE
811,"Global random","MALAT1_to_miR204","MALAT1_OFF","miR204_OFF","MALAT1_OFF__miR204_OFF","miR-204-5p inhibition rescues MALAT1 inhibition",0.074,0.076,0,0,0.002,38,1,TRUE
811,"Global random","miR204_to_SIRT1","miR204_ON","SIRT1_ON","miR204_ON__SIRT1_ON","SIRT1 activation rescues miR-204-5p activation",0.074,0.512,0,0,0.438,1.1689497716895,1,TRUE
811,"Global random","SIRT1_to_p53","SIRT1_OFF","p53_OFF","SIRT1_OFF__p53_OFF","Active p53 inhibition blocks SIRT1 inhibition",0.074,0.912,0,0,0.838,1.08830548926014,1,TRUE
811,"Global random","p53_to_CASP3","p53_ON","CASP3_OFF","p53_ON__CASP3_OFF","CASP3 inhibition blocks active p53 activation",0.074,0.246,0,0,0.172,1.43023255813953,1,TRUE
811,"Global random","CASP3_to_GSDME","CASP3_ON","GSDME_OFF","CASP3_ON__GSDME_OFF","GSDME loss blocks CASP3-driven pyroptosis",0.074,1,0,0,0.926,1.07991360691145,1,TRUE
811,"Global random","MALAT1_to_GSDME_gate","MALAT1_OFF","GSDME_OFF","MALAT1_OFF__GSDME_OFF","GSDME loss changes the terminal fate after MALAT1 inhibition",0.074,0.076,0,0,0.002,38,1,TRUE
811,"Global random","miR204_to_GSDME_gate","miR204_ON","GSDME_OFF","miR204_ON__GSDME_OFF","GSDME loss changes the terminal fate after miR-204-5p activation",0.074,0.512,0,0,0.438,1.1689497716895,1,TRUE
811,"Resistant-local","MALAT1_to_miR204","MALAT1_OFF","miR204_OFF","MALAT1_OFF__miR204_OFF","miR-204-5p inhibition rescues MALAT1 inhibition",0.002,0.012,0,0,0.01,1.2,1,TRUE
811,"Resistant-local","miR204_to_SIRT1","miR204_ON","SIRT1_ON","miR204_ON__SIRT1_ON","SIRT1 activation rescues miR-204-5p activation",0.002,0.482,0,0,0.48,1.00416666666667,1,TRUE
811,"Resistant-local","SIRT1_to_p53","SIRT1_OFF","p53_OFF","SIRT1_OFF__p53_OFF","Active p53 inhibition blocks SIRT1 inhibition",0.002,0.952,0,0,0.95,1.00210526315789,1,TRUE
811,"Resistant-local","p53_to_CASP3","p53_ON","CASP3_OFF","p53_ON__CASP3_OFF","CASP3 inhibition blocks active p53 activation",0.002,0.03,0,0,0.028,1.07142857142857,1,TRUE
811,"Resistant-local","CASP3_to_GSDME","CASP3_ON","GSDME_OFF","CASP3_ON__GSDME_OFF","GSDME loss blocks CASP3-driven pyroptosis",0.002,1,0,0,0.998,1.00200400801603,1,TRUE
811,"Resistant-local","MALAT1_to_GSDME_gate","MALAT1_OFF","GSDME_OFF","MALAT1_OFF__GSDME_OFF","GSDME loss changes the terminal fate after MALAT1 inhibition",0.002,0.012,0,0,0.01,1.2,1,TRUE
811,"Resistant-local","miR204_to_GSDME_gate","miR204_ON","GSDME_OFF","miR204_ON__GSDME_OFF","GSDME loss changes the terminal fate after miR-204-5p activation",0.002,0.482,0,0,0.48,1.00416666666667,1,TRUE
