"initialisation","gate_test","pyroptosis_drop_n","pyroptosis_drop_mean","pyroptosis_drop_sd","pyroptosis_drop_se","pyroptosis_drop_ci_low","pyroptosis_drop_ci_high","pyroptosis_drop_min","pyroptosis_drop_max","apoptosis_gain_n","apoptosis_gain_mean","apoptosis_gain_sd","apoptosis_gain_se","apoptosis_gain_ci_low","apoptosis_gain_ci_high","apoptosis_gain_min","apoptosis_gain_max","resistance_gain_n","resistance_gain_mean","resistance_gain_sd","resistance_gain_se","resistance_gain_ci_low","resistance_gain_ci_high","resistance_gain_min","resistance_gain_max"
"Global random","BAX activation",5,0.0736,0.0139570770578943,0.00624179461373089,0.0562699998970569,0.0909300001029431,0.05,0.084,5,0.0816,0.0126806939873179,0.00567097875150313,0.0658548388037084,0.0973451611962916,0.066,0.098,5,-0.00719999999999998,0.0102567051239664,0.00458693797647187,-0.0199353814926212,0.00553538149262122,-0.0199999999999999,0.004
"Global random","CASP3 activation",5,1,0,0,1,1,1,1,5,1,0,0,1,1,1,1,5,0,0,0,0,0,0,0
"Global random","MALAT1 inhibition",5,0.0764,0.00698569967862919,0.00312409987036266,0.0677261082067825,0.0850738917932175,0.07,0.088,5,0.084,0.00199999999999999,0.000894427190999914,0.0815166720035925,0.0864833279964075,0.082,0.086,5,-0.00800000000000001,0.00927361849549571,0.00414728827066555,-0.0195147182189336,0.00351471821893357,-0.018,0
"Global random","miR-204-5p activation",5,0.4956,0.0198695747312317,0.00888594395660923,0.47092866439661,0.52027133560339,0.474,0.512,5,0.514,0.0186010752377383,0.00831865373723418,0.490903714549421,0.537096285450579,0.494,0.538,5,0,0,0,0,0,0,0
"Global random","SIRT1 inhibition",5,0.922,0.00678232998312527,0.00303315017762062,0.913578625036015,0.930421374963985,0.912,0.928,5,0.912,0.0172626765016321,0.00772010362624752,0.890565556075285,0.933434443924715,0.892,0.932,5,0,0,0,0,0,0,0
"Resistant-local","BAX activation",5,0.0056,0.00296647939483827,0.00132664991614216,0.00191662933401604,0.00928337066598396,0.002,0.01,5,0.006,0.00469041575982343,0.0020976176963403,0.000176079614419694,0.0118239203855803,0.002,0.014,5,0,0.00244948974278318,0.00109544511501033,-0.00304144322758327,0.00304144322758327,-0.004,0.002
"Resistant-local","CASP3 activation",5,1,0,0,1,1,1,1,5,1,0,0,1,1,1,1,5,0,0,0,0,0,0,0
"Resistant-local","MALAT1 inhibition",5,0.0104,0.00433589667773576,0.00193907194296653,0.0050162731953242,0.0157837268046758,0.004,0.014,5,0.0116,0.00219089023002066,0.000979795897113271,0.00887965047736698,0.014320349522633,0.008,0.014,5,-0.000800000000000001,0.00228035085019828,0.00101980390271856,-0.00363142955396455,0.00203142955396455,-0.004,0.002
"Resistant-local","miR-204-5p activation",5,0.5144,0.0436210958138376,0.0195079470985545,0.460237255765761,0.568562744234239,0.464,0.56,5,0.5124,0.0432064809953322,0.0193225257148231,0.458752068059021,0.566047931940979,0.446,0.552,5,0,0,0,0,0,0,0
"Resistant-local","SIRT1 inhibition",5,0.9664,0.0129151074327704,0.00577581163127746,0.950363776067795,0.982436223932205,0.952,0.986,5,0.9676,0.00572712842531055,0.00256124969497314,0.960488830821203,0.974711169178798,0.96,0.976,5,0,0,0,0,0,0,0
