"seed","initialisation","gate_test","gsdme_endogenous_condition","gsdme_ko_condition","phenotype","matched_trajectories","pyroptotic_with_GSDME_and_both_stable","post_ko_activation_fraction"
101,"Global random","MALAT1 inhibition","MALAT1_OFF","MALAT1_OFF__GSDME_OFF","PYROPTOSIS",500,38,0
101,"Global random","MALAT1 inhibition","MALAT1_OFF","MALAT1_OFF__GSDME_OFF","APOPTOSIS",500,38,0.552631578947368
101,"Global random","MALAT1 inhibition","MALAT1_OFF","MALAT1_OFF__GSDME_OFF","RESISTANCE",500,38,0.368421052631579
101,"Global random","MALAT1 inhibition","MALAT1_OFF","MALAT1_OFF__GSDME_OFF","PROLIFERATION",500,38,0
101,"Global random","MALAT1 inhibition","MALAT1_OFF","MALAT1_OFF__GSDME_OFF","CELL_CYCLE_ARREST",500,38,0.0789473684210526
101,"Global random","SIRT1 inhibition","SIRT1_OFF","SIRT1_OFF__GSDME_OFF","PYROPTOSIS",500,463,0
101,"Global random","SIRT1 inhibition","SIRT1_OFF","SIRT1_OFF__GSDME_OFF","APOPTOSIS",500,463,0.958963282937365
101,"Global random","SIRT1 inhibition","SIRT1_OFF","SIRT1_OFF__GSDME_OFF","RESISTANCE",500,463,0
101,"Global random","SIRT1 inhibition","SIRT1_OFF","SIRT1_OFF__GSDME_OFF","PROLIFERATION",500,463,0
101,"Global random","SIRT1 inhibition","SIRT1_OFF","SIRT1_OFF__GSDME_OFF","CELL_CYCLE_ARREST",500,463,0.041036717062635
101,"Global random","CASP3 activation","CASP3_ON","CASP3_ON__GSDME_OFF","PYROPTOSIS",500,500,0
101,"Global random","CASP3 activation","CASP3_ON","CASP3_ON__GSDME_OFF","APOPTOSIS",500,500,1
101,"Global random","CASP3 activation","CASP3_ON","CASP3_ON__GSDME_OFF","RESISTANCE",500,500,0.916
101,"Global random","CASP3 activation","CASP3_ON","CASP3_ON__GSDME_OFF","PROLIFERATION",500,500,0
101,"Global random","CASP3 activation","CASP3_ON","CASP3_ON__GSDME_OFF","CELL_CYCLE_ARREST",500,500,0
101,"Global random","miR-204-5p activation","miR204_ON","miR204_ON__GSDME_OFF","PYROPTOSIS",500,237,0
101,"Global random","miR-204-5p activation","miR204_ON","miR204_ON__GSDME_OFF","APOPTOSIS",500,237,0.721518987341772
101,"Global random","miR-204-5p activation","miR204_ON","miR204_ON__GSDME_OFF","RESISTANCE",500,237,0
101,"Global random","miR-204-5p activation","miR204_ON","miR204_ON__GSDME_OFF","PROLIFERATION",500,237,0
101,"Global random","miR-204-5p activation","miR204_ON","miR204_ON__GSDME_OFF","CELL_CYCLE_ARREST",500,237,0.278481012658228
101,"Global random","BAX activation","BAX_ON","BAX_ON__GSDME_OFF","PYROPTOSIS",500,25,0
101,"Global random","BAX activation","BAX_ON","BAX_ON__GSDME_OFF","APOPTOSIS",500,25,0.68
101,"Global random","BAX activation","BAX_ON","BAX_ON__GSDME_OFF","RESISTANCE",500,25,0.32
101,"Global random","BAX activation","BAX_ON","BAX_ON__GSDME_OFF","PROLIFERATION",500,25,0
101,"Global random","BAX activation","BAX_ON","BAX_ON__GSDME_OFF","CELL_CYCLE_ARREST",500,25,0
101,"Resistant-local","MALAT1 inhibition","MALAT1_OFF","MALAT1_OFF__GSDME_OFF","PYROPTOSIS",500,4,0
101,"Resistant-local","MALAT1 inhibition","MALAT1_OFF","MALAT1_OFF__GSDME_OFF","APOPTOSIS",500,4,0.75
101,"Resistant-local","MALAT1 inhibition","MALAT1_OFF","MALAT1_OFF__GSDME_OFF","RESISTANCE",500,4,0.25
101,"Resistant-local","MALAT1 inhibition","MALAT1_OFF","MALAT1_OFF__GSDME_OFF","PROLIFERATION",500,4,0
101,"Resistant-local","MALAT1 inhibition","MALAT1_OFF","MALAT1_OFF__GSDME_OFF","CELL_CYCLE_ARREST",500,4,0
101,"Resistant-local","SIRT1 inhibition","SIRT1_OFF","SIRT1_OFF__GSDME_OFF","PYROPTOSIS",500,484,0
101,"Resistant-local","SIRT1 inhibition","SIRT1_OFF","SIRT1_OFF__GSDME_OFF","APOPTOSIS",500,484,0.979338842975207
101,"Resistant-local","SIRT1 inhibition","SIRT1_OFF","SIRT1_OFF__GSDME_OFF","RESISTANCE",500,484,0
101,"Resistant-local","SIRT1 inhibition","SIRT1_OFF","SIRT1_OFF__GSDME_OFF","PROLIFERATION",500,484,0
101,"Resistant-local","SIRT1 inhibition","SIRT1_OFF","SIRT1_OFF__GSDME_OFF","CELL_CYCLE_ARREST",500,484,0.0206611570247934
101,"Resistant-local","CASP3 activation","CASP3_ON","CASP3_ON__GSDME_OFF","PYROPTOSIS",500,500,0
101,"Resistant-local","CASP3 activation","CASP3_ON","CASP3_ON__GSDME_OFF","APOPTOSIS",500,500,1
101,"Resistant-local","CASP3 activation","CASP3_ON","CASP3_ON__GSDME_OFF","RESISTANCE",500,500,0.996
101,"Resistant-local","CASP3 activation","CASP3_ON","CASP3_ON__GSDME_OFF","PROLIFERATION",500,500,0
101,"Resistant-local","CASP3 activation","CASP3_ON","CASP3_ON__GSDME_OFF","CELL_CYCLE_ARREST",500,500,0
101,"Resistant-local","miR-204-5p activation","miR204_ON","miR204_ON__GSDME_OFF","PYROPTOSIS",500,280,0
101,"Resistant-local","miR-204-5p activation","miR204_ON","miR204_ON__GSDME_OFF","APOPTOSIS",500,280,0.907142857142857
101,"Resistant-local","miR-204-5p activation","miR204_ON","miR204_ON__GSDME_OFF","RESISTANCE",500,280,0
101,"Resistant-local","miR-204-5p activation","miR204_ON","miR204_ON__GSDME_OFF","PROLIFERATION",500,280,0
101,"Resistant-local","miR-204-5p activation","miR204_ON","miR204_ON__GSDME_OFF","CELL_CYCLE_ARREST",500,280,0.0928571428571429
101,"Resistant-local","BAX activation","BAX_ON","BAX_ON__GSDME_OFF","PYROPTOSIS",500,3,0
101,"Resistant-local","BAX activation","BAX_ON","BAX_ON__GSDME_OFF","APOPTOSIS",500,3,0.666666666666667
101,"Resistant-local","BAX activation","BAX_ON","BAX_ON__GSDME_OFF","RESISTANCE",500,3,0.333333333333333
101,"Resistant-local","BAX activation","BAX_ON","BAX_ON__GSDME_OFF","PROLIFERATION",500,3,0
101,"Resistant-local","BAX activation","BAX_ON","BAX_ON__GSDME_OFF","CELL_CYCLE_ARREST",500,3,0
204,"Global random","MALAT1 inhibition","MALAT1_OFF","MALAT1_OFF__GSDME_OFF","PYROPTOSIS",500,35,0
204,"Global random","MALAT1 inhibition","MALAT1_OFF","MALAT1_OFF__GSDME_OFF","APOPTOSIS",500,35,0.685714285714286
204,"Global random","MALAT1 inhibition","MALAT1_OFF","MALAT1_OFF__GSDME_OFF","RESISTANCE",500,35,0.257142857142857
204,"Global random","MALAT1 inhibition","MALAT1_OFF","MALAT1_OFF__GSDME_OFF","PROLIFERATION",500,35,0
204,"Global random","MALAT1 inhibition","MALAT1_OFF","MALAT1_OFF__GSDME_OFF","CELL_CYCLE_ARREST",500,35,0.0571428571428571
204,"Global random","SIRT1 inhibition","SIRT1_OFF","SIRT1_OFF__GSDME_OFF","PYROPTOSIS",500,463,0
204,"Global random","SIRT1 inhibition","SIRT1_OFF","SIRT1_OFF__GSDME_OFF","APOPTOSIS",500,463,0.91792656587473
204,"Global random","SIRT1 inhibition","SIRT1_OFF","SIRT1_OFF__GSDME_OFF","RESISTANCE",500,463,0
204,"Global random","SIRT1 inhibition","SIRT1_OFF","SIRT1_OFF__GSDME_OFF","PROLIFERATION",500,463,0
204,"Global random","SIRT1 inhibition","SIRT1_OFF","SIRT1_OFF__GSDME_OFF","CELL_CYCLE_ARREST",500,463,0.08207343412527
204,"Global random","CASP3 activation","CASP3_ON","CASP3_ON__GSDME_OFF","PYROPTOSIS",500,500,0
204,"Global random","CASP3 activation","CASP3_ON","CASP3_ON__GSDME_OFF","APOPTOSIS",500,500,1
204,"Global random","CASP3 activation","CASP3_ON","CASP3_ON__GSDME_OFF","RESISTANCE",500,500,0.914
204,"Global random","CASP3 activation","CASP3_ON","CASP3_ON__GSDME_OFF","PROLIFERATION",500,500,0
204,"Global random","CASP3 activation","CASP3_ON","CASP3_ON__GSDME_OFF","CELL_CYCLE_ARREST",500,500,0
204,"Global random","miR-204-5p activation","miR204_ON","miR204_ON__GSDME_OFF","PYROPTOSIS",500,253,0
204,"Global random","miR-204-5p activation","miR204_ON","miR204_ON__GSDME_OFF","APOPTOSIS",500,253,0.636363636363636
204,"Global random","miR-204-5p activation","miR204_ON","miR204_ON__GSDME_OFF","RESISTANCE",500,253,0
204,"Global random","miR-204-5p activation","miR204_ON","miR204_ON__GSDME_OFF","PROLIFERATION",500,253,0
204,"Global random","miR-204-5p activation","miR204_ON","miR204_ON__GSDME_OFF","CELL_CYCLE_ARREST",500,253,0.363636363636364
204,"Global random","BAX activation","BAX_ON","BAX_ON__GSDME_OFF","PYROPTOSIS",500,41,0
204,"Global random","BAX activation","BAX_ON","BAX_ON__GSDME_OFF","APOPTOSIS",500,41,0.731707317073171
204,"Global random","BAX activation","BAX_ON","BAX_ON__GSDME_OFF","RESISTANCE",500,41,0.268292682926829
204,"Global random","BAX activation","BAX_ON","BAX_ON__GSDME_OFF","PROLIFERATION",500,41,0
204,"Global random","BAX activation","BAX_ON","BAX_ON__GSDME_OFF","CELL_CYCLE_ARREST",500,41,0
204,"Resistant-local","MALAT1 inhibition","MALAT1_OFF","MALAT1_OFF__GSDME_OFF","PYROPTOSIS",500,2,0
204,"Resistant-local","MALAT1 inhibition","MALAT1_OFF","MALAT1_OFF__GSDME_OFF","APOPTOSIS",500,2,1
204,"Resistant-local","MALAT1 inhibition","MALAT1_OFF","MALAT1_OFF__GSDME_OFF","RESISTANCE",500,2,0
204,"Resistant-local","MALAT1 inhibition","MALAT1_OFF","MALAT1_OFF__GSDME_OFF","PROLIFERATION",500,2,0
204,"Resistant-local","MALAT1 inhibition","MALAT1_OFF","MALAT1_OFF__GSDME_OFF","CELL_CYCLE_ARREST",500,2,0
204,"Resistant-local","SIRT1 inhibition","SIRT1_OFF","SIRT1_OFF__GSDME_OFF","PYROPTOSIS",500,479,0
204,"Resistant-local","SIRT1 inhibition","SIRT1_OFF","SIRT1_OFF__GSDME_OFF","APOPTOSIS",500,479,0.97286012526096
204,"Resistant-local","SIRT1 inhibition","SIRT1_OFF","SIRT1_OFF__GSDME_OFF","RESISTANCE",500,479,0
204,"Resistant-local","SIRT1 inhibition","SIRT1_OFF","SIRT1_OFF__GSDME_OFF","PROLIFERATION",500,479,0
204,"Resistant-local","SIRT1 inhibition","SIRT1_OFF","SIRT1_OFF__GSDME_OFF","CELL_CYCLE_ARREST",500,479,0.0271398747390397
204,"Resistant-local","CASP3 activation","CASP3_ON","CASP3_ON__GSDME_OFF","PYROPTOSIS",500,500,0
204,"Resistant-local","CASP3 activation","CASP3_ON","CASP3_ON__GSDME_OFF","APOPTOSIS",500,500,1
204,"Resistant-local","CASP3 activation","CASP3_ON","CASP3_ON__GSDME_OFF","RESISTANCE",500,500,0.998
204,"Resistant-local","CASP3 activation","CASP3_ON","CASP3_ON__GSDME_OFF","PROLIFERATION",500,500,0
204,"Resistant-local","CASP3 activation","CASP3_ON","CASP3_ON__GSDME_OFF","CELL_CYCLE_ARREST",500,500,0
204,"Resistant-local","miR-204-5p activation","miR204_ON","miR204_ON__GSDME_OFF","PYROPTOSIS",500,279,0
204,"Resistant-local","miR-204-5p activation","miR204_ON","miR204_ON__GSDME_OFF","APOPTOSIS",500,279,0.917562724014337
204,"Resistant-local","miR-204-5p activation","miR204_ON","miR204_ON__GSDME_OFF","RESISTANCE",500,279,0
204,"Resistant-local","miR-204-5p activation","miR204_ON","miR204_ON__GSDME_OFF","PROLIFERATION",500,279,0
204,"Resistant-local","miR-204-5p activation","miR204_ON","miR204_ON__GSDME_OFF","CELL_CYCLE_ARREST",500,279,0.0824372759856631
204,"Resistant-local","BAX activation","BAX_ON","BAX_ON__GSDME_OFF","PYROPTOSIS",500,3,0
204,"Resistant-local","BAX activation","BAX_ON","BAX_ON__GSDME_OFF","APOPTOSIS",500,3,0.333333333333333
204,"Resistant-local","BAX activation","BAX_ON","BAX_ON__GSDME_OFF","RESISTANCE",500,3,0.666666666666667
204,"Resistant-local","BAX activation","BAX_ON","BAX_ON__GSDME_OFF","PROLIFERATION",500,3,0
204,"Resistant-local","BAX activation","BAX_ON","BAX_ON__GSDME_OFF","CELL_CYCLE_ARREST",500,3,0
307,"Global random","MALAT1 inhibition","MALAT1_OFF","MALAT1_OFF__GSDME_OFF","PYROPTOSIS",500,36,0
307,"Global random","MALAT1 inhibition","MALAT1_OFF","MALAT1_OFF__GSDME_OFF","APOPTOSIS",500,36,0.583333333333333
307,"Global random","MALAT1 inhibition","MALAT1_OFF","MALAT1_OFF__GSDME_OFF","RESISTANCE",500,36,0.361111111111111
307,"Global random","MALAT1 inhibition","MALAT1_OFF","MALAT1_OFF__GSDME_OFF","PROLIFERATION",500,36,0
307,"Global random","MALAT1 inhibition","MALAT1_OFF","MALAT1_OFF__GSDME_OFF","CELL_CYCLE_ARREST",500,36,0.0555555555555556
307,"Global random","SIRT1 inhibition","SIRT1_OFF","SIRT1_OFF__GSDME_OFF","PYROPTOSIS",500,463,0
307,"Global random","SIRT1 inhibition","SIRT1_OFF","SIRT1_OFF__GSDME_OFF","APOPTOSIS",500,463,0.952483801295896
307,"Global random","SIRT1 inhibition","SIRT1_OFF","SIRT1_OFF__GSDME_OFF","RESISTANCE",500,463,0
307,"Global random","SIRT1 inhibition","SIRT1_OFF","SIRT1_OFF__GSDME_OFF","PROLIFERATION",500,463,0
307,"Global random","SIRT1 inhibition","SIRT1_OFF","SIRT1_OFF__GSDME_OFF","CELL_CYCLE_ARREST",500,463,0.0475161987041037
307,"Global random","CASP3 activation","CASP3_ON","CASP3_ON__GSDME_OFF","PYROPTOSIS",500,500,0
307,"Global random","CASP3 activation","CASP3_ON","CASP3_ON__GSDME_OFF","APOPTOSIS",500,500,1
307,"Global random","CASP3 activation","CASP3_ON","CASP3_ON__GSDME_OFF","RESISTANCE",500,500,0.918
307,"Global random","CASP3 activation","CASP3_ON","CASP3_ON__GSDME_OFF","PROLIFERATION",500,500,0
307,"Global random","CASP3 activation","CASP3_ON","CASP3_ON__GSDME_OFF","CELL_CYCLE_ARREST",500,500,0
307,"Global random","miR-204-5p activation","miR204_ON","miR204_ON__GSDME_OFF","PYROPTOSIS",500,237,0
307,"Global random","miR-204-5p activation","miR204_ON","miR204_ON__GSDME_OFF","APOPTOSIS",500,237,0.717299578059072
307,"Global random","miR-204-5p activation","miR204_ON","miR204_ON__GSDME_OFF","RESISTANCE",500,237,0
307,"Global random","miR-204-5p activation","miR204_ON","miR204_ON__GSDME_OFF","PROLIFERATION",500,237,0
307,"Global random","miR-204-5p activation","miR204_ON","miR204_ON__GSDME_OFF","CELL_CYCLE_ARREST",500,237,0.282700421940928
307,"Global random","BAX activation","BAX_ON","BAX_ON__GSDME_OFF","PYROPTOSIS",500,36,0
307,"Global random","BAX activation","BAX_ON","BAX_ON__GSDME_OFF","APOPTOSIS",500,36,0.527777777777778
307,"Global random","BAX activation","BAX_ON","BAX_ON__GSDME_OFF","RESISTANCE",500,36,0.444444444444444
307,"Global random","BAX activation","BAX_ON","BAX_ON__GSDME_OFF","PROLIFERATION",500,36,0
307,"Global random","BAX activation","BAX_ON","BAX_ON__GSDME_OFF","CELL_CYCLE_ARREST",500,36,0.0277777777777778
307,"Resistant-local","MALAT1 inhibition","MALAT1_OFF","MALAT1_OFF__GSDME_OFF","PYROPTOSIS",500,7,0
307,"Resistant-local","MALAT1 inhibition","MALAT1_OFF","MALAT1_OFF__GSDME_OFF","APOPTOSIS",500,7,0.714285714285714
307,"Resistant-local","MALAT1 inhibition","MALAT1_OFF","MALAT1_OFF__GSDME_OFF","RESISTANCE",500,7,0.285714285714286
307,"Resistant-local","MALAT1 inhibition","MALAT1_OFF","MALAT1_OFF__GSDME_OFF","PROLIFERATION",500,7,0
307,"Resistant-local","MALAT1 inhibition","MALAT1_OFF","MALAT1_OFF__GSDME_OFF","CELL_CYCLE_ARREST",500,7,0
307,"Resistant-local","SIRT1 inhibition","SIRT1_OFF","SIRT1_OFF__GSDME_OFF","PYROPTOSIS",500,484,0
307,"Resistant-local","SIRT1 inhibition","SIRT1_OFF","SIRT1_OFF__GSDME_OFF","APOPTOSIS",500,484,0.985537190082645
307,"Resistant-local","SIRT1 inhibition","SIRT1_OFF","SIRT1_OFF__GSDME_OFF","RESISTANCE",500,484,0
307,"Resistant-local","SIRT1 inhibition","SIRT1_OFF","SIRT1_OFF__GSDME_OFF","PROLIFERATION",500,484,0
307,"Resistant-local","SIRT1 inhibition","SIRT1_OFF","SIRT1_OFF__GSDME_OFF","CELL_CYCLE_ARREST",500,484,0.0144628099173554
307,"Resistant-local","CASP3 activation","CASP3_ON","CASP3_ON__GSDME_OFF","PYROPTOSIS",500,500,0
307,"Resistant-local","CASP3 activation","CASP3_ON","CASP3_ON__GSDME_OFF","APOPTOSIS",500,500,1
307,"Resistant-local","CASP3 activation","CASP3_ON","CASP3_ON__GSDME_OFF","RESISTANCE",500,500,0.998
307,"Resistant-local","CASP3 activation","CASP3_ON","CASP3_ON__GSDME_OFF","PROLIFERATION",500,500,0
307,"Resistant-local","CASP3 activation","CASP3_ON","CASP3_ON__GSDME_OFF","CELL_CYCLE_ARREST",500,500,0
307,"Resistant-local","miR-204-5p activation","miR204_ON","miR204_ON__GSDME_OFF","PYROPTOSIS",500,254,0
307,"Resistant-local","miR-204-5p activation","miR204_ON","miR204_ON__GSDME_OFF","APOPTOSIS",500,254,0.940944881889764
307,"Resistant-local","miR-204-5p activation","miR204_ON","miR204_ON__GSDME_OFF","RESISTANCE",500,254,0
307,"Resistant-local","miR-204-5p activation","miR204_ON","miR204_ON__GSDME_OFF","PROLIFERATION",500,254,0
307,"Resistant-local","miR-204-5p activation","miR204_ON","miR204_ON__GSDME_OFF","CELL_CYCLE_ARREST",500,254,0.0590551181102362
307,"Resistant-local","BAX activation","BAX_ON","BAX_ON__GSDME_OFF","PYROPTOSIS",500,1,0
307,"Resistant-local","BAX activation","BAX_ON","BAX_ON__GSDME_OFF","APOPTOSIS",500,1,0
307,"Resistant-local","BAX activation","BAX_ON","BAX_ON__GSDME_OFF","RESISTANCE",500,1,1
307,"Resistant-local","BAX activation","BAX_ON","BAX_ON__GSDME_OFF","PROLIFERATION",500,1,0
307,"Resistant-local","BAX activation","BAX_ON","BAX_ON__GSDME_OFF","CELL_CYCLE_ARREST",500,1,0
509,"Global random","MALAT1 inhibition","MALAT1_OFF","MALAT1_OFF__GSDME_OFF","PYROPTOSIS",500,44,0
509,"Global random","MALAT1 inhibition","MALAT1_OFF","MALAT1_OFF__GSDME_OFF","APOPTOSIS",500,44,0.568181818181818
509,"Global random","MALAT1 inhibition","MALAT1_OFF","MALAT1_OFF__GSDME_OFF","RESISTANCE",500,44,0.363636363636364
509,"Global random","MALAT1 inhibition","MALAT1_OFF","MALAT1_OFF__GSDME_OFF","PROLIFERATION",500,44,0
509,"Global random","MALAT1 inhibition","MALAT1_OFF","MALAT1_OFF__GSDME_OFF","CELL_CYCLE_ARREST",500,44,0.0681818181818182
509,"Global random","SIRT1 inhibition","SIRT1_OFF","SIRT1_OFF__GSDME_OFF","PYROPTOSIS",500,458,0
509,"Global random","SIRT1 inhibition","SIRT1_OFF","SIRT1_OFF__GSDME_OFF","APOPTOSIS",500,458,0.956331877729258
509,"Global random","SIRT1 inhibition","SIRT1_OFF","SIRT1_OFF__GSDME_OFF","RESISTANCE",500,458,0
509,"Global random","SIRT1 inhibition","SIRT1_OFF","SIRT1_OFF__GSDME_OFF","PROLIFERATION",500,458,0
509,"Global random","SIRT1 inhibition","SIRT1_OFF","SIRT1_OFF__GSDME_OFF","CELL_CYCLE_ARREST",500,458,0.0436681222707424
509,"Global random","CASP3 activation","CASP3_ON","CASP3_ON__GSDME_OFF","PYROPTOSIS",500,500,0
509,"Global random","CASP3 activation","CASP3_ON","CASP3_ON__GSDME_OFF","APOPTOSIS",500,500,1
509,"Global random","CASP3 activation","CASP3_ON","CASP3_ON__GSDME_OFF","RESISTANCE",500,500,0.898
509,"Global random","CASP3 activation","CASP3_ON","CASP3_ON__GSDME_OFF","PROLIFERATION",500,500,0
509,"Global random","CASP3 activation","CASP3_ON","CASP3_ON__GSDME_OFF","CELL_CYCLE_ARREST",500,500,0
509,"Global random","miR-204-5p activation","miR204_ON","miR204_ON__GSDME_OFF","PYROPTOSIS",500,256,0
509,"Global random","miR-204-5p activation","miR204_ON","miR204_ON__GSDME_OFF","APOPTOSIS",500,256,0.6875
509,"Global random","miR-204-5p activation","miR204_ON","miR204_ON__GSDME_OFF","RESISTANCE",500,256,0
509,"Global random","miR-204-5p activation","miR204_ON","miR204_ON__GSDME_OFF","PROLIFERATION",500,256,0
509,"Global random","miR-204-5p activation","miR204_ON","miR204_ON__GSDME_OFF","CELL_CYCLE_ARREST",500,256,0.3125
509,"Global random","BAX activation","BAX_ON","BAX_ON__GSDME_OFF","PYROPTOSIS",500,40,0
509,"Global random","BAX activation","BAX_ON","BAX_ON__GSDME_OFF","APOPTOSIS",500,40,0.425
509,"Global random","BAX activation","BAX_ON","BAX_ON__GSDME_OFF","RESISTANCE",500,40,0.575
509,"Global random","BAX activation","BAX_ON","BAX_ON__GSDME_OFF","PROLIFERATION",500,40,0
509,"Global random","BAX activation","BAX_ON","BAX_ON__GSDME_OFF","CELL_CYCLE_ARREST",500,40,0
509,"Resistant-local","MALAT1 inhibition","MALAT1_OFF","MALAT1_OFF__GSDME_OFF","PYROPTOSIS",500,7,0
509,"Resistant-local","MALAT1 inhibition","MALAT1_OFF","MALAT1_OFF__GSDME_OFF","APOPTOSIS",500,7,0.714285714285714
509,"Resistant-local","MALAT1 inhibition","MALAT1_OFF","MALAT1_OFF__GSDME_OFF","RESISTANCE",500,7,0.285714285714286
509,"Resistant-local","MALAT1 inhibition","MALAT1_OFF","MALAT1_OFF__GSDME_OFF","PROLIFERATION",500,7,0
509,"Resistant-local","MALAT1 inhibition","MALAT1_OFF","MALAT1_OFF__GSDME_OFF","CELL_CYCLE_ARREST",500,7,0
509,"Resistant-local","SIRT1 inhibition","SIRT1_OFF","SIRT1_OFF__GSDME_OFF","PYROPTOSIS",500,493,0
509,"Resistant-local","SIRT1 inhibition","SIRT1_OFF","SIRT1_OFF__GSDME_OFF","APOPTOSIS",500,493,0.975659229208925
509,"Resistant-local","SIRT1 inhibition","SIRT1_OFF","SIRT1_OFF__GSDME_OFF","RESISTANCE",500,493,0
509,"Resistant-local","SIRT1 inhibition","SIRT1_OFF","SIRT1_OFF__GSDME_OFF","PROLIFERATION",500,493,0
509,"Resistant-local","SIRT1 inhibition","SIRT1_OFF","SIRT1_OFF__GSDME_OFF","CELL_CYCLE_ARREST",500,493,0.0243407707910751
509,"Resistant-local","CASP3 activation","CASP3_ON","CASP3_ON__GSDME_OFF","PYROPTOSIS",500,500,0
509,"Resistant-local","CASP3 activation","CASP3_ON","CASP3_ON__GSDME_OFF","APOPTOSIS",500,500,1
509,"Resistant-local","CASP3 activation","CASP3_ON","CASP3_ON__GSDME_OFF","RESISTANCE",500,500,0.988
509,"Resistant-local","CASP3 activation","CASP3_ON","CASP3_ON__GSDME_OFF","PROLIFERATION",500,500,0
509,"Resistant-local","CASP3 activation","CASP3_ON","CASP3_ON__GSDME_OFF","CELL_CYCLE_ARREST",500,500,0
509,"Resistant-local","miR-204-5p activation","miR204_ON","miR204_ON__GSDME_OFF","PYROPTOSIS",500,232,0
509,"Resistant-local","miR-204-5p activation","miR204_ON","miR204_ON__GSDME_OFF","APOPTOSIS",500,232,0.857758620689655
509,"Resistant-local","miR-204-5p activation","miR204_ON","miR204_ON__GSDME_OFF","RESISTANCE",500,232,0
509,"Resistant-local","miR-204-5p activation","miR204_ON","miR204_ON__GSDME_OFF","PROLIFERATION",500,232,0
509,"Resistant-local","miR-204-5p activation","miR204_ON","miR204_ON__GSDME_OFF","CELL_CYCLE_ARREST",500,232,0.142241379310345
509,"Resistant-local","BAX activation","BAX_ON","BAX_ON__GSDME_OFF","PYROPTOSIS",500,5,0
509,"Resistant-local","BAX activation","BAX_ON","BAX_ON__GSDME_OFF","APOPTOSIS",500,5,0.8
509,"Resistant-local","BAX activation","BAX_ON","BAX_ON__GSDME_OFF","RESISTANCE",500,5,0.2
509,"Resistant-local","BAX activation","BAX_ON","BAX_ON__GSDME_OFF","PROLIFERATION",500,5,0
509,"Resistant-local","BAX activation","BAX_ON","BAX_ON__GSDME_OFF","CELL_CYCLE_ARREST",500,5,0
811,"Global random","MALAT1 inhibition","MALAT1_OFF","MALAT1_OFF__GSDME_OFF","PYROPTOSIS",500,38,0
811,"Global random","MALAT1 inhibition","MALAT1_OFF","MALAT1_OFF__GSDME_OFF","APOPTOSIS",500,38,0.605263157894737
811,"Global random","MALAT1 inhibition","MALAT1_OFF","MALAT1_OFF__GSDME_OFF","RESISTANCE",500,38,0.342105263157895
811,"Global random","MALAT1 inhibition","MALAT1_OFF","MALAT1_OFF__GSDME_OFF","PROLIFERATION",500,38,0
811,"Global random","MALAT1 inhibition","MALAT1_OFF","MALAT1_OFF__GSDME_OFF","CELL_CYCLE_ARREST",500,38,0.0526315789473684
811,"Global random","SIRT1 inhibition","SIRT1_OFF","SIRT1_OFF__GSDME_OFF","PYROPTOSIS",500,456,0
811,"Global random","SIRT1 inhibition","SIRT1_OFF","SIRT1_OFF__GSDME_OFF","APOPTOSIS",500,456,0.925438596491228
811,"Global random","SIRT1 inhibition","SIRT1_OFF","SIRT1_OFF__GSDME_OFF","RESISTANCE",500,456,0
811,"Global random","SIRT1 inhibition","SIRT1_OFF","SIRT1_OFF__GSDME_OFF","PROLIFERATION",500,456,0
811,"Global random","SIRT1 inhibition","SIRT1_OFF","SIRT1_OFF__GSDME_OFF","CELL_CYCLE_ARREST",500,456,0.0745614035087719
811,"Global random","CASP3 activation","CASP3_ON","CASP3_ON__GSDME_OFF","PYROPTOSIS",500,500,0
811,"Global random","CASP3 activation","CASP3_ON","CASP3_ON__GSDME_OFF","APOPTOSIS",500,500,1
811,"Global random","CASP3 activation","CASP3_ON","CASP3_ON__GSDME_OFF","RESISTANCE",500,500,0.918
811,"Global random","CASP3 activation","CASP3_ON","CASP3_ON__GSDME_OFF","PROLIFERATION",500,500,0
811,"Global random","CASP3 activation","CASP3_ON","CASP3_ON__GSDME_OFF","CELL_CYCLE_ARREST",500,500,0
811,"Global random","miR-204-5p activation","miR204_ON","miR204_ON__GSDME_OFF","PYROPTOSIS",500,256,0
811,"Global random","miR-204-5p activation","miR204_ON","miR204_ON__GSDME_OFF","APOPTOSIS",500,256,0.69140625
811,"Global random","miR-204-5p activation","miR204_ON","miR204_ON__GSDME_OFF","RESISTANCE",500,256,0
811,"Global random","miR-204-5p activation","miR204_ON","miR204_ON__GSDME_OFF","PROLIFERATION",500,256,0
811,"Global random","miR-204-5p activation","miR204_ON","miR204_ON__GSDME_OFF","CELL_CYCLE_ARREST",500,256,0.30859375
811,"Global random","BAX activation","BAX_ON","BAX_ON__GSDME_OFF","PYROPTOSIS",500,42,0
811,"Global random","BAX activation","BAX_ON","BAX_ON__GSDME_OFF","APOPTOSIS",500,42,0.547619047619048
811,"Global random","BAX activation","BAX_ON","BAX_ON__GSDME_OFF","RESISTANCE",500,42,0.404761904761905
811,"Global random","BAX activation","BAX_ON","BAX_ON__GSDME_OFF","PROLIFERATION",500,42,0
811,"Global random","BAX activation","BAX_ON","BAX_ON__GSDME_OFF","CELL_CYCLE_ARREST",500,42,0.0476190476190476
811,"Resistant-local","MALAT1 inhibition","MALAT1_OFF","MALAT1_OFF__GSDME_OFF","PYROPTOSIS",500,6,0
811,"Resistant-local","MALAT1 inhibition","MALAT1_OFF","MALAT1_OFF__GSDME_OFF","APOPTOSIS",500,6,0.833333333333333
811,"Resistant-local","MALAT1 inhibition","MALAT1_OFF","MALAT1_OFF__GSDME_OFF","RESISTANCE",500,6,0
811,"Resistant-local","MALAT1 inhibition","MALAT1_OFF","MALAT1_OFF__GSDME_OFF","PROLIFERATION",500,6,0
811,"Resistant-local","MALAT1 inhibition","MALAT1_OFF","MALAT1_OFF__GSDME_OFF","CELL_CYCLE_ARREST",500,6,0.166666666666667
811,"Resistant-local","SIRT1 inhibition","SIRT1_OFF","SIRT1_OFF__GSDME_OFF","PYROPTOSIS",500,476,0
811,"Resistant-local","SIRT1 inhibition","SIRT1_OFF","SIRT1_OFF__GSDME_OFF","APOPTOSIS",500,476,0.98109243697479
811,"Resistant-local","SIRT1 inhibition","SIRT1_OFF","SIRT1_OFF__GSDME_OFF","RESISTANCE",500,476,0
811,"Resistant-local","SIRT1 inhibition","SIRT1_OFF","SIRT1_OFF__GSDME_OFF","PROLIFERATION",500,476,0
811,"Resistant-local","SIRT1 inhibition","SIRT1_OFF","SIRT1_OFF__GSDME_OFF","CELL_CYCLE_ARREST",500,476,0.0189075630252101
811,"Resistant-local","CASP3 activation","CASP3_ON","CASP3_ON__GSDME_OFF","PYROPTOSIS",500,500,0
811,"Resistant-local","CASP3 activation","CASP3_ON","CASP3_ON__GSDME_OFF","APOPTOSIS",500,500,1
811,"Resistant-local","CASP3 activation","CASP3_ON","CASP3_ON__GSDME_OFF","RESISTANCE",500,500,1
811,"Resistant-local","CASP3 activation","CASP3_ON","CASP3_ON__GSDME_OFF","PROLIFERATION",500,500,0
811,"Resistant-local","CASP3 activation","CASP3_ON","CASP3_ON__GSDME_OFF","CELL_CYCLE_ARREST",500,500,0
811,"Resistant-local","miR-204-5p activation","miR204_ON","miR204_ON__GSDME_OFF","PYROPTOSIS",500,241,0
811,"Resistant-local","miR-204-5p activation","miR204_ON","miR204_ON__GSDME_OFF","APOPTOSIS",500,241,0.912863070539419
811,"Resistant-local","miR-204-5p activation","miR204_ON","miR204_ON__GSDME_OFF","RESISTANCE",500,241,0
811,"Resistant-local","miR-204-5p activation","miR204_ON","miR204_ON__GSDME_OFF","PROLIFERATION",500,241,0
811,"Resistant-local","miR-204-5p activation","miR204_ON","miR204_ON__GSDME_OFF","CELL_CYCLE_ARREST",500,241,0.0871369294605809
811,"Resistant-local","BAX activation","BAX_ON","BAX_ON__GSDME_OFF","PYROPTOSIS",500,2,0
811,"Resistant-local","BAX activation","BAX_ON","BAX_ON__GSDME_OFF","APOPTOSIS",500,2,0.5
811,"Resistant-local","BAX activation","BAX_ON","BAX_ON__GSDME_OFF","RESISTANCE",500,2,0.5
811,"Resistant-local","BAX activation","BAX_ON","BAX_ON__GSDME_OFF","PROLIFERATION",500,2,0
811,"Resistant-local","BAX activation","BAX_ON","BAX_ON__GSDME_OFF","CELL_CYCLE_ARREST",500,2,0
