"initialisation","gate_test","phenotype","post_ko_activation_fraction_n","post_ko_activation_fraction_mean","post_ko_activation_fraction_sd","post_ko_activation_fraction_se","post_ko_activation_fraction_ci_low","post_ko_activation_fraction_ci_high","post_ko_activation_fraction_min","post_ko_activation_fraction_max","pyroptotic_with_GSDME_and_both_stable_n","pyroptotic_with_GSDME_and_both_stable_mean","pyroptotic_with_GSDME_and_both_stable_sd","pyroptotic_with_GSDME_and_both_stable_se","pyroptotic_with_GSDME_and_both_stable_ci_low","pyroptotic_with_GSDME_and_both_stable_ci_high","pyroptotic_with_GSDME_and_both_stable_min","pyroptotic_with_GSDME_and_both_stable_max"
"Global random","BAX activation","APOPTOSIS",5,0.582420828493999,0.123274586362597,0.055130071000987,0.429355212714102,0.735486444273897,0.425,0.731707317073171,5,36.8,6.97853852894716,3.12089730686545,28.1349999485285,45.4650000514715,25,42
"Global random","BAX activation","CELL_CYCLE_ARREST",5,0.0150793650793651,0.0218073518476732,0.00975254422813056,-0.011998038606053,0.0421567687647832,0,0.0476190476190476,5,36.8,6.97853852894716,3.12089730686545,28.1349999485285,45.4650000514715,25,42
"Global random","BAX activation","PROLIFERATION",5,0,0,0,0,0,0,0,5,36.8,6.97853852894716,3.12089730686545,28.1349999485285,45.4650000514715,25,42
"Global random","BAX activation","PYROPTOSIS",5,0,0,0,0,0,0,0,5,36.8,6.97853852894716,3.12089730686545,28.1349999485285,45.4650000514715,25,42
"Global random","BAX activation","RESISTANCE",5,0.402499806426636,0.118678722386003,0.0530747381475859,0.255140709487116,0.549858903366155,0.268292682926829,0.575,5,36.8,6.97853852894716,3.12089730686545,28.1349999485285,45.4650000514715,25,42
"Global random","CASP3 activation","APOPTOSIS",5,1,0,0,1,1,1,1,5,500,0,0,500,500,500,500
"Global random","CASP3 activation","CELL_CYCLE_ARREST",5,0,0,0,0,0,0,0,5,500,0,0,500,500,500,500
"Global random","CASP3 activation","PROLIFERATION",5,0,0,0,0,0,0,0,5,500,0,0,500,500,500,500
"Global random","CASP3 activation","PYROPTOSIS",5,0,0,0,0,0,0,0,5,500,0,0,500,500,500,500
"Global random","CASP3 activation","RESISTANCE",5,0.9128,0.0084380092438916,0.00377359245282264,0.902322827705349,0.923277172294651,0.898,0.918,5,500,0,0,500,500,500,500
"Global random","MALAT1 inhibition","APOPTOSIS",5,0.599024834814309,0.0522106949193607,0.0233493325984387,0.534196694611738,0.663852975016879,0.552631578947368,0.685714285714286,5,38.2,3.4928498393146,1.56204993518133,33.8630541033913,42.5369458966087,35,44
"Global random","MALAT1 inhibition","CELL_CYCLE_ARREST",5,0.0624918356497304,0.0109214087329867,0.00488420246740364,0.0489311156163126,0.0760525556831482,0.0526315789473684,0.0789473684210526,5,38.2,3.4928498393146,1.56204993518133,33.8630541033913,42.5369458966087,35,44
"Global random","MALAT1 inhibition","PROLIFERATION",5,0,0,0,0,0,0,0,5,38.2,3.4928498393146,1.56204993518133,33.8630541033913,42.5369458966087,35,44
"Global random","MALAT1 inhibition","PYROPTOSIS",5,0,0,0,0,0,0,0,5,38.2,3.4928498393146,1.56204993518133,33.8630541033913,42.5369458966087,35,44
"Global random","MALAT1 inhibition","RESISTANCE",5,0.338483329535961,0.0465573564002339,0.0208210827527216,0.280674736242249,0.396291922829673,0.257142857142857,0.368421052631579,5,38.2,3.4928498393146,1.56204993518133,33.8630541033913,42.5369458966087,35,44
"Global random","miR-204-5p activation","APOPTOSIS",5,0.690817690352896,0.0339869735372347,0.0151994366357487,0.648617288903808,0.733018091801985,0.636363636363636,0.721518987341772,5,247.8,9.93478736561583,4.44297197830461,235.464332198305,260.135667801695,237,256
"Global random","miR-204-5p activation","CELL_CYCLE_ARREST",5,0.309182309647104,0.0339869735372348,0.0151994366357487,0.266981908198016,0.351382711096192,0.278481012658228,0.363636363636364,5,247.8,9.93478736561583,4.44297197830461,235.464332198305,260.135667801695,237,256
"Global random","miR-204-5p activation","PROLIFERATION",5,0,0,0,0,0,0,0,5,247.8,9.93478736561583,4.44297197830461,235.464332198305,260.135667801695,237,256
"Global random","miR-204-5p activation","PYROPTOSIS",5,0,0,0,0,0,0,0,5,247.8,9.93478736561583,4.44297197830461,235.464332198305,260.135667801695,237,256
"Global random","miR-204-5p activation","RESISTANCE",5,0,0,0,0,0,0,0,5,247.8,9.93478736561583,4.44297197830461,235.464332198305,260.135667801695,237,256
"Global random","SIRT1 inhibition","APOPTOSIS",5,0.942228824865695,0.0190828082939829,0.00853409130938849,0.918534388822433,0.965923260908958,0.91792656587473,0.958963282937365,5,460.6,3.36154726279432,1.50332963783729,456.426087785528,464.773912214472,456,463
"Global random","SIRT1 inhibition","CELL_CYCLE_ARREST",5,0.0577711751343046,0.0190828082939828,0.00853409130938848,0.0340767390910419,0.0814656111775673,0.041036717062635,0.08207343412527,5,460.6,3.36154726279432,1.50332963783729,456.426087785528,464.773912214472,456,463
"Global random","SIRT1 inhibition","PROLIFERATION",5,0,0,0,0,0,0,0,5,460.6,3.36154726279432,1.50332963783729,456.426087785528,464.773912214472,456,463
"Global random","SIRT1 inhibition","PYROPTOSIS",5,0,0,0,0,0,0,0,5,460.6,3.36154726279432,1.50332963783729,456.426087785528,464.773912214472,456,463
"Global random","SIRT1 inhibition","RESISTANCE",5,0,0,0,0,0,0,0,5,460.6,3.36154726279432,1.50332963783729,456.426087785528,464.773912214472,456,463
"Resistant-local","BAX activation","APOPTOSIS",5,0.46,0.3112698007981,0.139204086785474,0.0735074946209419,0.846492505379058,0,0.8,5,2.8,1.48323969741913,0.66332495807108,0.958314667008018,4.64168533299198,1,5
"Resistant-local","BAX activation","CELL_CYCLE_ARREST",5,0,0,0,0,0,0,0,5,2.8,1.48323969741913,0.66332495807108,0.958314667008018,4.64168533299198,1,5
"Resistant-local","BAX activation","PROLIFERATION",5,0,0,0,0,0,0,0,5,2.8,1.48323969741913,0.66332495807108,0.958314667008018,4.64168533299198,1,5
"Resistant-local","BAX activation","PYROPTOSIS",5,0,0,0,0,0,0,0,5,2.8,1.48323969741913,0.66332495807108,0.958314667008018,4.64168533299198,1,5
"Resistant-local","BAX activation","RESISTANCE",5,0.54,0.3112698007981,0.139204086785474,0.153507494620942,0.926492505379058,0.2,1,5,2.8,1.48323969741913,0.66332495807108,0.958314667008018,4.64168533299198,1,5
"Resistant-local","CASP3 activation","APOPTOSIS",5,1,0,0,1,1,1,1,5,500,0,0,500,500,500,500
"Resistant-local","CASP3 activation","CELL_CYCLE_ARREST",5,0,0,0,0,0,0,0,5,500,0,0,500,500,500,500
"Resistant-local","CASP3 activation","PROLIFERATION",5,0,0,0,0,0,0,0,5,500,0,0,500,500,500,500
"Resistant-local","CASP3 activation","PYROPTOSIS",5,0,0,0,0,0,0,0,5,500,0,0,500,500,500,500
"Resistant-local","CASP3 activation","RESISTANCE",5,0.996,0.00469041575982343,0.0020976176963403,0.99017607961442,1.00182392038558,0.988,1,5,500,0,0,500,500,500,500
"Resistant-local","MALAT1 inhibition","APOPTOSIS",5,0.802380952380952,0.120702779577491,0.0539799240416887,0.652508656496457,0.952253248265448,0.714285714285714,1,5,5.2,2.16794833886788,0.969535971483266,2.5081365976621,7.8918634023379,2,7
"Resistant-local","MALAT1 inhibition","CELL_CYCLE_ARREST",5,0.0333333333333333,0.074535599249993,0.0333333333333333,-0.0592148368399264,0.125881503506593,0,0.166666666666667,5,5.2,2.16794833886788,0.969535971483266,2.5081365976621,7.8918634023379,2,7
"Resistant-local","MALAT1 inhibition","PROLIFERATION",5,0,0,0,0,0,0,0,5,5.2,2.16794833886788,0.969535971483266,2.5081365976621,7.8918634023379,2,7
"Resistant-local","MALAT1 inhibition","PYROPTOSIS",5,0,0,0,0,0,0,0,5,5.2,2.16794833886788,0.969535971483266,2.5081365976621,7.8918634023379,2,7
"Resistant-local","MALAT1 inhibition","RESISTANCE",5,0.164285714285714,0.150678736498064,0.06738557951469,-0.0228066481187635,0.351378076690192,0,0.285714285714286,5,5.2,2.16794833886788,0.969535971483266,2.5081365976621,7.8918634023379,2,7
"Resistant-local","miR-204-5p activation","APOPTOSIS",5,0.907254430855206,0.0305066054753368,0.0136429687211241,0.869375477129075,0.945133384581338,0.857758620689655,0.940944881889764,5,257.2,21.8105479069188,9.75397354927724,230.11862788288,284.28137211712,232,280
"Resistant-local","miR-204-5p activation","CELL_CYCLE_ARREST",5,0.0927455691447936,0.0305066054753367,0.013642968721124,0.0548666154186621,0.130624522870925,0.0590551181102362,0.142241379310345,5,257.2,21.8105479069188,9.75397354927724,230.11862788288,284.28137211712,232,280
"Resistant-local","miR-204-5p activation","PROLIFERATION",5,0,0,0,0,0,0,0,5,257.2,21.8105479069188,9.75397354927724,230.11862788288,284.28137211712,232,280
"Resistant-local","miR-204-5p activation","PYROPTOSIS",5,0,0,0,0,0,0,0,5,257.2,21.8105479069188,9.75397354927724,230.11862788288,284.28137211712,232,280
"Resistant-local","miR-204-5p activation","RESISTANCE",5,0,0,0,0,0,0,0,5,257.2,21.8105479069188,9.75397354927724,230.11862788288,284.28137211712,232,280
"Resistant-local","SIRT1 inhibition","APOPTOSIS",5,0.978897564900505,0.00489985478798855,0.00219128167716405,0.972813591613834,0.984981538187177,0.97286012526096,0.985537190082645,5,483.2,6.45755371638518,2.88790581563873,475.181888033898,491.218111966102,476,493
"Resistant-local","SIRT1 inhibition","CELL_CYCLE_ARREST",5,0.0211024350994947,0.00489985478798855,0.00219128167716404,0.015018461812823,0.0271864083861664,0.0144628099173554,0.0271398747390397,5,483.2,6.45755371638518,2.88790581563873,475.181888033898,491.218111966102,476,493
"Resistant-local","SIRT1 inhibition","PROLIFERATION",5,0,0,0,0,0,0,0,5,483.2,6.45755371638518,2.88790581563873,475.181888033898,491.218111966102,476,493
"Resistant-local","SIRT1 inhibition","PYROPTOSIS",5,0,0,0,0,0,0,0,5,483.2,6.45755371638518,2.88790581563873,475.181888033898,491.218111966102,476,493
"Resistant-local","SIRT1 inhibition","RESISTANCE",5,0,0,0,0,0,0,0,5,483.2,6.45755371638518,2.88790581563873,475.181888033898,491.218111966102,476,493
